Godot Engine v4.7.2.stable.official.ed1daf0bf - https://godotengine.org

---  GUT  ---
[1m[INFO]:  [0musing [C:/Users/Zachary/AppData/Roaming/Godot/app_userdata/Nanjiang Smoke] for temporary output.
Godot version:  4.7.2
GUT version:  9.6.1
[4m

res://tests/unit/test_action_preview_service.gd
[0m* test_exchange_preview_keeps_missing_input_visible_without_mutating_state
[32m    [Passed] [0m
[32m    [Passed]:  [0mExpected '缂哄皯瀵昏抗鐪艰泭銆佺煶鐢茶泭銆? to contain '瀵昏抗鐪艰泭', match_case=true
[1m    [INFO]:  [0mArray/Dictionary compared by value.  Use assert_same to compare references.  Use assert_eq_deep to see diff when failing.
[32m    [Passed]:  [0mARRAY(["trail_eye_gu", "stone_shell_gu"]) == ARRAY(["trail_eye_gu", "stone_shell_gu"])  
[1m    [INFO]:  [0mArray/Dictionary compared by value.  Use assert_same to compare references.  Use assert_eq_deep to see diff when failing.
[32m    [Passed]:  [0mARRAY(["鑾峰緱闆炬铔娿€?]) == ARRAY(["鑾峰緱闆炬铔娿€?])  
[32m    [Passed] [0m
[32m    [Passed]:  [0m[1] expected to equal [1]:  
[1m    [INFO]:  [0mArray/Dictionary compared by value.  Use assert_same to compare references.  Use assert_eq_deep to see diff when failing.
[32m    [Passed]:  [0mARRAY(["small_light_gu"]) == ARRAY(["small_light_gu"])  
* test_refinement_preview_exposes_recipe_rate_and_destroy_risk
[32m    [Passed] [0m
[32m    [Passed]:  [0m[70] expected to equal [70]:  
[1m    [INFO]:  [0mArray/Dictionary compared by value.  Use assert_same to compare references.  Use assert_eq_deep to see diff when failing.
[32m    [Passed]:  [0mARRAY(["small_light_gu", "trail_eye_gu"]) == ARRAY(["small_light_gu", "trail_eye_gu"])  
[1m    [INFO]:  [0mArray/Dictionary compared by value.  Use assert_same to compare references.  Use assert_eq_deep to see diff when failing.
[32m    [Passed]:  [0mARRAY(["鑾峰緱鑴夊啿榧撹泭銆?]) == ARRAY(["鑾峰緱鑴夊啿榧撹泭銆?])  
[32m    [Passed]:  [0mExpected '澶辫触浼氭崯姣佽緭鍏ヨ泭铏細灏忓厜铔娿€佸杩圭溂铔娿€? to contain '鎹熸瘉', match_case=true
[32m    [Passed]:  [0m["鐐煎埗鎴愯触鏈畾銆?] expected to equal ["鐐煎埗鎴愯触鏈畾銆?]:  
[32m    [Passed] [0m
* test_cultivation_preview_reports_stone_shortfall_and_remedy
[32m    [Passed] [0m
[32m    [Passed]:  [0mExpected '鍏冪煶涓嶈冻锛氶渶瑕?5 鏋氾紝杩樺樊 2 鏋氥€? to contain '杩樺樊 2', match_case=true
[32m    [Passed]:  [0m[5] expected to equal [5]:  
[32m    [Passed] [0m
* test_ledger_preview_offers_debt_when_payment_is_blocked
[32m    [Passed] [0m
[32m    [Passed]:  [0mExpected '鍏冪煶涓嶈冻锛氶渶瑕?1 鏋氾紝杩樺樊 1 鏋氥€? to contain '鍏冪煶涓嶈冻', match_case=true
[32m    [Passed] [0m
[1m    [INFO]:  [0mArray/Dictionary compared by value.  Use assert_same to compare references.  Use assert_eq_deep to see diff when failing.
[32m    [Passed]:  [0mARRAY(["浠ュ晢闃熶汉鎯呯粨娓呮湰闃舵鍏昏泭鎬昏处銆?]) == ARRAY(["浠ュ晢闃熶汉鎯呯粨娓呮湰闃舵鍏昏泭鎬昏处銆?])  
* test_battle_preview_shows_known_reaction_risk_without_revealing_hidden_counter
[32m    [Passed]:  [0m[1] expected to equal [1]:  
[32m    [Passed]:  [0mExpected '瀵规柟鑴氫笅鐭崇矇鏈暎锛岀洿鎺ユ敾浼愬彲鑳介伃閬囧凡鐭ョ殑鎶よ韩鍙嶅埗銆? to contain '鐭崇矇', match_case=true
[32m    [Passed]:  [0mExpected '閮ㄥ垎鏁堟灉浼氬彈鏁屾柟鐘舵€佸拰鏈毚闇插悗鎵嬪奖鍝嶃€? to contain '鏈毚闇?, match_case=true
[32m    [Passed] [0m
* test_battle_preview_blocks_gu_when_essence_is_insufficient
[32m    [Passed] [0m
[32m    [Passed]:  [0mExpected '鐪熷厓涓嶈冻锛氶渶瑕?1 鐐癸紝褰撳墠浠呮湁 0 鐐广€? to contain '鐪熷厓涓嶈冻', match_case=true
* test_preview_uses_display_text_as_the_single_name_source
[32m    [Passed]:  [0m["琛€鑻旇泭"] expected to equal ["琛€鑻旇泭"]:  
[32m    [Passed]:  [0m["鎺㈡煡"] expected to equal ["鎺㈡煡"]:  
* test_body_imprint_preview_blocks_the_imprint_already_taken_by_resolver
[32m    [Passed] [0m
[32m    [Passed]:  [0mExpected '浣犲凡缁忔壙鍙楅搧楠ㄤ綋鍗帮紝鏃犳硶閲嶅鍙栧緱銆? to contain '閾侀浣撳嵃', match_case=true
[32m    [Passed] [0m
* test_standard_action_preview_exposes_declared_effects_before_submission
[1m    [INFO]:  [0mArray/Dictionary compared by value.  Use assert_same to compare references.  Use assert_eq_deep to see diff when failing.
[32m    [Passed]:  [0mARRAY(["鑾峰緱鍙敤浜庡崌浠欑殑鍦扮偣銆?]) == ARRAY(["鑾峰緱鍙敤浜庡崌浠欑殑鍦扮偣銆?])  
[1m    [INFO]:  [0mArray/Dictionary compared by value.  Use assert_same to compare references.  Use assert_eq_deep to see diff when failing.
[32m    [Passed]:  [0mARRAY(["瀹夊叏鏀舵墜锛屼繚鐣欏綋鍓嶈祫婧愪笌鎯呮姤銆?]) == ARRAY(["瀹夊叏鏀舵墜锛屼繚鐣欏綋鍓嶈祫婧愪笌鎯呮姤銆?])  
[32m    [Passed]:  [0mExpected '["鏀惧純姝ゅ鏈虹紭锛屼箣鍚庢棤娉曞啀浠庡綋鍓嶈矾绾垮彇寰椼€?]' to contain '鏀惧純', match_case=true
* test_ascension_attempt_preview_uses_chinese_title_and_public_conditions
[32m    [Passed]:  [0m["鍐插嚮鍗囦粰"] expected to equal ["鍐插嚮鍗囦粰"]:  
[32m    [Passed]:  [0mExpected '["涓€鏃﹁笍鍏ュ崌浠欒€冮獙渚夸笉鍙€嗚浆锛屾垚璐ラ兘浼氱暀涓嬬粓灞€鍚庢灉銆?]' to contain '涓嶅彲閫?, match_case=true
[32m    [Passed] [0m
* test_caravan_dispute_previews_social_actions_instead_of_market_offers
[1m    [INFO]:  [0mArray/Dictionary compared by value.  Use assert_same to compare references.  Use assert_eq_deep to see diff when failing.
[32m    [Passed]:  [0mDICTIONARY({ "type": "choose_action", "action_id": "probe", "npc_id": "caravan_steward" }) == DICTIONARY({ "type": "choose_action", "action_id": "probe", "npc_id": "caravan_steward" })  
[32m    [Passed] [0m
[32m    [Passed]:  [0mExpected '绠′簨灏氭湭纭璐﹀唽璇佹嵁锛屾棤娉曚互姝ゆ彁鍑轰氦鏄撱€? to contain '璐﹀唽璇佹嵁', match_case=true
[1m    [INFO]:  [0mArray/Dictionary compared by value.  Use assert_same to compare references.  Use assert_eq_deep to see diff when failing.
[32m    [Passed]:  [0mDICTIONARY({ "type": "choose_action", "action_id": "fight", "npc_id": "caravan_steward" }) == DICTIONARY({ "type": "choose_action", "action_id": "fight", "npc_id": "caravan_steward" })  
[32m    [Passed]:  [0mExpected '["鏂楄泭澶辫触浼氬綋鍦烘浜★紝鏈眬缁撴潫銆?, "瀵规柟鍙兘浠嶈棌鏈夋湭鏆撮湶鐨勬姢韬垨鍙嶅埗铔婅櫕銆?]' to contain '姝讳骸', match_case=true
[32m    [Passed] [0m
* test_caravan_dispute_trade_unlocks_after_probe_exposes_evidence
[32m    [Passed] [0m
[32m    [Passed]:  [0m["ledger_evidence"] expected to equal ["ledger_evidence"]:  
[1m12/12 passed.
[0m[4m

res://tests/unit/test_aptitude_market.gd
[0m* test_aptitude_paths_are_present_and_valid
[1m    [INFO]:  [0mArray/Dictionary compared by value.  Use assert_same to compare references.  Use assert_eq_deep to see diff when failing.
[32m    [Passed]:  [0mARRAY([]) == ARRAY([])  
[32m    [Passed]:  [0m[1] expected to equal [1]:  
[32m    [Passed]:  [0m["essence_refinement"] expected to equal ["essence_refinement"]:  
[32m    [Passed] [0m
* test_raise_aptitude_lifts_bing_to_yi_and_refreshes_essence_max
[32m    [Passed] [0m
[32m    [Passed]:  [0m["yi"] expected to equal ["yi"]:  
[32m    [Passed]:  [0m[20] expected to equal [20]:  
[32m    [Passed]:  [0m[2] expected to equal [2]:  
[32m    [Passed] [0m
[32m    [Passed]:  [0m["aptitude_raised"] expected to equal ["aptitude_raised"]:  
* test_raise_aptitude_once_per_run
[32m    [Passed] [0m
[32m    [Passed] [0m
[32m    [Passed]:  [0m["aptitude_raised_once"] expected to equal ["aptitude_raised_once"]:  
* test_raise_aptitude_rejects_death_deal_and_wrong_nodes
[32m    [Passed] [0m
[32m    [Passed]:  [0m["lifespan_trade_warning"] expected to equal ["lifespan_trade_warning"]:  
[32m    [Passed] [0m
[32m    [Passed]:  [0m["aptitude_path_unavailable"] expected to equal ["aptitude_path_unavailable"]:  
* test_preview_shows_aptitude_card_only_at_path_nodes
[32m    [Passed] [0m
[32m    [Passed] [0m
[32m    [Passed]:  [0m["shop.soul_pill"] expected to not equal ["raise_aptitude"]:  
[32m    [Passed]:  [0m["shop.purchase.stone_shell"] expected to not equal ["raise_aptitude"]:  
[32m    [Passed]:  [0m["shop.purchase.moonlight"] expected to not equal ["raise_aptitude"]:  
[32m    [Passed]:  [0m["shop.lifespan.pulse_drum"] expected to not equal ["raise_aptitude"]:  
[32m    [Passed]:  [0m["shop.barter.unknown_gu"] expected to not equal ["raise_aptitude"]:  
[32m    [Passed]:  [0m["shop.wash.notoriety"] expected to not equal ["raise_aptitude"]:  
[32m    [Passed]:  [0m["node.leave"] expected to not equal ["raise_aptitude"]:  
* test_market_revisit_raises_prices_and_lowers_sell_offers
[32m    [Passed]:  [0m[8] expected to equal [8]:  
[32m    [Passed]:  [0m[10] expected to equal [10]:  
[32m    [Passed]:  [0m[1] expected to equal [1]:  
* test_market_visits_are_counted_on_begin
[32m    [Passed]:  [0m[1] expected to equal [1]:  
[32m    [Passed]:  [0m["encounter_started"] expected to equal ["encounter_started"]:  
[1m7/7 passed.
[0m[4m

res://tests/unit/test_b3_experience_gaps.gd
[0m* test_run_end_outcome_maps_three_outcomes
[32m    [Passed]:  [0m["won"] expected to equal ["won"]:  
[32m    [Passed]:  [0m["risky"] expected to equal ["risky"]:  
[32m    [Passed]:  [0m["dead"] expected to equal ["dead"]:  
* test_meta_counts_risky_run
[32m    [Passed]:  [0m[1] expected to equal [1]:  
[32m    [Passed]:  [0m[0] expected to equal [0]:  
[32m    [Passed]:  [0m[0] expected to equal [0]:  
* test_scavenged_recipe_reaches_global_meta_codex
[32m    [Passed] [0m
* test_combat_nodes_carry_valid_enemy_kind
[1m    [INFO]:  [0mArray/Dictionary compared by value.  Use assert_same to compare references.  Use assert_eq_deep to see diff when failing.
[32m    [Passed]:  [0mARRAY([]) == ARRAY([])  
[32m    [Passed]:  [0mcombat node beast_swarm_pass needs enemy_kind
[32m    [Passed]:  [0mcombat node beast_swarm_pass references unknown enemy ridge_hound
[32m    [Passed]:  [0mcombat node greedy_wanderer needs enemy_kind
[32m    [Passed]:  [0mcombat node greedy_wanderer references unknown enemy thunder_crown_wolf
[32m    [Passed]:  [0mcombat node faction_guard_checkpoint needs enemy_kind
[32m    [Passed]:  [0mcombat node faction_guard_checkpoint references unknown enemy faction_guard
[32m    [Passed]:  [0mcombat node final_boss_stand needs enemy_kind
[32m    [Passed]:  [0mcombat node final_boss_stand references unknown enemy miasma_vein_lord
* test_battle_view_shows_intent_speed
[32m    [Passed]:  [0mintent speed must be visible on the battle view
* test_battle_view_shows_first_battle_tip_once
[32m    [Passed]:  [0mfirst battle must show guidance
[32m    [Passed]:  [0mlater battles must not repeat guidance
* test_shop_preview_offers_material_sell_cards
[32m    [Passed] [0m
[32m    [Passed]:  [0m["sell_material"] expected to equal ["sell_material"]:  
[32m    [Passed]:  [0mshop must offer a sell card for owned materials
* test_preview_scavenge_card_after_boss_defeat
[1m    [INFO]:  [0mArray/Dictionary compared by value.  Use assert_same to compare references.  Use assert_eq_deep to see diff when failing.
[32m    [Passed]:  [0mARRAY([]) == ARRAY([])  
[32m    [Passed] [0m
[32m    [Passed] [0m
[1m8/8 passed.
[0m[4m

res://tests/unit/test_b4_stance_soul.gd
[0m* test_zero_notoriety_starts_neutral_stance
[32m    [Passed]:  [0m["neutral"] expected to equal ["neutral"]:  
* test_high_notoriety_forces_hostile_or_extreme_stance
[32m    [Passed]:  [0mgot stance hostile
[32m    [Passed] [0m
* test_same_seed_reproduces_same_stance
[32m    [Passed]:  [0m["neutral"] expected to equal ["neutral"]:  
* test_extreme_stance_blocks_leaving
[32m    [Passed] [0m
[32m    [Passed]:  [0m["feud_no_escape"] expected to equal ["feud_no_escape"]:  
* test_extreme_stance_disables_non_fight_cards
[32m    [Passed]:  [0mnon-fight card node.probe must be disabled
[32m    [Passed]:  [0mnon-fight card node.fight must be disabled
[32m    [Passed] [0m
* test_probe_procures_weakness_fact
[32m    [Passed] [0m
* test_soul_pill_boosts_soul_and_pays_stone
[32m    [Passed] [0m
[32m    [Passed]:  [0m[3] expected to equal [3]:  
[32m    [Passed]:  [0m[4] expected to equal [4]:  
* test_soul_pill_rejects_full_soul
[32m    [Passed] [0m
[32m    [Passed]:  [0m["soul_at_max"] expected to equal ["soul_at_max"]:  
* test_shop_preview_shows_soul_pill_card
[32m    [Passed] [0m
[32m    [Passed] [0m
[1m9/9 passed.
[0m[4m

res://tests/unit/test_b5_content_expansion.gd
[0m* test_new_enemies_pass_validation_and_start_battles
[1m    [INFO]:  [0mArray/Dictionary compared by value.  Use assert_same to compare references.  Use assert_eq_deep to see diff when failing.
[32m    [Passed]:  [0mARRAY([]) == ARRAY([])  
[32m    [Passed] [0m
[32m    [Passed] [0m
[32m    [Passed] [0m
[32m    [Passed] [0m
[32m    [Passed]:  [0m["iron_hide_boar"] expected to equal ["iron_hide_boar"]:  
[32m    [Passed] [0m
[32m    [Passed] [0m
[32m    [Passed] [0m
[32m    [Passed] [0m
[32m    [Passed]:  [0m["thunder_crown_wolf"] expected to equal ["thunder_crown_wolf"]:  
* test_greedy_wanderer_now_faces_thunder_crown_wolf
[32m    [Passed]:  [0m["thunder_crown_wolf"] expected to equal ["thunder_crown_wolf"]:  
[32m    [Passed]:  [0mgreedy_wanderer node missing from catalog
* test_new_cards_play_with_expected_effects
[32m    [Passed] [0m
[32m    [Passed]:  [0m[1] expected to equal [1]:  
[32m    [Passed]:  [0m[1] expected to equal [1]:  
[32m    [Passed]:  [0m[2] expected to equal [2]:  
* test_card_count_grew_to_nineteen
[32m    [Passed]:  [0m[199] expected to equal [199]:  
[32m    [Passed]:  [0m[200] expected to equal [200]:  
* test_intel_bonus_adds_damage_to_strikes
[32m    [Passed]:  [0m[2] expected to equal [2]:  
[32m    [Passed]:  [0m[1] expected to equal [1]:  
* test_starter_preview_shows_expanded_effect_text
[32m    [Passed] [0m
[1m6/6 passed.
[0m[4m

res://tests/unit/test_basic_actions.gd
[0m* test_punch_works_with_zero_essence_and_empty_hand
[32m    [Passed] [0m
[32m    [Passed]:  [0m[2] expected to equal [2]:  
[32m    [Passed]:  [0m["battle_basic_attack"] expected to equal ["battle_basic_attack"]:  
* test_punch_does_not_touch_hand_version_or_soul
[32m    [Passed]:  [0m[0] expected to equal [0]:  
[32m    [Passed]:  [0m[4] expected to equal [4]:  
* test_punch_triggers_known_reaction_like_direct_strike
[32m    [Passed] [0m
[32m    [Passed]:  [0m[4] expected to equal [4]:  
* test_dodge_exempts_slower_attack_and_is_consumed
[32m    [Passed] [0m
[32m    [Passed] [0m
[32m    [Passed]:  [0m[6] expected to equal [6]:  
[32m    [Passed] [0m
[32m    [Passed] [0m
* test_dodge_fails_against_faster_attack
[32m    [Passed]:  [0m[3] expected to equal [3]:  
[32m    [Passed] [0m
* test_dodge_flag_is_consumed_by_the_next_attack_only
[32m    [Passed]:  [0m[3] expected to equal [3]:  
* test_dodge_can_be_readied_repeatedly_without_cost
[32m    [Passed] [0m
[32m    [Passed]:  [0m["battle_basic_dodge"] expected to equal ["battle_basic_dodge"]:  
[1m7/7 passed.
[0m[4m

res://tests/unit/test_battle_loop.gd
[0m* test_stone_wanderer_exposes_intent_and_visible_clues
[32m    [Passed]:  [0m["player"] expected to equal ["player"]:  
[32m    [Passed]:  [0m["stone_palm"] expected to equal ["stone_palm"]:  
[32m    [Passed] [0m
[32m    [Passed] [0m
* test_direct_strike_triggers_stone_shell_before_damage
[32m    [Passed]:  [0m[4] expected to equal [4]:  
[32m    [Passed] [0m
[32m    [Passed]:  [0m["stone_shell"] expected to equal ["stone_shell"]:  
* test_bind_then_strike_bypasses_stone_shell_and_kills_wounded_enemy
[32m    [Passed] [0m
[32m    [Passed]:  [0m["victory"] expected to equal ["victory"]:  
[32m    [Passed]:  [0m[0] expected to equal [0]:  
* test_end_turn_executes_visible_lethal_intent_and_records_death
[32m    [Passed] [0m
[32m    [Passed]:  [0m["death"] expected to equal ["death"]:  
[32m    [Passed]:  [0m[0] expected to equal [0]:  
[32m    [Passed]:  [0m["pounce"] expected to equal ["pounce"]:  
[1m4/4 passed.
[0m[4m

res://tests/unit/test_battle_resolver.gd
[0m* test_small_light_gu_spends_essence_and_reveals_hidden_enemy_bonus
[32m    [Passed]:  [0m[2] expected to equal [2]:  
[32m    [Passed] [0m
[32m    [Passed]:  [0m["ongoing"] expected to equal ["ongoing"]:  
* test_retreat_is_available_but_costs_a_declared_resource
[32m    [Passed]:  [0m["retreated"] expected to equal ["retreated"]:  
[32m    [Passed]:  [0m[3] expected to equal [3]:  
[32m    [Passed]:  [0m["battle_retreat_stone_cost"] expected to equal ["battle_retreat_stone_cost"]:  
* test_moonlit_trace_requires_equipped_condition_and_applies_reveal_buff
[32m    [Passed] [0m
[32m    [Passed]:  [0m[1] expected to equal [1]:  
[32m    [Passed] [0m
* test_contest_battle_can_end_by_delaying_enemy_without_killing
[32m    [Passed] [0m
[32m    [Passed]:  [0m["victory"] expected to equal ["victory"]:  
[32m    [Passed]:  [0m[2] expected to equal [2]:  
* test_declared_irreversible_hazard_is_only_source_of_lethal_result
[32m    [Passed]:  [0m["ongoing"] expected to not equal ["dead"]:  
[1m5/5 passed.
[0m[4m

res://tests/unit/test_boss_gate.gd
[0m* test_ascension_rejected_without_boss_defeated
[32m    [Passed] [0m
[32m    [Passed]:  [0m["boss_undefeated"] expected to equal ["boss_undefeated"]:  
[1m    [INFO]:  [0mArray/Dictionary compared by value.  Use assert_same to compare references.  Use assert_eq_deep to see diff when failing.
[32m    [Passed]:  [0mDICTIONARY({ "aperture_foundation": true, "heaven_earth_qi": true, "site": true, "protecti...: false }) == DICTIONARY({ "aperture_foundation": true, "heaven_earth_qi": true, "site": true, "protecti...: false })  
* test_record_boss_defeated_sets_flag_and_logs_event
[32m    [Passed] [0m
[32m    [Passed]:  [0m["true"] expected to equal ["true"]:  
[32m    [Passed]:  [0m["boss_defeated_recorded"] expected to equal ["boss_defeated_recorded"]:  
* test_ascension_allowed_after_boss_defeated
[32m    [Passed] [0m
[32m    [Passed] [0m
* test_preview_blocks_ascension_card_without_boss
[32m    [Passed] [0m
[32m    [Passed]:  [0mExpected '缁堝眬寮烘晫鏈櫎锛屽崌浠欑獥鍙ｅ皻涓嶅畨鍏ㄣ€? to contain '缁堝眬寮烘晫', match_case=true
[32m    [Passed] [0m
[1m4/4 passed.
[0m[4m

res://tests/unit/test_caravan_negotiation.gd
[0m* test_caravan_can_resolve_without_battle_using_evidence_and_trade
[32m    [Passed] [0m
[32m    [Passed]:  [0m["helpful"] expected to equal ["helpful"]:  
[32m    [Passed] [0m
[32m    [Passed]:  [0m["caravan_trade_evidence"] expected to equal ["caravan_trade_evidence"]:  
* test_injury_reaction_exploit_changes_offer_but_not_will_gate
[32m    [Passed]:  [0m["exploit"] expected to equal ["exploit"]:  
[32m    [Passed] [0m
* test_leaving_caravan_preserves_life_and_adds_suspicion
[32m    [Passed] [0m
[32m    [Passed]:  [0m["suspicious"] expected to equal ["suspicious"]:  
[32m    [Passed] [0m
* test_three_caravan_actions_trigger_reinforcement_outcome
[32m    [Passed] [0m
[32m    [Passed]:  [0m[0] expected to equal [0]:  
* test_social_resolution_does_not_embed_dialogue_payload
[32m    [Passed] [0m
[32m    [Passed]:  [0m["probe"] expected to equal ["probe"]:  
[32m    [Passed] [0m
* test_template_gateway_rejects_unknown_intent
[32m    [Passed]:  [0m["clarify"] expected to equal ["clarify"]:  
[32m    [Passed] [0m
[1m6/6 passed.
[0m[4m

res://tests/unit/test_catalog_expansion.gd
[0m* test_total_gu_is_200
[32m    [Passed]:  [0m[200] expected to equal [200]:  
* test_each_school_has_40_gu
[32m    [Passed]:  [0m[40] expected to equal [40]:  school blood
[32m    [Passed]:  [0m[40] expected to equal [40]:  school qi
[32m    [Passed]:  [0m[40] expected to equal [40]:  school force
[32m    [Passed]:  [0m[40] expected to equal [40]:  school soul
[32m    [Passed]:  [0m[40] expected to equal [40]:  school refine
* test_per_school_rarity_targets_met
[32m    [Passed]:  [0m[24] expected to equal [24]:  blood common
[32m    [Passed]:  [0m[12] expected to equal [12]:  blood rare
[32m    [Passed]:  [0m[4] expected to equal [4]:  blood epic
[32m    [Passed]:  [0m[24] expected to equal [24]:  qi common
[32m    [Passed]:  [0m[12] expected to equal [12]:  qi rare
[32m    [Passed]:  [0m[4] expected to equal [4]:  qi epic
[32m    [Passed]:  [0m[24] expected to equal [24]:  force common
[32m    [Passed]:  [0m[12] expected to equal [12]:  force rare
[32m    [Passed]:  [0m[4] expected to equal [4]:  force epic
[32m    [Passed]:  [0m[24] expected to equal [24]:  soul common
[32m    [Passed]:  [0m[12] expected to equal [12]:  soul rare
[32m    [Passed]:  [0m[4] expected to equal [4]:  soul epic
[32m    [Passed]:  [0m[24] expected to equal [24]:  refine common
[32m    [Passed]:  [0m[12] expected to equal [12]:  refine rare
[32m    [Passed]:  [0m[4] expected to equal [4]:  refine epic
* test_no_duplicate_ids_in_real_catalog
[33m    [Risky]:  [0mtest_no_duplicate_ids_in_real_catalog did not assert
* test_validate_flags_synthetic_duplicate_gu_id
[32m    [Passed] [0m
* test_every_generated_gu_is_data_driven_with_one_card
[32m    [Passed]:  [0m[1] expected to equal [1]:  gu gen_blood_attack_001_gu
[32m    [Passed]:  [0mgu gen_blood_attack_001_gu blueprint exists
[32m    [Passed]:  [0mcard gen_blood_attack_001_card back-references gu
[32m    [Passed]:  [0m[1] expected to equal [1]:  gu gen_blood_attack_002_gu
[32m    [Passed]:  [0mgu gen_blood_attack_002_gu blueprint exists
[32m    [Passed]:  [0mcard gen_blood_attack_002_card back-references gu
[32m    [Passed]:  [0m[1] expected to equal [1]:  gu gen_blood_defense_003_gu
[32m    [Passed]:  [0mgu gen_blood_defense_003_gu blueprint exists
[32m    [Passed]:  [0mcard gen_blood_defense_003_card back-references gu
[32m    [Passed]:  [0m[1] expected to equal [1]:  gu gen_blood_movement_004_gu
[32m    [Passed]:  [0mgu gen_blood_movement_004_gu blueprint exists
[32m    [Passed]:  [0mcard gen_blood_movement_004_card back-references gu
[32m    [Passed]:  [0m[1] expected to equal [1]:  gu gen_blood_healing_005_gu
[32m    [Passed]:  [0mgu gen_blood_healing_005_gu blueprint exists
[32m    [Passed]:  [0mcard gen_blood_healing_005_card back-references gu
[32m    [Passed]:  [0m[1] expected to equal [1]:  gu gen_blood_recon_006_gu
[32m    [Passed]:  [0mgu gen_blood_recon_006_gu blueprint exists
[32m    [Passed]:  [0mcard gen_blood_recon_006_card back-references gu
[32m    [Passed]:  [0m[1] expected to equal [1]:  gu gen_blood_logistics_007_gu
[32m    [Passed]:  [0mgu gen_blood_logistics_007_gu blueprint exists
[32m    [Passed]:  [0mcard gen_blood_logistics_007_card back-references gu
[32m    [Passed]:  [0m[1] expected to equal [1]:  gu gen_blood_attack_008_gu
[32m    [Passed]:  [0mgu gen_blood_attack_008_gu blueprint exists
[32m    [Passed]:  [0mcard gen_blood_attack_008_card back-references gu
[32m    [Passed]:  [0m[1] expected to equal [1]:  gu gen_blood_attack_009_gu
[32m    [Passed]:  [0mgu gen_blood_attack_009_gu blueprint exists
[32m    [Passed]:  [0mcard gen_blood_attack_009_card back-references gu
[32m    [Passed]:  [0m[1] expected to equal [1]:  gu gen_blood_defense_010_gu
[32m    [Passed]:  [0mgu gen_blood_defense_010_gu blueprint exists
[32m    [Passed]:  [0mcard gen_blood_defense_010_card back-references gu
[32m    [Passed]:  [0m[1] expected to equal [1]:  gu gen_blood_movement_011_gu
[32m    [Passed]:  [0mgu gen_blood_movement_011_gu blueprint exists
[32m    [Passed]:  [0mcard gen_blood_movement_011_card back-references gu
[32m    [Passed]:  [0m[1] expected to equal [1]:  gu gen_blood_healing_012_gu
[32m    [Passed]:  [0mgu gen_blood_healing_012_gu blueprint exists
[32m    [Passed]:  [0mcard gen_blood_healing_012_card back-references gu
[32m    [Passed]:  [0m[1] expected to equal [1]:  gu gen_blood_recon_013_gu
[32m    [Passed]:  [0mgu gen_blood_recon_013_gu blueprint exists
[32m    [Passed]:  [0mcard gen_blood_recon_013_card back-references gu
[32m    [Passed]:  [0m[1] expected to equal [1]:  gu gen_blood_logistics_014_gu
[32m    [Passed]:  [0mgu gen_blood_logistics_014_gu blueprint exists
[32m    [Passed]:  [0mcard gen_blood_logistics_014_card back-references gu
[32m    [Passed]:  [0m[1] expected to equal [1]:  gu gen_blood_attack_015_gu
[32m    [Passed]:  [0mgu gen_blood_attack_015_gu blueprint exists
[32m    [Passed]:  [0mcard gen_blood_attack_015_card back-references gu
[32m    [Passed]:  [0m[1] expected to equal [1]:  gu gen_blood_attack_016_gu
[32m    [Passed]:  [0mgu gen_blood_attack_016_gu blueprint exists
[32m    [Passed]:  [0mcard gen_blood_attack_016_card back-references gu
[32m    [Passed]:  [0m[1] expected to equal [1]:  gu gen_blood_defense_017_gu
[32m    [Passed]:  [0mgu gen_blood_defense_017_gu blueprint exists
[32m    [Passed]:  [0mcard gen_blood_defense_017_card back-references gu
[32m    [Passed]:  [0m[1] expected to equal [1]:  gu gen_blood_movement_018_gu
[32m    [Passed]:  [0mgu gen_blood_movement_018_gu blueprint exists
[32m    [Passed]:  [0mcard gen_blood_movement_018_card back-references gu
[32m    [Passed]:  [0m[1] expected to equal [1]:  gu gen_blood_healing_019_gu
[32m    [Passed]:  [0mgu gen_blood_healing_019_gu blueprint exists
[32m    [Passed]:  [0mcard gen_blood_healing_019_card back-references gu
[32m    [Passed]:  [0m[1] expected to equal [1]:  gu gen_blood_recon_020_gu
[32m    [Passed]:  [0mgu gen_blood_recon_020_gu blueprint exists
[32m    [Passed]:  [0mcard gen_blood_recon_020_card back-references gu
[32m    [Passed]:  [0m[1] expected to equal [1]:  gu gen_blood_logistics_021_gu
[32m    [Passed]:  [0mgu gen_blood_logistics_021_gu blueprint exists
[32m    [Passed]:  [0mcard gen_blood_logistics_021_card back-references gu
[32m    [Passed]:  [0m[1] expected to equal [1]:  gu gen_blood_attack_022_gu
[32m    [Passed]:  [0mgu gen_blood_attack_022_gu blueprint exists
[32m    [Passed]:  [0mcard gen_blood_attack_022_card back-references gu
[32m    [Passed]:  [0m[1] expected to equal [1]:  gu gen_blood_attack_023_gu
[32m    [Passed]:  [0mgu gen_blood_attack_023_gu blueprint exists
[32m    [Passed]:  [0mcard gen_blood_attack_023_card back-references gu
[32m    [Passed]:  [0m[1] expected to equal [1]:  gu gen_blood_defense_024_gu
[32m    [Passed]:  [0mgu gen_blood_defense_024_gu blueprint exists
[32m    [Passed]:  [0mcard gen_blood_defense_024_card back-references gu
[32m    [Passed]:  [0m[1] expected to equal [1]:  gu gen_blood_movement_025_gu
[32m    [Passed]:  [0mgu gen_blood_movement_025_gu blueprint exists
[32m    [Passed]:  [0mcard gen_blood_movement_025_card back-references gu
[32m    [Passed]:  [0m[1] expected to equal [1]:  gu gen_blood_healing_026_gu
[32m    [Passed]:  [0mgu gen_blood_healing_026_gu blueprint exists
[32m    [Passed]:  [0mcard gen_blood_healing_026_card back-references gu
[32m    [Passed]:  [0m[1] expected to equal [1]:  gu gen_blood_recon_027_gu
[32m    [Passed]:  [0mgu gen_blood_recon_027_gu blueprint exists
[32m    [Passed]:  [0mcard gen_blood_recon_027_card back-references gu
[32m    [Passed]:  [0m[1] expected to equal [1]:  gu gen_blood_logistics_028_gu
[32m    [Passed]:  [0mgu gen_blood_logistics_028_gu blueprint exists
[32m    [Passed]:  [0mcard gen_blood_logistics_028_card back-references gu
[32m    [Passed]:  [0m[1] expected to equal [1]:  gu gen_blood_attack_029_gu
[32m    [Passed]:  [0mgu gen_blood_attack_029_gu blueprint exists
[32m    [Passed]:  [0mcard gen_blood_attack_029_card back-references gu
[32m    [Passed]:  [0m[1] expected to equal [1]:  gu gen_blood_attack_030_gu
[32m    [Passed]:  [0mgu gen_blood_attack_030_gu blueprint exists
[32m    [Passed]:  [0mcard gen_blood_attack_030_card back-references gu
[32m    [Passed]:  [0m[1] expected to equal [1]:  gu gen_blood_defense_031_gu
[32m    [Passed]:  [0mgu gen_blood_defense_031_gu blueprint exists
[32m    [Passed]:  [0mcard gen_blood_defense_031_card back-references gu
[32m    [Passed]:  [0m[1] expected to equal [1]:  gu gen_blood_movement_032_gu
[32m    [Passed]:  [0mgu gen_blood_movement_032_gu blueprint exists
[32m    [Passed]:  [0mcard gen_blood_movement_032_card back-references gu
[32m    [Passed]:  [0m[1] expected to equal [1]:  gu gen_blood_healing_033_gu
[32m    [Passed]:  [0mgu gen_blood_healing_033_gu blueprint exists
[32m    [Passed]:  [0mcard gen_blood_healing_033_card back-references gu
[32m    [Passed]:  [0m[1] expected to equal [1]:  gu gen_blood_recon_034_gu
[32m    [Passed]:  [0mgu gen_blood_recon_034_gu blueprint exists
[32m    [Passed]:  [0mcard gen_blood_recon_034_card back-references gu
[32m    [Passed]:  [0m[1] expected to equal [1]:  gu gen_qi_logistics_035_gu
[32m    [Passed]:  [0mgu gen_qi_logistics_035_gu blueprint exists
[32m    [Passed]:  [0mcard gen_qi_logistics_035_card back-references gu
[32m    [Passed]:  [0m[1] expected to equal [1]:  gu gen_qi_attack_036_gu
[32m    [Passed]:  [0mgu gen_qi_attack_036_gu blueprint exists
[32m    [Passed]:  [0mcard gen_qi_attack_036_card back-references gu
[32m    [Passed]:  [0m[1] expected to equal [1]:  gu gen_qi_attack_037_gu
[32m    [Passed]:  [0mgu gen_qi_attack_037_gu blueprint exists
[32m    [Passed]:  [0mcard gen_qi_attack_037_card back-references gu
[32m    [Passed]:  [0m[1] expected to equal [1]:  gu gen_qi_defense_038_gu
[32m    [Passed]:  [0mgu gen_qi_defense_038_gu blueprint exists
[32m    [Passed]:  [0mcard gen_qi_defense_038_card back-references gu
[32m    [Passed]:  [0m[1] expected to equal [1]:  gu gen_qi_movement_039_gu
[32m    [Passed]:  [0mgu gen_qi_movement_039_gu blueprint exists
[32m    [Passed]:  [0mcard gen_qi_movement_039_card back-references gu
[32m    [Passed]:  [0m[1] expected to equal [1]:  gu gen_qi_healing_040_gu
[32m    [Passed]:  [0mgu gen_qi_healing_040_gu blueprint exists
[32m    [Passed]:  [0mcard gen_qi_healing_040_card back-references gu
[32m    [Passed]:  [0m[1] expected to equal [1]:  gu gen_qi_recon_041_gu
[32m    [Passed]:  [0mgu gen_qi_recon_041_gu blueprint exists
[32m    [Passed]:  [0mcard gen_qi_recon_041_card back-references gu
[32m    [Passed]:  [0m[1] expected to equal [1]:  gu gen_qi_logistics_042_gu
[32m    [Passed]:  [0mgu gen_qi_logistics_042_gu blueprint exists
[32m    [Passed]:  [0mcard gen_qi_logistics_042_card back-references gu
[32m    [Passed]:  [0m[1] expected to equal [1]:  gu gen_qi_attack_043_gu
[32m    [Passed]:  [0mgu gen_qi_attack_043_gu blueprint exists
[32m    [Passed]:  [0mcard gen_qi_attack_043_card back-references gu
[32m    [Passed]:  [0m[1] expected to equal [1]:  gu gen_qi_attack_044_gu
[32m    [Passed]:  [0mgu gen_qi_attack_044_gu blueprint exists
[32m    [Passed]:  [0mcard gen_qi_attack_044_card back-references gu
[32m    [Passed]:  [0m[1] expected to equal [1]:  gu gen_qi_defense_045_gu
[32m    [Passed]:  [0mgu gen_qi_defense_045_gu blueprint exists
[32m    [Passed]:  [0mcard gen_qi_defense_045_card back-references gu
[32m    [Passed]:  [0m[1] expected to equal [1]:  gu gen_qi_movement_046_gu
[32m    [Passed]:  [0mgu gen_qi_movement_046_gu blueprint exists
[32m    [Passed]:  [0mcard gen_qi_movement_046_card back-references gu
[32m    [Passed]:  [0m[1] expected to equal [1]:  gu gen_qi_healing_047_gu
[32m    [Passed]:  [0mgu gen_qi_healing_047_gu blueprint exists
[32m    [Passed]:  [0mcard gen_qi_healing_047_card back-references gu
[32m    [Passed]:  [0m[1] expected to equal [1]:  gu gen_qi_recon_048_gu
[32m    [Passed]:  [0mgu gen_qi_recon_048_gu blueprint exists
[32m    [Passed]:  [0mcard gen_qi_recon_048_card back-references gu
[32m    [Passed]:  [0m[1] expected to equal [1]:  gu gen_qi_logistics_049_gu
[32m    [Passed]:  [0mgu gen_qi_logistics_049_gu blueprint exists
[32m    [Passed]:  [0mcard gen_qi_logistics_049_card back-references gu
[32m    [Passed]:  [0m[1] expected to equal [1]:  gu gen_qi_attack_050_gu
[32m    [Passed]:  [0mgu gen_qi_attack_050_gu blueprint exists
[32m    [Passed]:  [0mcard gen_qi_attack_050_card back-references gu
[32m    [Passed]:  [0m[1] expected to equal [1]:  gu gen_qi_attack_051_gu
[32m    [Passed]:  [0mgu gen_qi_attack_051_gu blueprint exists
[32m    [Passed]:  [0mcard gen_qi_attack_051_card back-references gu
[32m    [Passed]:  [0m[1] expected to equal [1]:  gu gen_qi_defense_052_gu
[32m    [Passed]:  [0mgu gen_qi_defense_052_gu blueprint exists
[32m    [Passed]:  [0mcard gen_qi_defense_052_card back-references gu
[32m    [Passed]:  [0m[1] expected to equal [1]:  gu gen_qi_movement_053_gu
[32m    [Passed]:  [0mgu gen_qi_movement_053_gu blueprint exists
[32m    [Passed]:  [0mcard gen_qi_movement_053_card back-references gu
[32m    [Passed]:  [0m[1] expected to equal [1]:  gu gen_qi_healing_054_gu
[32m    [Passed]:  [0mgu gen_qi_healing_054_gu blueprint exists
[32m    [Passed]:  [0mcard gen_qi_healing_054_card back-references gu
[32m    [Passed]:  [0m[1] expected to equal [1]:  gu gen_qi_recon_055_gu
[32m    [Passed]:  [0mgu gen_qi_recon_055_gu blueprint exists
[32m    [Passed]:  [0mcard gen_qi_recon_055_card back-references gu
[32m    [Passed]:  [0m[1] expected to equal [1]:  gu gen_qi_logistics_056_gu
[32m    [Passed]:  [0mgu gen_qi_logistics_056_gu blueprint exists
[32m    [Passed]:  [0mcard gen_qi_logistics_056_card back-references gu
[32m    [Passed]:  [0m[1] expected to equal [1]:  gu gen_qi_attack_057_gu
[32m    [Passed]:  [0mgu gen_qi_attack_057_gu blueprint exists
[32m    [Passed]:  [0mcard gen_qi_attack_057_card back-references gu
[32m    [Passed]:  [0m[1] expected to equal [1]:  gu gen_qi_attack_058_gu
[32m    [Passed]:  [0mgu gen_qi_attack_058_gu blueprint exists
[32m    [Passed]:  [0mcard gen_qi_attack_058_card back-references gu
[32m    [Passed]:  [0m[1] expected to equal [1]:  gu gen_qi_defense_059_gu
[32m    [Passed]:  [0mgu gen_qi_defense_059_gu blueprint exists
[32m    [Passed]:  [0mcard gen_qi_defense_059_card back-references gu
[32m    [Passed]:  [0m[1] expected to equal [1]:  gu gen_qi_movement_060_gu
[32m    [Passed]:  [0mgu gen_qi_movement_060_gu blueprint exists
[32m    [Passed]:  [0mcard gen_qi_movement_060_card back-references gu
[32m    [Passed]:  [0m[1] expected to equal [1]:  gu gen_qi_healing_061_gu
[32m    [Passed]:  [0mgu gen_qi_healing_061_gu blueprint exists
[32m    [Passed]:  [0mcard gen_qi_healing_061_card back-references gu
[32m    [Passed]:  [0m[1] expected to equal [1]:  gu gen_qi_recon_062_gu
[32m    [Passed]:  [0mgu gen_qi_recon_062_gu blueprint exists
[32m    [Passed]:  [0mcard gen_qi_recon_062_card back-references gu
[32m    [Passed]:  [0m[1] expected to equal [1]:  gu gen_qi_logistics_063_gu
[32m    [Passed]:  [0mgu gen_qi_logistics_063_gu blueprint exists
[32m    [Passed]:  [0mcard gen_qi_logistics_063_card back-references gu
[32m    [Passed]:  [0m[1] expected to equal [1]:  gu gen_qi_attack_064_gu
[32m    [Passed]:  [0mgu gen_qi_attack_064_gu blueprint exists
[32m    [Passed]:  [0mcard gen_qi_attack_064_card back-references gu
[32m    [Passed]:  [0m[1] expected to equal [1]:  gu gen_qi_attack_065_gu
[32m    [Passed]:  [0mgu gen_qi_attack_065_gu blueprint exists
[32m    [Passed]:  [0mcard gen_qi_attack_065_card back-references gu
[32m    [Passed]:  [0m[1] expected to equal [1]:  gu gen_qi_defense_066_gu
[32m    [Passed]:  [0mgu gen_qi_defense_066_gu blueprint exists
[32m    [Passed]:  [0mcard gen_qi_defense_066_card back-references gu
[32m    [Passed]:  [0m[1] expected to equal [1]:  gu gen_qi_movement_067_gu
[32m    [Passed]:  [0mgu gen_qi_movement_067_gu blueprint exists
[32m    [Passed]:  [0mcard gen_qi_movement_067_card back-references gu
[32m    [Passed]:  [0m[1] expected to equal [1]:  gu gen_force_healing_068_gu
[32m    [Passed]:  [0mgu gen_force_healing_068_gu blueprint exists
[32m    [Passed]:  [0mcard gen_force_healing_068_card back-references gu
[32m    [Passed]:  [0m[1] expected to equal [1]:  gu gen_force_recon_069_gu
[32m    [Passed]:  [0mgu gen_force_recon_069_gu blueprint exists
[32m    [Passed]:  [0mcard gen_force_recon_069_card back-references gu
[32m    [Passed]:  [0m[1] expected to equal [1]:  gu gen_force_logistics_070_gu
[32m    [Passed]:  [0mgu gen_force_logistics_070_gu blueprint exists
[32m    [Passed]:  [0mcard gen_force_logistics_070_card back-references gu
[32m    [Passed]:  [0m[1] expected to equal [1]:  gu gen_force_attack_071_gu
[32m    [Passed]:  [0mgu gen_force_attack_071_gu blueprint exists
[32m    [Passed]:  [0mcard gen_force_attack_071_card back-references gu
[32m    [Passed]:  [0m[1] expected to equal [1]:  gu gen_force_attack_072_gu
[32m    [Passed]:  [0mgu gen_force_attack_072_gu blueprint exists
[32m    [Passed]:  [0mcard gen_force_attack_072_card back-references gu
[32m    [Passed]:  [0m[1] expected to equal [1]:  gu gen_force_defense_073_gu
[32m    [Passed]:  [0mgu gen_force_defense_073_gu blueprint exists
[32m    [Passed]:  [0mcard gen_force_defense_073_card back-references gu
[32m    [Passed]:  [0m[1] expected to equal [1]:  gu gen_force_movement_074_gu
[32m    [Passed]:  [0mgu gen_force_movement_074_gu blueprint exists
[32m    [Passed]:  [0mcard gen_force_movement_074_card back-references gu
[32m    [Passed]:  [0m[1] expected to equal [1]:  gu gen_force_healing_075_gu
[32m    [Passed]:  [0mgu gen_force_healing_075_gu blueprint exists
[32m    [Passed]:  [0mcard gen_force_healing_075_card back-references gu
[32m    [Passed]:  [0m[1] expected to equal [1]:  gu gen_force_recon_076_gu
[32m    [Passed]:  [0mgu gen_force_recon_076_gu blueprint exists
[32m    [Passed]:  [0mcard gen_force_recon_076_card back-references gu
[32m    [Passed]:  [0m[1] expected to equal [1]:  gu gen_force_logistics_077_gu
[32m    [Passed]:  [0mgu gen_force_logistics_077_gu blueprint exists
[32m    [Passed]:  [0mcard gen_force_logistics_077_card back-references gu
[32m    [Passed]:  [0m[1] expected to equal [1]:  gu gen_force_attack_078_gu
[32m    [Passed]:  [0mgu gen_force_attack_078_gu blueprint exists
[32m    [Passed]:  [0mcard gen_force_attack_078_card back-references gu
[32m    [Passed]:  [0m[1] expected to equal [1]:  gu gen_force_attack_079_gu
[32m    [Passed]:  [0mgu gen_force_attack_079_gu blueprint exists
[32m    [Passed]:  [0mcard gen_force_attack_079_card back-references gu
[32m    [Passed]:  [0m[1] expected to equal [1]:  gu gen_force_defense_080_gu
[32m    [Passed]:  [0mgu gen_force_defense_080_gu blueprint exists
[32m    [Passed]:  [0mcard gen_force_defense_080_card back-references gu
[32m    [Passed]:  [0m[1] expected to equal [1]:  gu gen_force_movement_081_gu
[32m    [Passed]:  [0mgu gen_force_movement_081_gu blueprint exists
[32m    [Passed]:  [0mcard gen_force_movement_081_card back-references gu
[32m    [Passed]:  [0m[1] expected to equal [1]:  gu gen_force_healing_082_gu
[32m    [Passed]:  [0mgu gen_force_healing_082_gu blueprint exists
[32m    [Passed]:  [0mcard gen_force_healing_082_card back-references gu
[32m    [Passed]:  [0m[1] expected to equal [1]:  gu gen_force_recon_083_gu
[32m    [Passed]:  [0mgu gen_force_recon_083_gu blueprint exists
[32m    [Passed]:  [0mcard gen_force_recon_083_card back-references gu
[32m    [Passed]:  [0m[1] expected to equal [1]:  gu gen_force_logistics_084_gu
[32m    [Passed]:  [0mgu gen_force_logistics_084_gu blueprint exists
[32m    [Passed]:  [0mcard gen_force_logistics_084_card back-references gu
[32m    [Passed]:  [0m[1] expected to equal [1]:  gu gen_force_attack_085_gu
[32m    [Passed]:  [0mgu gen_force_attack_085_gu blueprint exists
[32m    [Passed]:  [0mcard gen_force_attack_085_card back-references gu
[32m    [Passed]:  [0m[1] expected to equal [1]:  gu gen_force_attack_086_gu
[32m    [Passed]:  [0mgu gen_force_attack_086_gu blueprint exists
[32m    [Passed]:  [0mcard gen_force_attack_086_card back-references gu
[32m    [Passed]:  [0m[1] expected to equal [1]:  gu gen_force_defense_087_gu
[32m    [Passed]:  [0mgu gen_force_defense_087_gu blueprint exists
[32m    [Passed]:  [0mcard gen_force_defense_087_card back-references gu
[32m    [Passed]:  [0m[1] expected to equal [1]:  gu gen_force_movement_088_gu
[32m    [Passed]:  [0mgu gen_force_movement_088_gu blueprint exists
[32m    [Passed]:  [0mcard gen_force_movement_088_card back-references gu
[32m    [Passed]:  [0m[1] expected to equal [1]:  gu gen_force_healing_089_gu
[32m    [Passed]:  [0mgu gen_force_healing_089_gu blueprint exists
[32m    [Passed]:  [0mcard gen_force_healing_089_card back-references gu
[32m    [Passed]:  [0m[1] expected to equal [1]:  gu gen_force_recon_090_gu
[32m    [Passed]:  [0mgu gen_force_recon_090_gu blueprint exists
[32m    [Passed]:  [0mcard gen_force_recon_090_card back-references gu
[32m    [Passed]:  [0m[1] expected to equal [1]:  gu gen_force_logistics_091_gu
[32m    [Passed]:  [0mgu gen_force_logistics_091_gu blueprint exists
[32m    [Passed]:  [0mcard gen_force_logistics_091_card back-references gu
[32m    [Passed]:  [0m[1] expected to equal [1]:  gu gen_force_attack_092_gu
[32m    [Passed]:  [0mgu gen_force_attack_092_gu blueprint exists
[32m    [Passed]:  [0mcard gen_force_attack_092_card back-references gu
[32m    [Passed]:  [0m[1] expected to equal [1]:  gu gen_force_attack_093_gu
[32m    [Passed]:  [0mgu gen_force_attack_093_gu blueprint exists
[32m    [Passed]:  [0mcard gen_force_attack_093_card back-references gu
[32m    [Passed]:  [0m[1] expected to equal [1]:  gu gen_force_defense_094_gu
[32m    [Passed]:  [0mgu gen_force_defense_094_gu blueprint exists
[32m    [Passed]:  [0mcard gen_force_defense_094_card back-references gu
[32m    [Passed]:  [0m[1] expected to equal [1]:  gu gen_force_movement_095_gu
[32m    [Passed]:  [0mgu gen_force_movement_095_gu blueprint exists
[32m    [Passed]:  [0mcard gen_force_movement_095_card back-references gu
[32m    [Passed]:  [0m[1] expected to equal [1]:  gu gen_force_healing_096_gu
[32m    [Passed]:  [0mgu gen_force_healing_096_gu blueprint exists
[32m    [Passed]:  [0mcard gen_force_healing_096_card back-references gu
[32m    [Passed]:  [0m[1] expected to equal [1]:  gu gen_force_recon_097_gu
[32m    [Passed]:  [0mgu gen_force_recon_097_gu blueprint exists
[32m    [Passed]:  [0mcard gen_force_recon_097_card back-references gu
[32m    [Passed]:  [0m[1] expected to equal [1]:  gu gen_force_logistics_098_gu
[32m    [Passed]:  [0mgu gen_force_logistics_098_gu blueprint exists
[32m    [Passed]:  [0mcard gen_force_logistics_098_card back-references gu
[32m    [Passed]:  [0m[1] expected to equal [1]:  gu gen_force_attack_099_gu
[32m    [Passed]:  [0mgu gen_force_attack_099_gu blueprint exists
[32m    [Passed]:  [0mcard gen_force_attack_099_card back-references gu
[32m    [Passed]:  [0m[1] expected to equal [1]:  gu gen_force_attack_100_gu
[32m    [Passed]:  [0mgu gen_force_attack_100_gu blueprint exists
[32m    [Passed]:  [0mcard gen_force_attack_100_card back-references gu
[32m    [Passed]:  [0m[1] expected to equal [1]:  gu gen_soul_defense_101_gu
[32m    [Passed]:  [0mgu gen_soul_defense_101_gu blueprint exists
[32m    [Passed]:  [0mcard gen_soul_defense_101_card back-references gu
[32m    [Passed]:  [0m[1] expected to equal [1]:  gu gen_soul_movement_102_gu
[32m    [Passed]:  [0mgu gen_soul_movement_102_gu blueprint exists
[32m    [Passed]:  [0mcard gen_soul_movement_102_card back-references gu
[32m    [Passed]:  [0m[1] expected to equal [1]:  gu gen_soul_healing_103_gu
[32m    [Passed]:  [0mgu gen_soul_healing_103_gu blueprint exists
[32m    [Passed]:  [0mcard gen_soul_healing_103_card back-references gu
[32m    [Passed]:  [0m[1] expected to equal [1]:  gu gen_soul_recon_104_gu
[32m    [Passed]:  [0mgu gen_soul_recon_104_gu blueprint exists
[32m    [Passed]:  [0mcard gen_soul_recon_104_card back-references gu
[32m    [Passed]:  [0m[1] expected to equal [1]:  gu gen_soul_logistics_105_gu
[32m    [Passed]:  [0mgu gen_soul_logistics_105_gu blueprint exists
[32m    [Passed]:  [0mcard gen_soul_logistics_105_card back-references gu
[32m    [Passed]:  [0m[1] expected to equal [1]:  gu gen_soul_attack_106_gu
[32m    [Passed]:  [0mgu gen_soul_attack_106_gu blueprint exists
[32m    [Passed]:  [0mcard gen_soul_attack_106_card back-references gu
[32m    [Passed]:  [0m[1] expected to equal [1]:  gu gen_soul_attack_107_gu
[32m    [Passed]:  [0mgu gen_soul_attack_107_gu blueprint exists
[32m    [Passed]:  [0mcard gen_soul_attack_107_card back-references gu
[32m    [Passed]:  [0m[1] expected to equal [1]:  gu gen_soul_defense_108_gu
[32m    [Passed]:  [0mgu gen_soul_defense_108_gu blueprint exists
[32m    [Passed]:  [0mcard gen_soul_defense_108_card back-references gu
[32m    [Passed]:  [0m[1] expected to equal [1]:  gu gen_soul_movement_109_gu
[32m    [Passed]:  [0mgu gen_soul_movement_109_gu blueprint exists
[32m    [Passed]:  [0mcard gen_soul_movement_109_card back-references gu
[32m    [Passed]:  [0m[1] expected to equal [1]:  gu gen_soul_healing_110_gu
[32m    [Passed]:  [0mgu gen_soul_healing_110_gu blueprint exists
[32m    [Passed]:  [0mcard gen_soul_healing_110_card back-references gu
[32m    [Passed]:  [0m[1] expected to equal [1]:  gu gen_soul_recon_111_gu
[32m    [Passed]:  [0mgu gen_soul_recon_111_gu blueprint exists
[32m    [Passed]:  [0mcard gen_soul_recon_111_card back-references gu
[32m    [Passed]:  [0m[1] expected to equal [1]:  gu gen_soul_logistics_112_gu
[32m    [Passed]:  [0mgu gen_soul_logistics_112_gu blueprint exists
[32m    [Passed]:  [0mcard gen_soul_logistics_112_card back-references gu
[32m    [Passed]:  [0m[1] expected to equal [1]:  gu gen_soul_attack_113_gu
[32m    [Passed]:  [0mgu gen_soul_attack_113_gu blueprint exists
[32m    [Passed]:  [0mcard gen_soul_attack_113_card back-references gu
[32m    [Passed]:  [0m[1] expected to equal [1]:  gu gen_soul_attack_114_gu
[32m    [Passed]:  [0mgu gen_soul_attack_114_gu blueprint exists
[32m    [Passed]:  [0mcard gen_soul_attack_114_card back-references gu
[32m    [Passed]:  [0m[1] expected to equal [1]:  gu gen_soul_defense_115_gu
[32m    [Passed]:  [0mgu gen_soul_defense_115_gu blueprint exists
[32m    [Passed]:  [0mcard gen_soul_defense_115_card back-references gu
[32m    [Passed]:  [0m[1] expected to equal [1]:  gu gen_soul_movement_116_gu
[32m    [Passed]:  [0mgu gen_soul_movement_116_gu blueprint exists
[32m    [Passed]:  [0mcard gen_soul_movement_116_card back-references gu
[32m    [Passed]:  [0m[1] expected to equal [1]:  gu gen_soul_healing_117_gu
[32m    [Passed]:  [0mgu gen_soul_healing_117_gu blueprint exists
[32m    [Passed]:  [0mcard gen_soul_healing_117_card back-references gu
[32m    [Passed]:  [0m[1] expected to equal [1]:  gu gen_soul_recon_118_gu
[32m    [Passed]:  [0mgu gen_soul_recon_118_gu blueprint exists
[32m    [Passed]:  [0mcard gen_soul_recon_118_card back-references gu
[32m    [Passed]:  [0m[1] expected to equal [1]:  gu gen_soul_logistics_119_gu
[32m    [Passed]:  [0mgu gen_soul_logistics_119_gu blueprint exists
[32m    [Passed]:  [0mcard gen_soul_logistics_119_card back-references gu
[32m    [Passed]:  [0m[1] expected to equal [1]:  gu gen_soul_attack_120_gu
[32m    [Passed]:  [0mgu gen_soul_attack_120_gu blueprint exists
[32m    [Passed]:  [0mcard gen_soul_attack_120_card back-references gu
[32m    [Passed]:  [0m[1] expected to equal [1]:  gu gen_soul_attack_121_gu
[32m    [Passed]:  [0mgu gen_soul_attack_121_gu blueprint exists
[32m    [Passed]:  [0mcard gen_soul_attack_121_card back-references gu
[32m    [Passed]:  [0m[1] expected to equal [1]:  gu gen_soul_defense_122_gu
[32m    [Passed]:  [0mgu gen_soul_defense_122_gu blueprint exists
[32m    [Passed]:  [0mcard gen_soul_defense_122_card back-references gu
[32m    [Passed]:  [0m[1] expected to equal [1]:  gu gen_soul_movement_123_gu
[32m    [Passed]:  [0mgu gen_soul_movement_123_gu blueprint exists
[32m    [Passed]:  [0mcard gen_soul_movement_123_card back-references gu
[32m    [Passed]:  [0m[1] expected to equal [1]:  gu gen_soul_healing_124_gu
[32m    [Passed]:  [0mgu gen_soul_healing_124_gu blueprint exists
[32m    [Passed]:  [0mcard gen_soul_healing_124_card back-references gu
[32m    [Passed]:  [0m[1] expected to equal [1]:  gu gen_soul_recon_125_gu
[32m    [Passed]:  [0mgu gen_soul_recon_125_gu blueprint exists
[32m    [Passed]:  [0mcard gen_soul_recon_125_card back-references gu
[32m    [Passed]:  [0m[1] expected to equal [1]:  gu gen_soul_logistics_126_gu
[32m    [Passed]:  [0mgu gen_soul_logistics_126_gu blueprint exists
[32m    [Passed]:  [0mcard gen_soul_logistics_126_card back-references gu
[32m    [Passed]:  [0m[1] expected to equal [1]:  gu gen_soul_attack_127_gu
[32m    [Passed]:  [0mgu gen_soul_attack_127_gu blueprint exists
[32m    [Passed]:  [0mcard gen_soul_attack_127_card back-references gu
[32m    [Passed]:  [0m[1] expected to equal [1]:  gu gen_soul_attack_128_gu
[32m    [Passed]:  [0mgu gen_soul_attack_128_gu blueprint exists
[32m    [Passed]:  [0mcard gen_soul_attack_128_card back-references gu
[32m    [Passed]:  [0m[1] expected to equal [1]:  gu gen_soul_defense_129_gu
[32m    [Passed]:  [0mgu gen_soul_defense_129_gu blueprint exists
[32m    [Passed]:  [0mcard gen_soul_defense_129_card back-references gu
[32m    [Passed]:  [0m[1] expected to equal [1]:  gu gen_soul_movement_130_gu
[32m    [Passed]:  [0mgu gen_soul_movement_130_gu blueprint exists
[32m    [Passed]:  [0mcard gen_soul_movement_130_card back-references gu
[32m    [Passed]:  [0m[1] expected to equal [1]:  gu gen_soul_healing_131_gu
[32m    [Passed]:  [0mgu gen_soul_healing_131_gu blueprint exists
[32m    [Passed]:  [0mcard gen_soul_healing_131_card back-references gu
[32m    [Passed]:  [0m[1] expected to equal [1]:  gu gen_soul_recon_132_gu
[32m    [Passed]:  [0mgu gen_soul_recon_132_gu blueprint exists
[32m    [Passed]:  [0mcard gen_soul_recon_132_card back-references gu
[32m    [Passed]:  [0m[1] expected to equal [1]:  gu gen_soul_logistics_133_gu
[32m    [Passed]:  [0mgu gen_soul_logistics_133_gu blueprint exists
[32m    [Passed]:  [0mcard gen_soul_logistics_133_card back-references gu
[32m    [Passed]:  [0m[1] expected to equal [1]:  gu gen_soul_attack_134_gu
[32m    [Passed]:  [0mgu gen_soul_attack_134_gu blueprint exists
[32m    [Passed]:  [0mcard gen_soul_attack_134_card back-references gu
[32m    [Passed]:  [0m[1] expected to equal [1]:  gu gen_soul_attack_135_gu
[32m    [Passed]:  [0mgu gen_soul_attack_135_gu blueprint exists
[32m    [Passed]:  [0mcard gen_soul_attack_135_card back-references gu
[32m    [Passed]:  [0m[1] expected to equal [1]:  gu gen_soul_defense_136_gu
[32m    [Passed]:  [0mgu gen_soul_defense_136_gu blueprint exists
[32m    [Passed]:  [0mcard gen_soul_defense_136_card back-references gu
[32m    [Passed]:  [0m[1] expected to equal [1]:  gu gen_soul_movement_137_gu
[32m    [Passed]:  [0mgu gen_soul_movement_137_gu blueprint exists
[32m    [Passed]:  [0mcard gen_soul_movement_137_card back-references gu
[32m    [Passed]:  [0m[1] expected to equal [1]:  gu gen_soul_healing_138_gu
[32m    [Passed]:  [0mgu gen_soul_healing_138_gu blueprint exists
[32m    [Passed]:  [0mcard gen_soul_healing_138_card back-references gu
[32m    [Passed]:  [0m[1] expected to equal [1]:  gu gen_soul_recon_139_gu
[32m    [Passed]:  [0mgu gen_soul_recon_139_gu blueprint exists
[32m    [Passed]:  [0mcard gen_soul_recon_139_card back-references gu
[32m    [Passed]:  [0m[1] expected to equal [1]:  gu gen_soul_logistics_140_gu
[32m    [Passed]:  [0mgu gen_soul_logistics_140_gu blueprint exists
[32m    [Passed]:  [0mcard gen_soul_logistics_140_card back-references gu
[32m    [Passed]:  [0m[1] expected to equal [1]:  gu gen_refine_attack_141_gu
[32m    [Passed]:  [0mgu gen_refine_attack_141_gu blueprint exists
[32m    [Passed]:  [0mcard gen_refine_attack_141_card back-references gu
[32m    [Passed]:  [0m[1] expected to equal [1]:  gu gen_refine_attack_142_gu
[32m    [Passed]:  [0mgu gen_refine_attack_142_gu blueprint exists
[32m    [Passed]:  [0mcard gen_refine_attack_142_card back-references gu
[32m    [Passed]:  [0m[1] expected to equal [1]:  gu gen_refine_defense_143_gu
[32m    [Passed]:  [0mgu gen_refine_defense_143_gu blueprint exists
[32m    [Passed]:  [0mcard gen_refine_defense_143_card back-references gu
[32m    [Passed]:  [0m[1] expected to equal [1]:  gu gen_refine_movement_144_gu
[32m    [Passed]:  [0mgu gen_refine_movement_144_gu blueprint exists
[32m    [Passed]:  [0mcard gen_refine_movement_144_card back-references gu
[32m    [Passed]:  [0m[1] expected to equal [1]:  gu gen_refine_healing_145_gu
[32m    [Passed]:  [0mgu gen_refine_healing_145_gu blueprint exists
[32m    [Passed]:  [0mcard gen_refine_healing_145_card back-references gu
[32m    [Passed]:  [0m[1] expected to equal [1]:  gu gen_refine_recon_146_gu
[32m    [Passed]:  [0mgu gen_refine_recon_146_gu blueprint exists
[32m    [Passed]:  [0mcard gen_refine_recon_146_card back-references gu
[32m    [Passed]:  [0m[1] expected to equal [1]:  gu gen_refine_logistics_147_gu
[32m    [Passed]:  [0mgu gen_refine_logistics_147_gu blueprint exists
[32m    [Passed]:  [0mcard gen_refine_logistics_147_card back-references gu
[32m    [Passed]:  [0m[1] expected to equal [1]:  gu gen_refine_attack_148_gu
[32m    [Passed]:  [0mgu gen_refine_attack_148_gu blueprint exists
[32m    [Passed]:  [0mcard gen_refine_attack_148_card back-references gu
[32m    [Passed]:  [0m[1] expected to equal [1]:  gu gen_refine_attack_149_gu
[32m    [Passed]:  [0mgu gen_refine_attack_149_gu blueprint exists
[32m    [Passed]:  [0mcard gen_refine_attack_149_card back-references gu
[32m    [Passed]:  [0m[1] expected to equal [1]:  gu gen_refine_defense_150_gu
[32m    [Passed]:  [0mgu gen_refine_defense_150_gu blueprint exists
[32m    [Passed]:  [0mcard gen_refine_defense_150_card back-references gu
[32m    [Passed]:  [0m[1] expected to equal [1]:  gu gen_refine_movement_151_gu
[32m    [Passed]:  [0mgu gen_refine_movement_151_gu blueprint exists
[32m    [Passed]:  [0mcard gen_refine_movement_151_card back-references gu
[32m    [Passed]:  [0m[1] expected to equal [1]:  gu gen_refine_healing_152_gu
[32m    [Passed]:  [0mgu gen_refine_healing_152_gu blueprint exists
[32m    [Passed]:  [0mcard gen_refine_healing_152_card back-references gu
[32m    [Passed]:  [0m[1] expected to equal [1]:  gu gen_refine_recon_153_gu
[32m    [Passed]:  [0mgu gen_refine_recon_153_gu blueprint exists
[32m    [Passed]:  [0mcard gen_refine_recon_153_card back-references gu
[32m    [Passed]:  [0m[1] expected to equal [1]:  gu gen_refine_logistics_154_gu
[32m    [Passed]:  [0mgu gen_refine_logistics_154_gu blueprint exists
[32m    [Passed]:  [0mcard gen_refine_logistics_154_card back-references gu
[32m    [Passed]:  [0m[1] expected to equal [1]:  gu gen_refine_attack_155_gu
[32m    [Passed]:  [0mgu gen_refine_attack_155_gu blueprint exists
[32m    [Passed]:  [0mcard gen_refine_attack_155_card back-references gu
[32m    [Passed]:  [0m[1] expected to equal [1]:  gu gen_refine_attack_156_gu
[32m    [Passed]:  [0mgu gen_refine_attack_156_gu blueprint exists
[32m    [Passed]:  [0mcard gen_refine_attack_156_card back-references gu
[32m    [Passed]:  [0m[1] expected to equal [1]:  gu gen_refine_defense_157_gu
[32m    [Passed]:  [0mgu gen_refine_defense_157_gu blueprint exists
[32m    [Passed]:  [0mcard gen_refine_defense_157_card back-references gu
[32m    [Passed]:  [0m[1] expected to equal [1]:  gu gen_refine_movement_158_gu
[32m    [Passed]:  [0mgu gen_refine_movement_158_gu blueprint exists
[32m    [Passed]:  [0mcard gen_refine_movement_158_card back-references gu
[32m    [Passed]:  [0m[1] expected to equal [1]:  gu gen_refine_healing_159_gu
[32m    [Passed]:  [0mgu gen_refine_healing_159_gu blueprint exists
[32m    [Passed]:  [0mcard gen_refine_healing_159_card back-references gu
[32m    [Passed]:  [0m[1] expected to equal [1]:  gu gen_refine_recon_160_gu
[32m    [Passed]:  [0mgu gen_refine_recon_160_gu blueprint exists
[32m    [Passed]:  [0mcard gen_refine_recon_160_card back-references gu
[32m    [Passed]:  [0m[1] expected to equal [1]:  gu gen_refine_logistics_161_gu
[32m    [Passed]:  [0mgu gen_refine_logistics_161_gu blueprint exists
[32m    [Passed]:  [0mcard gen_refine_logistics_161_card back-references gu
[32m    [Passed]:  [0m[1] expected to equal [1]:  gu gen_refine_attack_162_gu
[32m    [Passed]:  [0mgu gen_refine_attack_162_gu blueprint exists
[32m    [Passed]:  [0mcard gen_refine_attack_162_card back-references gu
[32m    [Passed]:  [0m[1] expected to equal [1]:  gu gen_refine_attack_163_gu
[32m    [Passed]:  [0mgu gen_refine_attack_163_gu blueprint exists
[32m    [Passed]:  [0mcard gen_refine_attack_163_card back-references gu
[32m    [Passed]:  [0m[1] expected to equal [1]:  gu gen_refine_defense_164_gu
[32m    [Passed]:  [0mgu gen_refine_defense_164_gu blueprint exists
[32m    [Passed]:  [0mcard gen_refine_defense_164_card back-references gu
[32m    [Passed]:  [0m[1] expected to equal [1]:  gu gen_refine_movement_165_gu
[32m    [Passed]:  [0mgu gen_refine_movement_165_gu blueprint exists
[32m    [Passed]:  [0mcard gen_refine_movement_165_card back-references gu
[32m    [Passed]:  [0m[1] expected to equal [1]:  gu gen_refine_healing_166_gu
[32m    [Passed]:  [0mgu gen_refine_healing_166_gu blueprint exists
[32m    [Passed]:  [0mcard gen_refine_healing_166_card back-references gu
[32m    [Passed]:  [0m[1] expected to equal [1]:  gu gen_refine_recon_167_gu
[32m    [Passed]:  [0mgu gen_refine_recon_167_gu blueprint exists
[32m    [Passed]:  [0mcard gen_refine_recon_167_card back-references gu
[32m    [Passed]:  [0m[1] expected to equal [1]:  gu gen_refine_logistics_168_gu
[32m    [Passed]:  [0mgu gen_refine_logistics_168_gu blueprint exists
[32m    [Passed]:  [0mcard gen_refine_logistics_168_card back-references gu
[32m    [Passed]:  [0m[1] expected to equal [1]:  gu gen_refine_attack_169_gu
[32m    [Passed]:  [0mgu gen_refine_attack_169_gu blueprint exists
[32m    [Passed]:  [0mcard gen_refine_attack_169_card back-references gu
[32m    [Passed]:  [0m[1] expected to equal [1]:  gu gen_refine_attack_170_gu
[32m    [Passed]:  [0mgu gen_refine_attack_170_gu blueprint exists
[32m    [Passed]:  [0mcard gen_refine_attack_170_card back-references gu
[32m    [Passed]:  [0m[1] expected to equal [1]:  gu gen_refine_defense_171_gu
[32m    [Passed]:  [0mgu gen_refine_defense_171_gu blueprint exists
[32m    [Passed]:  [0mcard gen_refine_defense_171_card back-references gu
[32m    [Passed]:  [0m[1] expected to equal [1]:  gu gen_refine_movement_172_gu
[32m    [Passed]:  [0mgu gen_refine_movement_172_gu blueprint exists
[32m    [Passed]:  [0mcard gen_refine_movement_172_card back-references gu
[32m    [Passed]:  [0m[1] expected to equal [1]:  gu gen_refine_healing_173_gu
[32m    [Passed]:  [0mgu gen_refine_healing_173_gu blueprint exists
[32m    [Passed]:  [0mcard gen_refine_healing_173_card back-references gu
[32m    [Passed]:  [0m[1] expected to equal [1]:  gu gen_refine_recon_174_gu
[32m    [Passed]:  [0mgu gen_refine_recon_174_gu blueprint exists
[32m    [Passed]:  [0mcard gen_refine_recon_174_card back-references gu
[32m    [Passed]:  [0m[1] expected to equal [1]:  gu gen_refine_logistics_175_gu
[32m    [Passed]:  [0mgu gen_refine_logistics_175_gu blueprint exists
[32m    [Passed]:  [0mcard gen_refine_logistics_175_card back-references gu
[32m    [Passed]:  [0m[1] expected to equal [1]:  gu gen_refine_attack_176_gu
[32m    [Passed]:  [0mgu gen_refine_attack_176_gu blueprint exists
[32m    [Passed]:  [0mcard gen_refine_attack_176_card back-references gu
[32m    [Passed]:  [0m[1] expected to equal [1]:  gu gen_refine_attack_177_gu
[32m    [Passed]:  [0mgu gen_refine_attack_177_gu blueprint exists
[32m    [Passed]:  [0mcard gen_refine_attack_177_card back-references gu
[32m    [Passed]:  [0m[1] expected to equal [1]:  gu gen_refine_defense_178_gu
[32m    [Passed]:  [0mgu gen_refine_defense_178_gu blueprint exists
[32m    [Passed]:  [0mcard gen_refine_defense_178_card back-references gu
[32m    [Passed]:  [0m[1] expected to equal [1]:  gu gen_refine_movement_179_gu
[32m    [Passed]:  [0mgu gen_refine_movement_179_gu blueprint exists
[32m    [Passed]:  [0mcard gen_refine_movement_179_card back-references gu
[32m    [Passed]:  [0m[1] expected to equal [1]:  gu gen_refine_healing_180_gu
[32m    [Passed]:  [0mgu gen_refine_healing_180_gu blueprint exists
[32m    [Passed]:  [0mcard gen_refine_healing_180_card back-references gu
* test_generated_attack_gu_deals_damage_in_battle
[32m    [Passed]:  [0mgenerated attack gu exists
[32m    [Passed]:  [0m["ongoing"] expected to equal ["ongoing"]:  
[32m    [Passed]:  [0m[1] expected to be < than [3]:  
* test_generator_rerun_is_idempotent
[32m    [Passed]:  [0m[200] expected to equal [200]:  
[32m    [Passed]:  [0m["[{"card_blueprint_ids":["light_probe"],"combat":"reveal_hidden_bonus","essence_cost":1.0,"feeding_cost":1.0,"feeding_need":{"feed_points":1.0},"field_actions":["scout","signal","disguise"],"id":"small_light_gu","rank":1.0,"rarity":"common","replace_value":3.0,"role":"attack","school":"qi","slot_role":"scout","synergy_hooks":["reveal_hidden","support_retreat"],"tags":["light","scout","subtle"],"value":3.0},{"card_blueprint_ids":["scout_eye"],"combat":"mark_enemy_route","essence_cost":1.0,"feeding_cost":1.0,"feeding_need":{"feed_points":1.0},"field_actions":["trace","inspect"],"id":"trail_eye_gu","rank":1.0,"rarity":"common","replace_value":4.0,"role":"recon","school":"qi","slot_role":"scout","synergy_hooks":["track_target","reveal_hidden"],"tags":["scout","tracking","reveal"],"value":4.0},{"card_blueprint_ids":["blood_moss_relief"],"combat":"heal_and_bleed","essence_cost":1.0,"feeding_cost":2.0,"feeding_need":{"feed_points":2.0},"field_actions":["tend_wound"],"id":"blood_moss_gu","rank":1.0,"rarity":"common","replace_value":5.0,"role":"healing","school":"blood","slot_role":"healing","synergy_hooks":["heal_then_strike","injury_relief"],"tags":["blood","healing","wood"],"value":5.0},{"card_blueprint_ids":["thorn_strike","thorn_bind"],"combat":"bind_and_strike","essence_cost":1.0,"feeding_cost":2.0,"feeding_need":{"feed_points":2.0},"field_actions":["climb","restrain"],"id":"thorn_whip_gu","rank":1.0,"rarity":"common","replace_value":5.0,"role":"attack","school":"force","slot_role":"attack","synergy_hooks":["control_follow_up","heal_then_strike"],"tags":["wood","attack","control"],"value":5.0},{"card_blueprint_ids":[],"combat":"shift_position","essence_cost":1.0,"feeding_cost":2.0,"feeding_need":{"feed_points":2.0},"field_actions":["cross_gap","withdraw"],"id":"mist_step_gu","rank":1.0,"rarity":"rare","replace_value":5.0,"role":"movement","school":"force","slot_role":"movement","synergy_hooks":["support_retreat","avoid_control"],"tags":["movement","escape","mist"],"value":5.0},{"card_blueprint_ids":["venom_snare"],"combat":"poison_and_slow","essence_cost":1.0,"feeding_cost":2.0,"feeding_need":{"feed_points":2.0},"field_actions":["set_snare","threaten"],"id":"venom_thread_gu","rank":1.0,"rarity":"common","replace_value":6.0,"role":"attack","school":"qi","slot_role":"control","synergy_hooks":["control_follow_up","support_retreat"],"tags":["poison","control","escape"],"value":6.0},{"card_blueprint_ids":["stone_guard"],"combat":"guard_against_hit","essence_cost":1.0,"feeding_cost":2.0,"feeding_need":{"feed_points":2.0},"field_actions":["brace","hold_passage"],"id":"stone_shell_gu","rank":1.0,"rarity":"common","replace_value":5.0,"role":"defense","school":"force","slot_role":"defense","synergy_hooks":["guard_ally","resist_hazard"],"tags":["defense","earth","guard"],"value":5.0},{"card_blueprint_ids":["shadow_haze"],"combat":"obscure_targeting","essence_cost":1.0,"feeding_cost":2.0,"feeding_need":{"feed_points":2.0},"field_actions":["hide","impersonate"],"id":"shadow_veil_gu","rank":1.0,"rarity":"rare","replace_value":6.0,"role":"movement","school":"qi","slot_role":"disguise","synergy_hooks":["avoid_control","support_retreat"],"tags":["stealth","escape","shadow"],"value":6.0},{"card_blueprint_ids":["pulse_wave"],"combat":"interrupt_enemy","essence_cost":1.0,"feeding_cost":2.0,"feeding_need":{"feed_points":2.0},"field_actions":["distract","rally"],"id":"pulse_drum_gu","rank":1.0,"rarity":"common","replace_value":5.0,"role":"logistics","school":"qi","slot_role":"tempo","synergy_hooks":["control_follow_up","turn_order_shift"],"tags":["tempo","control","sound"],"value":5.0},{"card_blueprint_ids":["moonlight_strike"],"combat":"moonlight_strike","essence_cost":1.0,"feeding_cost":1.0,"feeding_need":{"feed_points":1.0},"field_actions":["illuminate"],"id":"moonlight_gu","rank":1.0,"rarity":"epic","replace_value":4.0,"role":"attack","school":"force","slot_role":"attack","synergy_hooks":["light_combo"],"tags":["light","attack","moon"],"value":4.0},{"card_blueprint_ids":["moon_glow_flare"],"combat":"moonlight_strike","essence_cost":2.0,"feeding_cost":2.0,"feeding_need":{"feed_points":2.0},"field_actions":["illuminate","signal"],"id":"moon_glow_gu","rank":2.0,"rarity":"rare","replace_value":6.0,"role":"attack","school":"blood","slot_role":"attack","synergy_hooks":["light_combo"],"tags":["light","attack","moon"],"value":9.0},{"card_blueprint_ids":[],"combat":"obscure_targeting","essence_cost":2.0,"feeding_cost":2.0,"feeding_need":{"feed_points":2.0},"field_actions":["hide","impersonate","illuminate"],"id":"phantom_moon_gu","rank":2.0,"rarity":"epic","replace_value":8.0,"role":"recon","school":"qi","slot_role":"disguise","synergy_hooks":["avoid_control","light_combo"],"tags":["light","stealth","moon"],"value":12.0},{"card_blueprint_ids":[],"combat":"shift_position","essence_cost":3.0,"feeding_cost":3.0,"feeding_need":{"feed_points":3.0},"field_actions":["hide","cross_gap","withdraw"],"id":"moon_shadow_gu","rank":3.0,"rarity":"rare","replace_value":11.0,"role":"movement","school":"force","slot_role":"movement","synergy_hooks":["support_retreat","avoid_control","light_combo"],"tags":["light","shadow","movement","moon"],"value":16.0},{"card_blueprint_ids":["blood_droplet_shot"],"combat":"moonlight_strike","essence_cost":1.0,"feeding_cost":2.0,"feeding_need":{"feed_points":2.0},"field_actions":["strike","threaten"],"id":"blood_droplet_gu","rank":1.0,"rarity":"common","replace_value":5.0,"role":"attack","school":"blood","slot_role":"attack","synergy_hooks":["light_combo","blood_stacks_combo"],"tags":["blood","attack","projectile"],"value":5.0},{"card_blueprint_ids":["blood_bat_bite"],"combat":"drain_strike","essence_cost":1.0,"feeding_cost":2.0,"feeding_need":{"feed_points":2.0},"field_actions":["strike","tend_wound"],"id":"blood_bat_gu","rank":1.0,"rarity":"rare","replace_value":6.0,"role":"attack","school":"blood","slot_role":"attack","synergy_hooks":["heal_then_strike","injury_relief"],"tags":["blood","attack","drain"],"value":6.0},{"card_blueprint_ids":["blood_wing_escape"],"combat":"shift_position","essence_cost":1.0,"feeding_cost":2.0,"feeding_need":{"feed_points":2.0},"field_actions":["withdraw","hide"],"id":"blood_wing_gu","rank":1.0,"rarity":"epic","replace_value":5.0,"role":"movement","school":"blood","slot_role":"movement","synergy_hooks":["support_retreat","avoid_control"],"tags":["blood","movement","escape"],"value":5.0},{"can_direct_drop":false,"card_blueprint_ids":["farewell_grip"],"combat":"poison_and_slow","essence_cost":1.0,"feeding_cost":2.0,"feeding_need":{"feed_points":2.0},"field_actions":["set_snare","threaten"],"id":"blood_farewell_gu","rank":1.0,"rarity":"epic","replace_value":6.0,"role":"attack","school":"blood","slot_role":"control","synergy_hooks":["control_follow_up","support_retreat"],"tags":["blood","attack","poison"],"value":6.0},{"card_blueprint_ids":["power_blow"],"combat":"moonlight_strike","essence_cost":1.0,"feeding_cost":2.0,"feeding_need":{"feed_points":2.0},"field_actions":["strike","brace"],"id":"force_gu","rank":1.0,"rarity":"common","replace_value":5.0,"role":"attack","school":"force","slot_role":"attack","synergy_hooks":["light_combo","force_power_synergy"],"tags":["force","attack","power"],"value":5.0},{"card_blueprint_ids":["bear_vitality"],"combat":"heal_and_bleed","essence_cost":1.0,"feeding_cost":2.0,"feeding_need":{"feed_points":2.0},"field_actions":["tend_wound","brace"],"id":"bear_strength_gu","rank":1.0,"rarity":"rare","replace_value":5.0,"role":"healing","school":"force","slot_role":"healing","synergy_hooks":["heal_then_strike","injury_relief"],"tags":["force","healing","beast"],"value":5.0},{"card_blueprint_ids":["qi_bulwark"],"combat":"guard_against_hit","essence_cost":1.0,"feeding_cost":2.0,"feeding_need":{"feed_points":2.0},"field_actions":["brace","hold_passage"],"id":"qi_wall_gu","rank":1.0,"rarity":"common","replace_value":5.0,"role":"defense","school":"qi","slot_role":"defense","synergy_hooks":["guard_ally","resist_hazard"],"tags":["qi","defense","air"],"value":5.0},{"card_blueprint_ids":["gen_blood_attack_001_card"],"combat":"blood_attack_pattern","combat_effects":[{"amount":2.0,"kind":"strike"}],"essence_cost":1.0,"feeding_cost":1.0,"feeding_need":{"beast_bone":1.0},"field_actions":["attack"],"id":"gen_blood_attack_001_gu","rank":1.0,"rarity":"common","replace_value":2.0,"role":"attack","school":"blood","slot_role":"attack","source":"game_new","synergy_hooks":["strike_enemy"],"tags":["blood","attack","projectile"],"value":3.0},{"card_blueprint_ids":["gen_blood_attack_002_card"],"combat":"blood_attack_pattern","combat_effects":[{"amount":2.0,"kind":"strike"}],"essence_cost":1.0,"feeding_cost":1.0,"feeding_need":{"venom_sac":1.0},"field_actions":["attack"],"id":"gen_blood_attack_002_gu","rank":1.0,"rarity":"common","replace_value":2.0,"role":"attack","school":"blood","slot_role":"attack","source":"game_new","synergy_hooks":["strike_enemy"],"tags":["blood","attack","projectile"],"value":3.0},{"card_blueprint_ids":["gen_blood_defense_003_card"],"combat":"blood_defense_pattern","combat_effects":[{"flag":"guarded","kind":"add_flag"}],"essence_cost":1.0,"feeding_cost":1.0,"feeding_need":{"moon_dew":1.0},"field_actions":["guard"],"id":"gen_blood_defense_003_gu","rank":1.0,"rarity":"common","replace_value":2.0,"role":"defense","school":"blood","slot_role":"defense","source":"game_new","synergy_hooks":["guard_self"],"tags":["blood","defense","guard"],"value":3.0},{"card_blueprint_ids":["gen_blood_movement_004_card"],"combat":"blood_movement_pattern","combat_effects":[{"flag":"retreat_preserved","kind":"add_flag"}],"essence_cost":1.0,"feeding_cost":1.0,"feeding_need":{"beast_blood":1.0},"field_actions":["escape","signal"],"id":"gen_blood_movement_004_gu","rank":1.0,"rarity":"common","replace_value":2.0,"role":"movement","school":"blood","slot_role":"movement","source":"game_new","synergy_hooks":["preserve_retreat"],"tags":["blood","movement","escape"],"value":3.0},{"card_blueprint_ids":["gen_blood_healing_005_card"],"combat":"blood_healing_pattern","combat_effects":[{"amount":1.0,"kind":"heal_injury"}],"essence_cost":1.0,"feeding_cost":1.0,"feeding_need":{"beast_bone":1.0},"field_actions":["heal"],"id":"gen_blood_healing_005_gu","rank":1.0,"rarity":"common","replace_value":2.0,"role":"healing","school":"blood","slot_role":"healing","source":"game_new","synergy_hooks":["relief_injury"],"tags":["blood","healing","drain"],"value":3.0},{"card_blueprint_ids":["gen_blood_recon_006_card"],"combat":"blood_recon_pattern","combat_effects":[{"flag":"revealed","kind":"add_flag"},{"amount":1.0,"kind":"delay_progress"}],"essence_cost":1.0,"feeding_cost":1.0,"feeding_need":{"venom_sac":1.0},"field_actions":["scout","disguise"],"id":"gen_blood_recon_006_gu","rank":1.0,"rarity":"common","replace_value":2.0,"role":"recon","school":"blood","slot_role":"recon","source":"game_new","synergy_hooks":["reveal_hidden"],"tags":["blood","scout","reveal"],"value":3.0},{"card_blueprint_ids":["gen_blood_logistics_007_card"],"combat":"blood_logistics_pattern","combat_effects":[{"amount":1.0,"kind":"delay_progress"}],"essence_cost":1.0,"feeding_cost":1.0,"feeding_need":{"moon_dew":1.0},"field_actions":["feed","store"],"id":"gen_blood_logistics_007_gu","rank":1.0,"rarity":"common","replace_value":2.0,"role":"logistics","school":"blood","slot_role":"logistics","source":"game_new","synergy_hooks":["slow_enemy"],"tags":["blood","tempo","subtle"],"value":3.0},{"card_blueprint_ids":["gen_blood_attack_008_card"],"combat":"blood_attack_pattern","combat_effects":[{"amount":2.0,"kind":"strike"}],"essence_cost":1.0,"feeding_cost":1.0,"feeding_need":{"beast_blood":1.0},"field_actions":["attack"],"id":"gen_blood_attack_008_gu","rank":1.0,"rarity":"common","replace_value":2.0,"role":"attack","school":"blood","slot_role":"attack","source":"game_new","synergy_hooks":["strike_enemy"],"tags":["blood","attack","projectile"],"value":3.0},{"card_blueprint_ids":["gen_blood_attack_009_card"],"combat":"blood_attack_pattern","combat_effects":[{"amount":2.0,"kind":"strike"}],"essence_cost":1.0,"feeding_cost":1.0,"feeding_need":{"beast_bone":1.0},"field_actions":["attack"],"id":"gen_blood_attack_009_gu","rank":1.0,"rarity":"common","replace_value":2.0,"role":"attack","school":"blood","slot_role":"attack","source":"game_new","synergy_hooks":["strike_enemy"],"tags":["blood","attack","projectile"],"value":3.0},{"card_blueprint_ids":["gen_blood_defense_010_card"],"combat":"blood_defense_pattern","combat_effects":[{"flag":"guarded","kind":"add_flag"}],"essence_cost":1.0,"feeding_cost":1.0,"feeding_need":{"venom_sac":1.0},"field_actions":["guard"],"id":"gen_blood_defense_010_gu","rank":1.0,"rarity":"common","replace_value":2.0,"role":"defense","school":"blood","slot_role":"defense","source":"game_new","synergy_hooks":["guard_self"],"tags":["blood","defense","guard"],"value":3.0},{"card_blueprint_ids":["gen_blood_movement_011_card"],"combat":"blood_movement_pattern","combat_effects":[{"flag":"retreat_preserved","kind":"add_flag"}],"essence_cost":1.0,"feeding_cost":1.0,"feeding_need":{"moon_dew":1.0},"field_actions":["escape","signal"],"id":"gen_blood_movement_011_gu","rank":1.0,"rarity":"common","replace_value":2.0,"role":"movement","school":"blood","slot_role":"movement","source":"game_new","synergy_hooks":["preserve_retreat"],"tags":["blood","movement","escape"],"value":3.0},{"card_blueprint_ids":["gen_blood_healing_012_card"],"combat":"blood_healing_pattern","combat_effects":[{"amount":1.0,"kind":"heal_injury"}],"essence_cost":1.0,"feeding_cost":1.0,"feeding_need":{"beast_blood":1.0},"field_actions":["heal"],"id":"gen_blood_healing_012_gu","rank":1.0,"rarity":"common","replace_value":2.0,"role":"healing","school":"blood","slot_role":"healing","source":"game_new","synergy_hooks":["relief_injury"],"tags":["blood","healing","drain"],"value":3.0},{"card_blueprint_ids":["gen_blood_recon_013_card"],"combat":"blood_recon_pattern","combat_effects":[{"flag":"revealed","kind":"add_flag"},{"amount":1.0,"kind":"delay_progress"}],"essence_cost":1.0,"feeding_cost":1.0,"feeding_need":{"beast_bone":1.0},"field_actions":["scout","disguise"],"id":"gen_blood_recon_013_gu","rank":1.0,"rarity":"common","replace_value":2.0,"role":"recon","school":"blood","slot_role":"recon","source":"game_new","synergy_hooks":["reveal_hidden"],"tags":["blood","scout","reveal"],"value":3.0},{"card_blueprint_ids":["gen_blood_logistics_014_card"],"combat":"blood_logistics_pattern","combat_effects":[{"amount":1.0,"kind":"delay_progress"}],"essence_cost":1.0,"feeding_cost":1.0,"feeding_need":{"venom_sac":1.0},"field_actions":["feed","store"],"id":"gen_blood_logistics_014_gu","rank":1.0,"rarity":"common","replace_value":2.0,"role":"logistics","school":"blood","slot_role":"logistics","source":"game_new","synergy_hooks":["slow_enemy"],"tags":["blood","tempo","subtle"],"value":3.0},{"card_blueprint_ids":["gen_blood_attack_015_card"],"combat":"blood_attack_pattern","combat_effects":[{"amount":2.0,"kind":"strike"}],"essence_cost":1.0,"feeding_cost":1.0,"feeding_need":{"moon_dew":1.0},"field_actions":["attack"],"id":"gen_blood_attack_015_gu","rank":1.0,"rarity":"common","replace_value":2.0,"role":"attack","school":"blood","slot_role":"attack","source":"game_new","synergy_hooks":["strike_enemy"],"tags":["blood","attack","projectile"],"value":3.0},{"card_blueprint_ids":["gen_blood_attack_016_card"],"combat":"blood_attack_pattern","combat_effects":[{"amount":2.0,"kind":"strike"}],"essence_cost":1.0,"feeding_cost":1.0,"feeding_need":{"beast_blood":1.0},"field_actions":["attack"],"id":"gen_blood_attack_016_gu","rank":1.0,"rarity":"common","replace_value":2.0,"role":"attack","school":"blood","slot_role":"attack","source":"game_new","synergy_hooks":["strike_enemy"],"tags":["blood","attack","projectile"],"value":3.0},{"card_blueprint_ids":["gen_blood_defense_017_card"],"combat":"blood_defense_pattern","combat_effects":[{"flag":"guarded","kind":"add_flag"}],"essence_cost":1.0,"feeding_cost":1.0,"feeding_need":{"beast_bone":1.0},"field_actions":["guard"],"id":"gen_blood_defense_017_gu","rank":1.0,"rarity":"common","replace_value":2.0,"role":"defense","school":"blood","slot_role":"defense","source":"game_new","synergy_hooks":["guard_self"],"tags":["blood","defense","guard"],"value":3.0},{"card_blueprint_ids":["gen_blood_movement_018_card"],"combat":"blood_movement_pattern","combat_effects":[{"flag":"retreat_preserved","kind":"add_flag"}],"essence_cost":1.0,"feeding_cost":1.0,"feeding_need":{"venom_sac":1.0},"field_actions":["escape","signal"],"id":"gen_blood_movement_018_gu","rank":1.0,"rarity":"common","replace_value":2.0,"role":"movement","school":"blood","slot_role":"movement","source":"game_new","synergy_hooks":["preserve_retreat"],"tags":["blood","movement","escape"],"value":3.0},{"card_blueprint_ids":["gen_blood_healing_019_card"],"combat":"blood_healing_pattern","combat_effects":[{"amount":1.0,"kind":"heal_injury"}],"essence_cost":1.0,"feeding_cost":1.0,"feeding_need":{"moon_dew":1.0},"field_actions":["heal"],"id":"gen_blood_healing_019_gu","rank":1.0,"rarity":"common","replace_value":2.0,"role":"healing","school":"blood","slot_role":"healing","source":"game_new","synergy_hooks":["relief_injury"],"tags":["blood","healing","drain"],"value":3.0},{"card_blueprint_ids":["gen_blood_recon_020_card"],"combat":"blood_recon_pattern","combat_effects":[{"flag":"revealed","kind":"add_flag"},{"amount":1.0,"kind":"delay_progress"}],"essence_cost":1.0,"feeding_cost":1.0,"feeding_need":{"beast_blood":1.0},"field_actions":["scout","disguise"],"id":"gen_blood_recon_020_gu","rank":1.0,"rarity":"common","replace_value":2.0,"role":"recon","school":"blood","slot_role":"recon","source":"game_new","synergy_hooks":["reveal_hidden"],"tags":["blood","scout","reveal"],"value":3.0},{"card_blueprint_ids":["gen_blood_logistics_021_card"],"combat":"blood_logistics_pattern","combat_effects":[{"amount":1.0,"kind":"delay_progress"}],"essence_cost":1.0,"feeding_cost":1.0,"feeding_need":{"beast_bone":1.0},"field_actions":["feed","store"],"id":"gen_blood_logistics_021_gu","rank":1.0,"rarity":"common","replace_value":2.0,"role":"logistics","school":"blood","slot_role":"logistics","source":"game_new","synergy_hooks":["slow_enemy"],"tags":["blood","tempo","subtle"],"value":3.0},{"card_blueprint_ids":["gen_blood_attack_022_card"],"combat":"blood_attack_pattern","combat_effects":[{"amount":2.0,"kind":"strike"}],"essence_cost":1.0,"feeding_cost":1.0,"feeding_need":{"venom_sac":1.0},"field_actions":["attack"],"id":"gen_blood_attack_022_gu","rank":1.0,"rarity":"common","replace_value":2.0,"role":"attack","school":"blood","slot_role":"attack","source":"game_new","synergy_hooks":["strike_enemy"],"tags":["blood","attack","projectile"],"value":3.0},{"card_blueprint_ids":["gen_blood_attack_023_card"],"combat":"blood_attack_pattern","combat_effects":[{"amount":2.0,"kind":"strike"}],"essence_cost":1.0,"feeding_cost":1.0,"feeding_need":{"moon_dew":1.0},"field_actions":["attack"],"id":"gen_blood_attack_023_gu","rank":2.0,"rarity":"rare","replace_value":4.0,"role":"attack","school":"blood","slot_role":"attack","source":"game_new","synergy_hooks":["strike_enemy"],"tags":["blood","attack","projectile"],"value":5.0},{"card_blueprint_ids":["gen_blood_defense_024_card"],"combat":"blood_defense_pattern","combat_effects":[{"flag":"guarded","kind":"add_flag"}],"essence_cost":1.0,"feeding_cost":1.0,"feeding_need":{"beast_blood":1.0},"field_actions":["guard"],"id":"gen_blood_defense_024_gu","rank":2.0,"rarity":"rare","replace_value":4.0,"role":"defense","school":"blood","slot_role":"defense","source":"game_new","synergy_hooks":["guard_self"],"tags":["blood","defense","guard"],"value":5.0},{"card_blueprint_ids":["gen_blood_movement_025_card"],"combat":"blood_movement_pattern","combat_effects":[{"flag":"retreat_preserved","kind":"add_flag"}],"essence_cost":1.0,"feeding_cost":1.0,"feeding_need":{"beast_bone":1.0},"field_actions":["escape","signal"],"id":"gen_blood_movement_025_gu","rank":2.0,"rarity":"rare","replace_value":4.0,"role":"movement","school":"blood","slot_role":"movement","source":"game_new","synergy_hooks":["preserve_retreat"],"tags":["blood","movement","escape"],"value":5.0},{"card_blueprint_ids":["gen_blood_healing_026_card"],"combat":"blood_healing_pattern","combat_effects":[{"amount":1.0,"kind":"heal_injury"}],"essence_cost":1.0,"feeding_cost":1.0,"feeding_need":{"venom_sac":1.0},"field_actions":["heal"],"id":"gen_blood_healing_026_gu","rank":2.0,"rarity":"rare","replace_value":4.0,"role":"healing","school":"blood","slot_role":"healing","source":"game_new","synergy_hooks":["relief_injury"],"tags":["blood","healing","drain"],"value":5.0},{"card_blueprint_ids":["gen_blood_recon_027_card"],"combat":"blood_recon_pattern","combat_effects":[{"flag":"revealed","kind":"add_flag"},{"amount":1.0,"kind":"delay_progress"}],"essence_cost":1.0,"feeding_cost":1.0,"feeding_need":{"moon_dew":1.0},"field_actions":["scout","disguise"],"id":"gen_blood_recon_027_gu","rank":2.0,"rarity":"rare","replace_value":4.0,"role":"recon","school":"blood","slot_role":"recon","source":"game_new","synergy_hooks":["reveal_hidden"],"tags":["blood","scout","reveal"],"value":5.0},{"card_blueprint_ids":["gen_blood_logistics_028_card"],"combat":"blood_logistics_pattern","combat_effects":[{"amount":1.0,"kind":"delay_progress"}],"essence_cost":1.0,"feeding_cost":1.0,"feeding_need":{"beast_blood":1.0},"field_actions":["feed","store"],"id":"gen_blood_logistics_028_gu","rank":2.0,"rarity":"rare","replace_value":4.0,"role":"logistics","school":"blood","slot_role":"logistics","source":"game_new","synergy_hooks":["slow_enemy"],"tags":["blood","tempo","subtle"],"value":5.0},{"card_blueprint_ids":["gen_blood_attack_029_card"],"combat":"blood_attack_pattern","combat_effects":[{"amount":2.0,"kind":"strike"}],"essence_cost":1.0,"feeding_cost":1.0,"feeding_need":{"beast_bone":1.0},"field_actions":["attack"],"id":"gen_blood_attack_029_gu","rank":2.0,"rarity":"rare","replace_value":4.0,"role":"attack","school":"blood","slot_role":"attack","source":"game_new","synergy_hooks":["strike_enemy"],"tags":["blood","attack","projectile"],"value":5.0},{"card_blueprint_ids":["gen_blood_attack_030_card"],"combat":"blood_attack_pattern","combat_effects":[{"amount":2.0,"kind":"strike"}],"essence_cost":1.0,"feeding_cost":1.0,"feeding_need":{"venom_sac":1.0},"field_actions":["attack"],"id":"gen_blood_attack_030_gu","rank":2.0,"rarity":"rare","replace_value":4.0,"role":"attack","school":"blood","slot_role":"attack","source":"game_new","synergy_hooks":["strike_enemy"],"tags":["blood","attack","projectile"],"value":5.0},{"card_blueprint_ids":["gen_blood_defense_031_card"],"combat":"blood_defense_pattern","combat_effects":[{"flag":"guarded","kind":"add_flag"}],"essence_cost":1.0,"feeding_cost":1.0,"feeding_need":{"moon_dew":1.0},"field_actions":["guard"],"id":"gen_blood_defense_031_gu","rank":2.0,"rarity":"rare","replace_value":4.0,"role":"defense","school":"blood","slot_role":"defense","source":"game_new","synergy_hooks":["guard_self"],"tags":["blood","defense","guard"],"value":5.0},{"card_blueprint_ids":["gen_blood_movement_032_card"],"combat":"blood_movement_pattern","combat_effects":[{"flag":"retreat_preserved","kind":"add_flag"}],"essence_cost":1.0,"feeding_cost":1.0,"feeding_need":{"beast_blood":1.0},"field_actions":["escape","signal"],"id":"gen_blood_movement_032_gu","rank":2.0,"rarity":"rare","replace_value":4.0,"role":"movement","school":"blood","slot_role":"movement","source":"game_new","synergy_hooks":["preserve_retreat"],"tags":["blood","movement","escape"],"value":5.0},{"card_blueprint_ids":["gen_blood_healing_033_card"],"combat":"blood_healing_pattern","combat_effects":[{"amount":1.0,"kind":"heal_injury"}],"essence_cost":2.0,"feeding_cost":1.0,"feeding_need":{"beast_bone":1.0},"field_actions":["heal"],"id":"gen_blood_healing_033_gu","rank":3.0,"rarity":"epic","replace_value":7.0,"role":"healing","school":"blood","slot_role":"healing","source":"game_new","synergy_hooks":["relief_injury"],"tags":["blood","healing","drain"],"value":8.0},{"card_blueprint_ids":["gen_blood_recon_034_card"],"combat":"blood_recon_pattern","combat_effects":[{"flag":"revealed","kind":"add_flag"},{"amount":1.0,"kind":"delay_progress"}],"essence_cost":2.0,"feeding_cost":1.0,"feeding_need":{"venom_sac":1.0},"field_actions":["scout","disguise"],"id":"gen_blood_recon_034_gu","rank":3.0,"rarity":"epic","replace_value":7.0,"role":"recon","school":"blood","slot_role":"recon","source":"game_new","synergy_hooks":["reveal_hidden"],"tags":["blood","scout","reveal"],"value":8.0},{"card_blueprint_ids":["gen_qi_logistics_035_card"],"combat":"qi_logistics_pattern","combat_effects":[{"amount":1.0,"kind":"delay_progress"}],"essence_cost":1.0,"feeding_cost":1.0,"feeding_need":{"moon_dew":1.0},"field_actions":["feed","store"],"id":"gen_qi_logistics_035_gu","rank":1.0,"rarity":"common","replace_value":2.0,"role":"logistics","school":"qi","slot_role":"logistics","source":"game_new","synergy_hooks":["slow_enemy"],"tags":["qi","tempo","subtle"],"value":3.0},{"card_blueprint_ids":["gen_qi_attack_036_card"],"combat":"qi_attack_pattern","combat_effects":[{"amount":2.0,"kind":"strike"}],"essence_cost":1.0,"feeding_cost":1.0,"feeding_need":{"beast_blood":1.0},"field_actions":["attack"],"id":"gen_qi_attack_036_gu","rank":1.0,"rarity":"common","replace_value":2.0,"role":"attack","school":"qi","slot_role":"attack","source":"game_new","synergy_hooks":["strike_enemy"],"tags":["qi","attack","projectile"],"value":3.0},{"card_blueprint_ids":["gen_qi_attack_037_card"],"combat":"qi_attack_pattern","combat_effects":[{"amount":2.0,"kind":"strike"}],"essence_cost":1.0,"feeding_cost":1.0,"feeding_need":{"beast_bone":1.0},"field_actions":["attack"],"id":"gen_qi_attack_037_gu","rank":1.0,"rarity":"common","replace_value":2.0,"role":"attack","school":"qi","slot_role":"attack","source":"game_new","synergy_hooks":["strike_enemy"],"tags":["qi","attack","projectile"],"value":3.0},{"card_blueprint_ids":["gen_qi_defense_038_card"],"combat":"qi_defense_pattern","combat_effects":[{"flag":"guarded","kind":"add_flag"}],"essence_cost":1.0,"feeding_cost":1.0,"feeding_need":{"venom_sac":1.0},"field_actions":["guard"],"id":"gen_qi_defense_038_gu","rank":1.0,"rarity":"common","replace_value":2.0,"role":"defense","school":"qi","slot_role":"defense","source":"game_new","synergy_hooks":["guard_self"],"tags":["qi","defense","guard"],"value":3.0},{"card_blueprint_ids":["gen_qi_movement_039_card"],"combat":"qi_movement_pattern","combat_effects":[{"flag":"retreat_preserved","kind":"add_flag"}],"essence_cost":1.0,"feeding_cost":1.0,"feeding_need":{"moon_dew":1.0},"field_actions":["escape","signal"],"id":"gen_qi_movement_039_gu","rank":1.0,"rarity":"common","replace_value":2.0,"role":"movement","school":"qi","slot_role":"movement","source":"game_new","synergy_hooks":["preserve_retreat"],"tags":["qi","movement","escape"],"value":3.0},{"card_blueprint_ids":["gen_qi_healing_040_card"],"combat":"qi_healing_pattern","combat_effects":[{"amount":1.0,"kind":"heal_injury"}],"essence_cost":1.0,"feeding_cost":1.0,"feeding_need":{"beast_blood":1.0},"field_actions":["heal"],"id":"gen_qi_healing_040_gu","rank":1.0,"rarity":"common","replace_value":2.0,"role":"healing","school":"qi","slot_role":"healing","source":"game_new","synergy_hooks":["relief_injury"],"tags":["qi","healing","drain"],"value":3.0},{"card_blueprint_ids":["gen_qi_recon_041_card"],"combat":"qi_recon_pattern","combat_effects":[{"flag":"revealed","kind":"add_flag"},{"amount":1.0,"kind":"delay_progress"}],"essence_cost":1.0,"feeding_cost":1.0,"feeding_need":{"beast_bone":1.0},"field_actions":["scout","disguise"],"id":"gen_qi_recon_041_gu","rank":1.0,"rarity":"common","replace_value":2.0,"role":"recon","school":"qi","slot_role":"recon","source":"game_new","synergy_hooks":["reveal_hidden"],"tags":["qi","scout","reveal"],"value":3.0},{"card_blueprint_ids":["gen_qi_logistics_042_card"],"combat":"qi_logistics_pattern","combat_effects":[{"amount":1.0,"kind":"delay_progress"}],"essence_cost":1.0,"feeding_cost":1.0,"feeding_need":{"venom_sac":1.0},"field_actions":["feed","store"],"id":"gen_qi_logistics_042_gu","rank":1.0,"rarity":"common","replace_value":2.0,"role":"logistics","school":"qi","slot_role":"logistics","source":"game_new","synergy_hooks":["slow_enemy"],"tags":["qi","tempo","subtle"],"value":3.0},{"card_blueprint_ids":["gen_qi_attack_043_card"],"combat":"qi_attack_pattern","combat_effects":[{"amount":2.0,"kind":"strike"}],"essence_cost":1.0,"feeding_cost":1.0,"feeding_need":{"moon_dew":1.0},"field_actions":["attack"],"id":"gen_qi_attack_043_gu","rank":1.0,"rarity":"common","replace_value":2.0,"role":"attack","school":"qi","slot_role":"attack","source":"game_new","synergy_hooks":["strike_enemy"],"tags":["qi","attack","projectile"],"value":3.0},{"card_blueprint_ids":["gen_qi_attack_044_card"],"combat":"qi_attack_pattern","combat_effects":[{"amount":2.0,"kind":"strike"}],"essence_cost":1.0,"feeding_cost":1.0,"feeding_need":{"beast_blood":1.0},"field_actions":["attack"],"id":"gen_qi_attack_044_gu","rank":1.0,"rarity":"common","replace_value":2.0,"role":"attack","school":"qi","slot_role":"attack","source":"game_new","synergy_hooks":["strike_enemy"],"tags":["qi","attack","projectile"],"value":3.0},{"card_blueprint_ids":["gen_qi_defense_045_card"],"combat":"qi_defense_pattern","combat_effects":[{"flag":"guarded","kind":"add_flag"}],"essence_cost":1.0,"feeding_cost":1.0,"feeding_need":{"beast_bone":1.0},"field_actions":["guard"],"id":"gen_qi_defense_045_gu","rank":1.0,"rarity":"common","replace_value":2.0,"role":"defense","school":"qi","slot_role":"defense","source":"game_new","synergy_hooks":["guard_self"],"tags":["qi","defense","guard"],"value":3.0},{"card_blueprint_ids":["gen_qi_movement_046_card"],"combat":"qi_movement_pattern","combat_effects":[{"flag":"retreat_preserved","kind":"add_flag"}],"essence_cost":1.0,"feeding_cost":1.0,"feeding_need":{"venom_sac":1.0},"field_actions":["escape","signal"],"id":"gen_qi_movement_046_gu","rank":1.0,"rarity":"common","replace_value":2.0,"role":"movement","school":"qi","slot_role":"movement","source":"game_new","synergy_hooks":["preserve_retreat"],"tags":["qi","movement","escape"],"value":3.0},{"card_blueprint_ids":["gen_qi_healing_047_card"],"combat":"qi_healing_pattern","combat_effects":[{"amount":1.0,"kind":"heal_injury"}],"essence_cost":1.0,"feeding_cost":1.0,"feeding_need":{"moon_dew":1.0},"field_actions":["heal"],"id":"gen_qi_healing_047_gu","rank":1.0,"rarity":"common","replace_value":2.0,"role":"healing","school":"qi","slot_role":"healing","source":"game_new","synergy_hooks":["relief_injury"],"tags":["qi","healing","drain"],"value":3.0},{"card_blueprint_ids":["gen_qi_recon_048_card"],"combat":"qi_recon_pattern","combat_effects":[{"flag":"revealed","kind":"add_flag"},{"amount":1.0,"kind":"delay_progress"}],"essence_cost":1.0,"feeding_cost":1.0,"feeding_need":{"beast_blood":1.0},"field_actions":["scout","disguise"],"id":"gen_qi_recon_048_gu","rank":1.0,"rarity":"common","replace_value":2.0,"role":"recon","school":"qi","slot_role":"recon","source":"game_new","synergy_hooks":["reveal_hidden"],"tags":["qi","scout","reveal"],"value":3.0},{"card_blueprint_ids":["gen_qi_logistics_049_card"],"combat":"qi_logistics_pattern","combat_effects":[{"amount":1.0,"kind":"delay_progress"}],"essence_cost":1.0,"feeding_cost":1.0,"feeding_need":{"beast_bone":1.0},"field_actions":["feed","store"],"id":"gen_qi_logistics_049_gu","rank":1.0,"rarity":"common","replace_value":2.0,"role":"logistics","school":"qi","slot_role":"logistics","source":"game_new","synergy_hooks":["slow_enemy"],"tags":["qi","tempo","subtle"],"value":3.0},{"card_blueprint_ids":["gen_qi_attack_050_card"],"combat":"qi_attack_pattern","combat_effects":[{"amount":2.0,"kind":"strike"}],"essence_cost":1.0,"feeding_cost":1.0,"feeding_need":{"venom_sac":1.0},"field_actions":["attack"],"id":"gen_qi_attack_050_gu","rank":1.0,"rarity":"common","replace_value":2.0,"role":"attack","school":"qi","slot_role":"attack","source":"game_new","synergy_hooks":["strike_enemy"],"tags":["qi","attack","projectile"],"value":3.0},{"card_blueprint_ids":["gen_qi_attack_051_card"],"combat":"qi_attack_pattern","combat_effects":[{"amount":2.0,"kind":"strike"}],"essence_cost":1.0,"feeding_cost":1.0,"feeding_need":{"moon_dew":1.0},"field_actions":["attack"],"id":"gen_qi_attack_051_gu","rank":1.0,"rarity":"common","replace_value":2.0,"role":"attack","school":"qi","slot_role":"attack","source":"game_new","synergy_hooks":["strike_enemy"],"tags":["qi","attack","projectile"],"value":3.0},{"card_blueprint_ids":["gen_qi_defense_052_card"],"combat":"qi_defense_pattern","combat_effects":[{"flag":"guarded","kind":"add_flag"}],"essence_cost":1.0,"feeding_cost":1.0,"feeding_need":{"beast_blood":1.0},"field_actions":["guard"],"id":"gen_qi_defense_052_gu","rank":1.0,"rarity":"common","replace_value":2.0,"role":"defense","school":"qi","slot_role":"defense","source":"game_new","synergy_hooks":["guard_self"],"tags":["qi","defense","guard"],"value":3.0},{"card_blueprint_ids":["gen_qi_movement_053_card"],"combat":"qi_movement_pattern","combat_effects":[{"flag":"retreat_preserved","kind":"add_flag"}],"essence_cost":1.0,"feeding_cost":1.0,"feeding_need":{"beast_bone":1.0},"field_actions":["escape","signal"],"id":"gen_qi_movement_053_gu","rank":1.0,"rarity":"common","replace_value":2.0,"role":"movement","school":"qi","slot_role":"movement","source":"game_new","synergy_hooks":["preserve_retreat"],"tags":["qi","movement","escape"],"value":3.0},{"card_blueprint_ids":["gen_qi_healing_054_card"],"combat":"qi_healing_pattern","combat_effects":[{"amount":1.0,"kind":"heal_injury"}],"essence_cost":1.0,"feeding_cost":1.0,"feeding_need":{"venom_sac":1.0},"field_actions":["heal"],"id":"gen_qi_healing_054_gu","rank":2.0,"rarity":"rare","replace_value":4.0,"role":"healing","school":"qi","slot_role":"healing","source":"game_new","synergy_hooks":["relief_injury"],"tags":["qi","healing","drain"],"value":5.0},{"card_blueprint_ids":["gen_qi_recon_055_card"],"combat":"qi_recon_pattern","combat_effects":[{"flag":"revealed","kind":"add_flag"},{"amount":1.0,"kind":"delay_progress"}],"essence_cost":1.0,"feeding_cost":1.0,"feeding_need":{"moon_dew":1.0},"field_actions":["scout","disguise"],"id":"gen_qi_recon_055_gu","rank":2.0,"rarity":"rare","replace_value":4.0,"role":"recon","school":"qi","slot_role":"recon","source":"game_new","synergy_hooks":["reveal_hidden"],"tags":["qi","scout","reveal"],"value":5.0},{"card_blueprint_ids":["gen_qi_logistics_056_card"],"combat":"qi_logistics_pattern","combat_effects":[{"amount":1.0,"kind":"delay_progress"}],"essence_cost":1.0,"feeding_cost":1.0,"feeding_need":{"beast_blood":1.0},"field_actions":["feed","store"],"id":"gen_qi_logistics_056_gu","rank":2.0,"rarity":"rare","replace_value":4.0,"role":"logistics","school":"qi","slot_role":"logistics","source":"game_new","synergy_hooks":["slow_enemy"],"tags":["qi","tempo","subtle"],"value":5.0},{"card_blueprint_ids":["gen_qi_attack_057_card"],"combat":"qi_attack_pattern","combat_effects":[{"amount":2.0,"kind":"strike"}],"essence_cost":1.0,"feeding_cost":1.0,"feeding_need":{"beast_bone":1.0},"field_actions":["attack"],"id":"gen_qi_attack_057_gu","rank":2.0,"rarity":"rare","replace_value":4.0,"role":"attack","school":"qi","slot_role":"attack","source":"game_new","synergy_hooks":["strike_enemy"],"tags":["qi","attack","projectile"],"value":5.0},{"card_blueprint_ids":["gen_qi_attack_058_card"],"combat":"qi_attack_pattern","combat_effects":[{"amount":2.0,"kind":"strike"}],"essence_cost":1.0,"feeding_cost":1.0,"feeding_need":{"venom_sac":1.0},"field_actions":["attack"],"id":"gen_qi_attack_058_gu","rank":2.0,"rarity":"rare","replace_value":4.0,"role":"attack","school":"qi","slot_role":"attack","source":"game_new","synergy_hooks":["strike_enemy"],"tags":["qi","attack","projectile"],"value":5.0},{"card_blueprint_ids":["gen_qi_defense_059_card"],"combat":"qi_defense_pattern","combat_effects":[{"flag":"guarded","kind":"add_flag"}],"essence_cost":1.0,"feeding_cost":1.0,"feeding_need":{"moon_dew":1.0},"field_actions":["guard"],"id":"gen_qi_defense_059_gu","rank":2.0,"rarity":"rare","replace_value":4.0,"role":"defense","school":"qi","slot_role":"defense","source":"game_new","synergy_hooks":["guard_self"],"tags":["qi","defense","guard"],"value":5.0},{"card_blueprint_ids":["gen_qi_movement_060_card"],"combat":"qi_movement_pattern","combat_effects":[{"flag":"retreat_preserved","kind":"add_flag"}],"essence_cost":1.0,"feeding_cost":1.0,"feeding_need":{"beast_blood":1.0},"field_actions":["escape","signal"],"id":"gen_qi_movement_060_gu","rank":2.0,"rarity":"rare","replace_value":4.0,"role":"movement","school":"qi","slot_role":"movement","source":"game_new","synergy_hooks":["preserve_retreat"],"tags":["qi","movement","escape"],"value":5.0},{"card_blueprint_ids":["gen_qi_healing_061_card"],"combat":"qi_healing_pattern","combat_effects":[{"amount":1.0,"kind":"heal_injury"}],"essence_cost":1.0,"feeding_cost":1.0,"feeding_need":{"beast_bone":1.0},"field_actions":["heal"],"id":"gen_qi_healing_061_gu","rank":2.0,"rarity":"rare","replace_value":4.0,"role":"healing","school":"qi","slot_role":"healing","source":"game_new","synergy_hooks":["relief_injury"],"tags":["qi","healing","drain"],"value":5.0},{"card_blueprint_ids":["gen_qi_recon_062_card"],"combat":"qi_recon_pattern","combat_effects":[{"flag":"revealed","kind":"add_flag"},{"amount":1.0,"kind":"delay_progress"}],"essence_cost":1.0,"feeding_cost":1.0,"feeding_need":{"venom_sac":1.0},"field_actions":["scout","disguise"],"id":"gen_qi_recon_062_gu","rank":2.0,"rarity":"rare","replace_value":4.0,"role":"recon","school":"qi","slot_role":"recon","source":"game_new","synergy_hooks":["reveal_hidden"],"tags":["qi","scout","reveal"],"value":5.0},{"card_blueprint_ids":["gen_qi_logistics_063_card"],"combat":"qi_logistics_pattern","combat_effects":[{"amount":1.0,"kind":"delay_progress"}],"essence_cost":1.0,"feeding_cost":1.0,"feeding_need":{"moon_dew":1.0},"field_actions":["feed","store"],"id":"gen_qi_logistics_063_gu","rank":2.0,"rarity":"rare","replace_value":4.0,"role":"logistics","school":"qi","slot_role":"logistics","source":"game_new","synergy_hooks":["slow_enemy"],"tags":["qi","tempo","subtle"],"value":5.0},{"card_blueprint_ids":["gen_qi_attack_064_card"],"combat":"qi_attack_pattern","combat_effects":[{"amount":2.0,"kind":"strike"}],"essence_cost":1.0,"feeding_cost":1.0,"feeding_need":{"beast_blood":1.0},"field_actions":["attack"],"id":"gen_qi_attack_064_gu","rank":2.0,"rarity":"rare","replace_value":4.0,"role":"attack","school":"qi","slot_role":"attack","source":"game_new","synergy_hooks":["strike_enemy"],"tags":["qi","attack","projectile"],"value":5.0},{"card_blueprint_ids":["gen_qi_attack_065_card"],"combat":"qi_attack_pattern","combat_effects":[{"amount":3.0,"kind":"strike"}],"essence_cost":2.0,"feeding_cost":1.0,"feeding_need":{"beast_bone":1.0},"field_actions":["attack"],"id":"gen_qi_attack_065_gu","rank":3.0,"rarity":"epic","replace_value":7.0,"role":"attack","school":"qi","slot_role":"attack","source":"game_new","synergy_hooks":["strike_enemy"],"tags":["qi","attack","projectile"],"value":8.0},{"card_blueprint_ids":["gen_qi_defense_066_card"],"combat":"qi_defense_pattern","combat_effects":[{"flag":"guarded","kind":"add_flag"}],"essence_cost":2.0,"feeding_cost":1.0,"feeding_need":{"venom_sac":1.0},"field_actions":["guard"],"id":"gen_qi_defense_066_gu","rank":3.0,"rarity":"epic","replace_value":7.0,"role":"defense","school":"qi","slot_role":"defense","source":"game_new","synergy_hooks":["guard_self"],"tags":["qi","defense","guard"],"value":8.0},{"card_blueprint_ids":["gen_qi_movement_067_card"],"combat":"qi_movement_pattern","combat_effects":[{"flag":"retreat_preserved","kind":"add_flag"}],"essence_cost":2.0,"feeding_cost":1.0,"feeding_need":{"moon_dew":1.0},"field_actions":["escape","signal"],"id":"gen_qi_movement_067_gu","rank":3.0,"rarity":"epic","replace_value":7.0,"role":"movement","school":"qi","slot_role":"movement","source":"game_new","synergy_hooks":["preserve_retreat"],"tags":["qi","movement","escape"],"value":8.0},{"card_blueprint_ids":["gen_force_healing_068_card"],"combat":"force_healing_pattern","combat_effects":[{"amount":1.0,"kind":"heal_injury"}],"essence_cost":1.0,"feeding_cost":1.0,"feeding_need":{"beast_blood":1.0},"field_actions":["heal"],"id":"gen_force_healing_068_gu","rank":1.0,"rarity":"common","replace_value":2.0,"role":"healing","school":"force","slot_role":"healing","source":"game_new","synergy_hooks":["relief_injury"],"tags":["force","healing","drain"],"value":3.0},{"card_blueprint_ids":["gen_force_recon_069_card"],"combat":"force_recon_pattern","combat_effects":[{"flag":"revealed","kind":"add_flag"},{"amount":1.0,"kind":"delay_progress"}],"essence_cost":1.0,"feeding_cost":1.0,"feeding_need":{"beast_bone":1.0},"field_actions":["scout","disguise"],"id":"gen_force_recon_069_gu","rank":1.0,"rarity":"common","replace_value":2.0,"role":"recon","school":"force","slot_role":"recon","source":"game_new","synergy_hooks":["reveal_hidden"],"tags":["force","scout","reveal"],"value":3.0},{"card_blueprint_ids":["gen_force_logistics_070_card"],"combat":"force_logistics_pattern","combat_effects":[{"amount":1.0,"kind":"delay_progress"}],"essence_cost":1.0,"feeding_cost":1.0,"feeding_need":{"venom_sac":1.0},"field_actions":["feed","store"],"id":"gen_force_logistics_070_gu","rank":1.0,"rarity":"common","replace_value":2.0,"role":"logistics","school":"force","slot_role":"logistics","source":"game_new","synergy_hooks":["slow_enemy"],"tags":["force","tempo","subtle"],"value":3.0},{"card_blueprint_ids":["gen_force_attack_071_card"],"combat":"force_attack_pattern","combat_effects":[{"amount":2.0,"kind":"strike"}],"essence_cost":1.0,"feeding_cost":1.0,"feeding_need":{"moon_dew":1.0},"field_actions":["attack"],"id":"gen_force_attack_071_gu","rank":1.0,"rarity":"common","replace_value":2.0,"role":"attack","school":"force","slot_role":"attack","source":"game_new","synergy_hooks":["strike_enemy"],"tags":["force","attack","projectile"],"value":3.0},{"card_blueprint_ids":["gen_force_attack_072_card"],"combat":"force_attack_pattern","combat_effects":[{"amount":2.0,"kind":"strike"}],"essence_cost":1.0,"feeding_cost":1.0,"feeding_need":{"beast_blood":1.0},"field_actions":["attack"],"id":"gen_force_attack_072_gu","rank":1.0,"rarity":"common","replace_value":2.0,"role":"attack","school":"force","slot_role":"attack","source":"game_new","synergy_hooks":["strike_enemy"],"tags":["force","attack","projectile"],"value":3.0},{"card_blueprint_ids":["gen_force_defense_073_card"],"combat":"force_defense_pattern","combat_effects":[{"flag":"guarded","kind":"add_flag"}],"essence_cost":1.0,"feeding_cost":1.0,"feeding_need":{"beast_bone":1.0},"field_actions":["guard"],"id":"gen_force_defense_073_gu","rank":1.0,"rarity":"common","replace_value":2.0,"role":"defense","school":"force","slot_role":"defense","source":"game_new","synergy_hooks":["guard_self"],"tags":["force","defense","guard"],"value":3.0},{"card_blueprint_ids":["gen_force_movement_074_card"],"combat":"force_movement_pattern","combat_effects":[{"flag":"retreat_preserved","kind":"add_flag"}],"essence_cost":1.0,"feeding_cost":1.0,"feeding_need":{"venom_sac":1.0},"field_actions":["escape","signal"],"id":"gen_force_movement_074_gu","rank":1.0,"rarity":"common","replace_value":2.0,"role":"movement","school":"force","slot_role":"movement","source":"game_new","synergy_hooks":["preserve_retreat"],"tags":["force","movement","escape"],"value":3.0},{"card_blueprint_ids":["gen_force_healing_075_card"],"combat":"force_healing_pattern","combat_effects":[{"amount":1.0,"kind":"heal_injury"}],"essence_cost":1.0,"feeding_cost":1.0,"feeding_need":{"moon_dew":1.0},"field_actions":["heal"],"id":"gen_force_healing_075_gu","rank":1.0,"rarity":"common","replace_value":2.0,"role":"healing","school":"force","slot_role":"healing","source":"game_new","synergy_hooks":["relief_injury"],"tags":["force","healing","drain"],"value":3.0},{"card_blueprint_ids":["gen_force_recon_076_card"],"combat":"force_recon_pattern","combat_effects":[{"flag":"revealed","kind":"add_flag"},{"amount":1.0,"kind":"delay_progress"}],"essence_cost":1.0,"feeding_cost":1.0,"feeding_need":{"beast_blood":1.0},"field_actions":["scout","disguise"],"id":"gen_force_recon_076_gu","rank":1.0,"rarity":"common","replace_value":2.0,"role":"recon","school":"force","slot_role":"recon","source":"game_new","synergy_hooks":["reveal_hidden"],"tags":["force","scout","reveal"],"value":3.0},{"card_blueprint_ids":["gen_force_logistics_077_card"],"combat":"force_logistics_pattern","combat_effects":[{"amount":1.0,"kind":"delay_progress"}],"essence_cost":1.0,"feeding_cost":1.0,"feeding_need":{"beast_bone":1.0},"field_actions":["feed","store"],"id":"gen_force_logistics_077_gu","rank":1.0,"rarity":"common","replace_value":2.0,"role":"logistics","school":"force","slot_role":"logistics","source":"game_new","synergy_hooks":["slow_enemy"],"tags":["force","tempo","subtle"],"value":3.0},{"card_blueprint_ids":["gen_force_attack_078_card"],"combat":"force_attack_pattern","combat_effects":[{"amount":2.0,"kind":"strike"}],"essence_cost":1.0,"feeding_cost":1.0,"feeding_need":{"venom_sac":1.0},"field_actions":["attack"],"id":"gen_force_attack_078_gu","rank":1.0,"rarity":"common","replace_value":2.0,"role":"attack","school":"force","slot_role":"attack","source":"game_new","synergy_hooks":["strike_enemy"],"tags":["force","attack","projectile"],"value":3.0},{"card_blueprint_ids":["gen_force_attack_079_card"],"combat":"force_attack_pattern","combat_effects":[{"amount":2.0,"kind":"strike"}],"essence_cost":1.0,"feeding_cost":1.0,"feeding_need":{"moon_dew":1.0},"field_actions":["attack"],"id":"gen_force_attack_079_gu","rank":1.0,"rarity":"common","replace_value":2.0,"role":"attack","school":"force","slot_role":"attack","source":"game_new","synergy_hooks":["strike_enemy"],"tags":["force","attack","projectile"],"value":3.0},{"card_blueprint_ids":["gen_force_defense_080_card"],"combat":"force_defense_pattern","combat_effects":[{"flag":"guarded","kind":"add_flag"}],"essence_cost":1.0,"feeding_cost":1.0,"feeding_need":{"beast_blood":1.0},"field_actions":["guard"],"id":"gen_force_defense_080_gu","rank":1.0,"rarity":"common","replace_value":2.0,"role":"defense","school":"force","slot_role":"defense","source":"game_new","synergy_hooks":["guard_self"],"tags":["force","defense","guard"],"value":3.0},{"card_blueprint_ids":["gen_force_movement_081_card"],"combat":"force_movement_pattern","combat_effects":[{"flag":"retreat_preserved","kind":"add_flag"}],"essence_cost":1.0,"feeding_cost":1.0,"feeding_need":{"beast_bone":1.0},"field_actions":["escape","signal"],"id":"gen_force_movement_081_gu","rank":1.0,"rarity":"common","replace_value":2.0,"role":"movement","school":"force","slot_role":"movement","source":"game_new","synergy_hooks":["preserve_retreat"],"tags":["force","movement","escape"],"value":3.0},{"card_blueprint_ids":["gen_force_healing_082_card"],"combat":"force_healing_pattern","combat_effects":[{"amount":1.0,"kind":"heal_injury"}],"essence_cost":1.0,"feeding_cost":1.0,"feeding_need":{"venom_sac":1.0},"field_actions":["heal"],"id":"gen_force_healing_082_gu","rank":1.0,"rarity":"common","replace_value":2.0,"role":"healing","school":"force","slot_role":"healing","source":"game_new","synergy_hooks":["relief_injury"],"tags":["force","healing","drain"],"value":3.0},{"card_blueprint_ids":["gen_force_recon_083_card"],"combat":"force_recon_pattern","combat_effects":[{"flag":"revealed","kind":"add_flag"},{"amount":1.0,"kind":"delay_progress"}],"essence_cost":1.0,"feeding_cost":1.0,"feeding_need":{"moon_dew":1.0},"field_actions":["scout","disguise"],"id":"gen_force_recon_083_gu","rank":1.0,"rarity":"common","replace_value":2.0,"role":"recon","school":"force","slot_role":"recon","source":"game_new","synergy_hooks":["reveal_hidden"],"tags":["force","scout","reveal"],"value":3.0},{"card_blueprint_ids":["gen_force_logistics_084_card"],"combat":"force_logistics_pattern","combat_effects":[{"amount":1.0,"kind":"delay_progress"}],"essence_cost":1.0,"feeding_cost":1.0,"feeding_need":{"beast_blood":1.0},"field_actions":["feed","store"],"id":"gen_force_logistics_084_gu","rank":1.0,"rarity":"common","replace_value":2.0,"role":"logistics","school":"force","slot_role":"logistics","source":"game_new","synergy_hooks":["slow_enemy"],"tags":["force","tempo","subtle"],"value":3.0},{"card_blueprint_ids":["gen_force_attack_085_card"],"combat":"force_attack_pattern","combat_effects":[{"amount":2.0,"kind":"strike"}],"essence_cost":1.0,"feeding_cost":1.0,"feeding_need":{"beast_bone":1.0},"field_actions":["attack"],"id":"gen_force_attack_085_gu","rank":1.0,"rarity":"common","replace_value":2.0,"role":"attack","school":"force","slot_role":"attack","source":"game_new","synergy_hooks":["strike_enemy"],"tags":["force","attack","projectile"],"value":3.0},{"card_blueprint_ids":["gen_force_attack_086_card"],"combat":"force_attack_pattern","combat_effects":[{"amount":2.0,"kind":"strike"}],"essence_cost":1.0,"feeding_cost":1.0,"feeding_need":{"venom_sac":1.0},"field_actions":["attack"],"id":"gen_force_attack_086_gu","rank":1.0,"rarity":"common","replace_value":2.0,"role":"attack","school":"force","slot_role":"attack","source":"game_new","synergy_hooks":["strike_enemy"],"tags":["force","attack","projectile"],"value":3.0},{"card_blueprint_ids":["gen_force_defense_087_card"],"combat":"force_defense_pattern","combat_effects":[{"flag":"guarded","kind":"add_flag"}],"essence_cost":1.0,"feeding_cost":1.0,"feeding_need":{"moon_dew":1.0},"field_actions":["guard"],"id":"gen_force_defense_087_gu","rank":1.0,"rarity":"common","replace_value":2.0,"role":"defense","school":"force","slot_role":"defense","source":"game_new","synergy_hooks":["guard_self"],"tags":["force","defense","guard"],"value":3.0},{"card_blueprint_ids":["gen_force_movement_088_card"],"combat":"force_movement_pattern","combat_effects":[{"flag":"retreat_preserved","kind":"add_flag"}],"essence_cost":1.0,"feeding_cost":1.0,"feeding_need":{"beast_blood":1.0},"field_actions":["escape","signal"],"id":"gen_force_movement_088_gu","rank":1.0,"rarity":"common","replace_value":2.0,"role":"movement","school":"force","slot_role":"movement","source":"game_new","synergy_hooks":["preserve_retreat"],"tags":["force","movement","escape"],"value":3.0},{"card_blueprint_ids":["gen_force_healing_089_card"],"combat":"force_healing_pattern","combat_effects":[{"amount":1.0,"kind":"heal_injury"}],"essence_cost":1.0,"feeding_cost":1.0,"feeding_need":{"beast_bone":1.0},"field_actions":["heal"],"id":"gen_force_healing_089_gu","rank":2.0,"rarity":"rare","replace_value":4.0,"role":"healing","school":"force","slot_role":"healing","source":"game_new","synergy_hooks":["relief_injury"],"tags":["force","healing","drain"],"value":5.0},{"card_blueprint_ids":["gen_force_recon_090_card"],"combat":"force_recon_pattern","combat_effects":[{"flag":"revealed","kind":"add_flag"},{"amount":1.0,"kind":"delay_progress"}],"essence_cost":1.0,"feeding_cost":1.0,"feeding_need":{"venom_sac":1.0},"field_actions":["scout","disguise"],"id":"gen_force_recon_090_gu","rank":2.0,"rarity":"rare","replace_value":4.0,"role":"recon","school":"force","slot_role":"recon","source":"game_new","synergy_hooks":["reveal_hidden"],"tags":["force","scout","reveal"],"value":5.0},{"card_blueprint_ids":["gen_force_logistics_091_card"],"combat":"force_logistics_pattern","combat_effects":[{"amount":1.0,"kind":"delay_progress"}],"essence_cost":1.0,"feeding_cost":1.0,"feeding_need":{"moon_dew":1.0},"field_actions":["feed","store"],"id":"gen_force_logistics_091_gu","rank":2.0,"rarity":"rare","replace_value":4.0,"role":"logistics","school":"force","slot_role":"logistics","source":"game_new","synergy_hooks":["slow_enemy"],"tags":["force","tempo","subtle"],"value":5.0},{"card_blueprint_ids":["gen_force_attack_092_card"],"combat":"force_attack_pattern","combat_effects":[{"amount":2.0,"kind":"strike"}],"essence_cost":1.0,"feeding_cost":1.0,"feeding_need":{"beast_blood":1.0},"field_actions":["attack"],"id":"gen_force_attack_092_gu","rank":2.0,"rarity":"rare","replace_value":4.0,"role":"attack","school":"force","slot_role":"attack","source":"game_new","synergy_hooks":["strike_enemy"],"tags":["force","attack","projectile"],"value":5.0},{"card_blueprint_ids":["gen_force_attack_093_card"],"combat":"force_attack_pattern","combat_effects":[{"amount":2.0,"kind":"strike"}],"essence_cost":1.0,"feeding_cost":1.0,"feeding_need":{"beast_bone":1.0},"field_actions":["attack"],"id":"gen_force_attack_093_gu","rank":2.0,"rarity":"rare","replace_value":4.0,"role":"attack","school":"force","slot_role":"attack","source":"game_new","synergy_hooks":["strike_enemy"],"tags":["force","attack","projectile"],"value":5.0},{"card_blueprint_ids":["gen_force_defense_094_card"],"combat":"force_defense_pattern","combat_effects":[{"flag":"guarded","kind":"add_flag"}],"essence_cost":1.0,"feeding_cost":1.0,"feeding_need":{"venom_sac":1.0},"field_actions":["guard"],"id":"gen_force_defense_094_gu","rank":2.0,"rarity":"rare","replace_value":4.0,"role":"defense","school":"force","slot_role":"defense","source":"game_new","synergy_hooks":["guard_self"],"tags":["force","defense","guard"],"value":5.0},{"card_blueprint_ids":["gen_force_movement_095_card"],"combat":"force_movement_pattern","combat_effects":[{"flag":"retreat_preserved","kind":"add_flag"}],"essence_cost":1.0,"feeding_cost":1.0,"feeding_need":{"moon_dew":1.0},"field_actions":["escape","signal"],"id":"gen_force_movement_095_gu","rank":2.0,"rarity":"rare","replace_value":4.0,"role":"movement","school":"force","slot_role":"movement","source":"game_new","synergy_hooks":["preserve_retreat"],"tags":["force","movement","escape"],"value":5.0},{"card_blueprint_ids":["gen_force_healing_096_card"],"combat":"force_healing_pattern","combat_effects":[{"amount":1.0,"kind":"heal_injury"}],"essence_cost":1.0,"feeding_cost":1.0,"feeding_need":{"beast_blood":1.0},"field_actions":["heal"],"id":"gen_force_healing_096_gu","rank":2.0,"rarity":"rare","replace_value":4.0,"role":"healing","school":"force","slot_role":"healing","source":"game_new","synergy_hooks":["relief_injury"],"tags":["force","healing","drain"],"value":5.0},{"card_blueprint_ids":["gen_force_recon_097_card"],"combat":"force_recon_pattern","combat_effects":[{"flag":"revealed","kind":"add_flag"},{"amount":1.0,"kind":"delay_progress"}],"essence_cost":1.0,"feeding_cost":1.0,"feeding_need":{"beast_bone":1.0},"field_actions":["scout","disguise"],"id":"gen_force_recon_097_gu","rank":2.0,"rarity":"rare","replace_value":4.0,"role":"recon","school":"force","slot_role":"recon","source":"game_new","synergy_hooks":["reveal_hidden"],"tags":["force","scout","reveal"],"value":5.0},{"card_blueprint_ids":["gen_force_logistics_098_card"],"combat":"force_logistics_pattern","combat_effects":[{"amount":1.0,"kind":"delay_progress"}],"essence_cost":2.0,"feeding_cost":1.0,"feeding_need":{"venom_sac":1.0},"field_actions":["feed","store"],"id":"gen_force_logistics_098_gu","rank":3.0,"rarity":"epic","replace_value":7.0,"role":"logistics","school":"force","slot_role":"logistics","source":"game_new","synergy_hooks":["slow_enemy"],"tags":["force","tempo","subtle"],"value":8.0},{"card_blueprint_ids":["gen_force_attack_099_card"],"combat":"force_attack_pattern","combat_effects":[{"amount":3.0,"kind":"strike"}],"essence_cost":2.0,"feeding_cost":1.0,"feeding_need":{"moon_dew":1.0},"field_actions":["attack"],"id":"gen_force_attack_099_gu","rank":3.0,"rarity":"epic","replace_value":7.0,"role":"attack","school":"force","slot_role":"attack","source":"game_new","synergy_hooks":["strike_enemy"],"tags":["force","attack","projectile"],"value":8.0},{"card_blueprint_ids":["gen_force_attack_100_card"],"combat":"force_attack_pattern","combat_effects":[{"amount":3.0,"kind":"strike"}],"essence_cost":2.0,"feeding_cost":1.0,"feeding_need":{"beast_blood":1.0},"field_actions":["attack"],"id":"gen_force_attack_100_gu","rank":3.0,"rarity":"epic","replace_value":7.0,"role":"attack","school":"force","slot_role":"attack","source":"game_new","synergy_hooks":["strike_enemy"],"tags":["force","attack","projectile"],"value":8.0},{"card_blueprint_ids":["gen_soul_defense_101_card"],"combat":"soul_defense_pattern","combat_effects":[{"flag":"guarded","kind":"add_flag"}],"essence_cost":1.0,"feeding_cost":1.0,"feeding_need":{"beast_bone":1.0},"field_actions":["guard"],"id":"gen_soul_defense_101_gu","rank":1.0,"rarity":"common","replace_value":2.0,"role":"defense","school":"soul","slot_role":"defense","source":"game_new","synergy_hooks":["guard_self"],"tags":["soul","defense","guard"],"value":3.0},{"card_blueprint_ids":["gen_soul_movement_102_card"],"combat":"soul_movement_pattern","combat_effects":[{"flag":"retreat_preserved","kind":"add_flag"}],"essence_cost":1.0,"feeding_cost":1.0,"feeding_need":{"venom_sac":1.0},"field_actions":["escape","signal"],"id":"gen_soul_movement_102_gu","rank":1.0,"rarity":"common","replace_value":2.0,"role":"movement","school":"soul","slot_role":"movement","source":"game_new","synergy_hooks":["preserve_retreat"],"tags":["soul","movement","escape"],"value":3.0},{"card_blueprint_ids":["gen_soul_healing_103_card"],"combat":"soul_healing_pattern","combat_effects":[{"amount":1.0,"kind":"heal_injury"}],"essence_cost":1.0,"feeding_cost":1.0,"feeding_need":{"moon_dew":1.0},"field_actions":["heal"],"id":"gen_soul_healing_103_gu","rank":1.0,"rarity":"common","replace_value":2.0,"role":"healing","school":"soul","slot_role":"healing","source":"game_new","synergy_hooks":["relief_injury"],"tags":["soul","healing","drain"],"value":3.0},{"card_blueprint_ids":["gen_soul_recon_104_card"],"combat":"soul_recon_pattern","combat_effects":[{"flag":"revealed","kind":"add_flag"},{"amount":1.0,"kind":"delay_progress"}],"essence_cost":1.0,"feeding_cost":1.0,"feeding_need":{"beast_blood":1.0},"field_actions":["scout","disguise"],"id":"gen_soul_recon_104_gu","rank":1.0,"rarity":"common","replace_value":2.0,"role":"recon","school":"soul","slot_role":"recon","source":"game_new","synergy_hooks":["reveal_hidden"],"tags":["soul","scout","reveal"],"value":3.0},{"card_blueprint_ids":["gen_soul_logistics_105_card"],"combat":"soul_logistics_pattern","combat_effects":[{"amount":1.0,"kind":"delay_progress"}],"essence_cost":1.0,"feeding_cost":1.0,"feeding_need":{"beast_bone":1.0},"field_actions":["feed","store"],"id":"gen_soul_logistics_105_gu","rank":1.0,"rarity":"common","replace_value":2.0,"role":"logistics","school":"soul","slot_role":"logistics","source":"game_new","synergy_hooks":["slow_enemy"],"tags":["soul","tempo","subtle"],"value":3.0},{"card_blueprint_ids":["gen_soul_attack_106_card"],"combat":"soul_attack_pattern","combat_effects":[{"amount":2.0,"kind":"strike"}],"essence_cost":1.0,"feeding_cost":1.0,"feeding_need":{"venom_sac":1.0},"field_actions":["attack"],"id":"gen_soul_attack_106_gu","rank":1.0,"rarity":"common","replace_value":2.0,"role":"attack","school":"soul","slot_role":"attack","source":"game_new","synergy_hooks":["strike_enemy"],"tags":["soul","attack","projectile"],"value":3.0},{"card_blueprint_ids":["gen_soul_attack_107_card"],"combat":"soul_attack_pattern","combat_effects":[{"amount":2.0,"kind":"strike"}],"essence_cost":1.0,"feeding_cost":1.0,"feeding_need":{"moon_dew":1.0},"field_actions":["attack"],"id":"gen_soul_attack_107_gu","rank":1.0,"rarity":"common","replace_value":2.0,"role":"attack","school":"soul","slot_role":"attack","source":"game_new","synergy_hooks":["strike_enemy"],"tags":["soul","attack","projectile"],"value":3.0},{"card_blueprint_ids":["gen_soul_defense_108_card"],"combat":"soul_defense_pattern","combat_effects":[{"flag":"guarded","kind":"add_flag"}],"essence_cost":1.0,"feeding_cost":1.0,"feeding_need":{"beast_blood":1.0},"field_actions":["guard"],"id":"gen_soul_defense_108_gu","rank":1.0,"rarity":"common","replace_value":2.0,"role":"defense","school":"soul","slot_role":"defense","source":"game_new","synergy_hooks":["guard_self"],"tags":["soul","defense","guard"],"value":3.0},{"card_blueprint_ids":["gen_soul_movement_109_card"],"combat":"soul_movement_pattern","combat_effects":[{"flag":"retreat_preserved","kind":"add_flag"}],"essence_cost":1.0,"feeding_cost":1.0,"feeding_need":{"beast_bone":1.0},"field_actions":["escape","signal"],"id":"gen_soul_movement_109_gu","rank":1.0,"rarity":"common","replace_value":2.0,"role":"movement","school":"soul","slot_role":"movement","source":"game_new","synergy_hooks":["preserve_retreat"],"tags":["soul","movement","escape"],"value":3.0},{"card_blueprint_ids":["gen_soul_healing_110_card"],"combat":"soul_healing_pattern","combat_effects":[{"amount":1.0,"kind":"heal_injury"}],"essence_cost":1.0,"feeding_cost":1.0,"feeding_need":{"venom_sac":1.0},"field_actions":["heal"],"id":"gen_soul_healing_110_gu","rank":1.0,"rarity":"common","replace_value":2.0,"role":"healing","school":"soul","slot_role":"healing","source":"game_new","synergy_hooks":["relief_injury"],"tags":["soul","healing","drain"],"value":3.0},{"card_blueprint_ids":["gen_soul_recon_111_card"],"combat":"soul_recon_pattern","combat_effects":[{"flag":"revealed","kind":"add_flag"},{"amount":1.0,"kind":"delay_progress"}],"essence_cost":1.0,"feeding_cost":1.0,"feeding_need":{"moon_dew":1.0},"field_actions":["scout","disguise"],"id":"gen_soul_recon_111_gu","rank":1.0,"rarity":"common","replace_value":2.0,"role":"recon","school":"soul","slot_role":"recon","source":"game_new","synergy_hooks":["reveal_hidden"],"tags":["soul","scout","reveal"],"value":3.0},{"card_blueprint_ids":["gen_soul_logistics_112_card"],"combat":"soul_logistics_pattern","combat_effects":[{"amount":1.0,"kind":"delay_progress"}],"essence_cost":1.0,"feeding_cost":1.0,"feeding_need":{"beast_blood":1.0},"field_actions":["feed","store"],"id":"gen_soul_logistics_112_gu","rank":1.0,"rarity":"common","replace_value":2.0,"role":"logistics","school":"soul","slot_role":"logistics","source":"game_new","synergy_hooks":["slow_enemy"],"tags":["soul","tempo","subtle"],"value":3.0},{"card_blueprint_ids":["gen_soul_attack_113_card"],"combat":"soul_attack_pattern","combat_effects":[{"amount":2.0,"kind":"strike"}],"essence_cost":1.0,"feeding_cost":1.0,"feeding_need":{"beast_bone":1.0},"field_actions":["attack"],"id":"gen_soul_attack_113_gu","rank":1.0,"rarity":"common","replace_value":2.0,"role":"attack","school":"soul","slot_role":"attack","source":"game_new","synergy_hooks":["strike_enemy"],"tags":["soul","attack","projectile"],"value":3.0},{"card_blueprint_ids":["gen_soul_attack_114_card"],"combat":"soul_attack_pattern","combat_effects":[{"amount":2.0,"kind":"strike"}],"essence_cost":1.0,"feeding_cost":1.0,"feeding_need":{"venom_sac":1.0},"field_actions":["attack"],"id":"gen_soul_attack_114_gu","rank":1.0,"rarity":"common","replace_value":2.0,"role":"attack","school":"soul","slot_role":"attack","source":"game_new","synergy_hooks":["strike_enemy"],"tags":["soul","attack","projectile"],"value":3.0},{"card_blueprint_ids":["gen_soul_defense_115_card"],"combat":"soul_defense_pattern","combat_effects":[{"flag":"guarded","kind":"add_flag"}],"essence_cost":1.0,"feeding_cost":1.0,"feeding_need":{"moon_dew":1.0},"field_actions":["guard"],"id":"gen_soul_defense_115_gu","rank":1.0,"rarity":"common","replace_value":2.0,"role":"defense","school":"soul","slot_role":"defense","source":"game_new","synergy_hooks":["guard_self"],"tags":["soul","defense","guard"],"value":3.0},{"card_blueprint_ids":["gen_soul_movement_116_card"],"combat":"soul_movement_pattern","combat_effects":[{"flag":"retreat_preserved","kind":"add_flag"}],"essence_cost":1.0,"feeding_cost":1.0,"feeding_need":{"beast_blood":1.0},"field_actions":["escape","signal"],"id":"gen_soul_movement_116_gu","rank":1.0,"rarity":"common","replace_value":2.0,"role":"movement","school":"soul","slot_role":"movement","source":"game_new","synergy_hooks":["preserve_retreat"],"tags":["soul","movement","escape"],"value":3.0},{"card_blueprint_ids":["gen_soul_healing_117_card"],"combat":"soul_healing_pattern","combat_effects":[{"amount":1.0,"kind":"heal_injury"}],"essence_cost":1.0,"feeding_cost":1.0,"feeding_need":{"beast_bone":1.0},"field_actions":["heal"],"id":"gen_soul_healing_117_gu","rank":1.0,"rarity":"common","replace_value":2.0,"role":"healing","school":"soul","slot_role":"healing","source":"game_new","synergy_hooks":["relief_injury"],"tags":["soul","healing","drain"],"value":3.0},{"card_blueprint_ids":["gen_soul_recon_118_card"],"combat":"soul_recon_pattern","combat_effects":[{"flag":"revealed","kind":"add_flag"},{"amount":1.0,"kind":"delay_progress"}],"essence_cost":1.0,"feeding_cost":1.0,"feeding_need":{"venom_sac":1.0},"field_actions":["scout","disguise"],"id":"gen_soul_recon_118_gu","rank":1.0,"rarity":"common","replace_value":2.0,"role":"recon","school":"soul","slot_role":"recon","source":"game_new","synergy_hooks":["reveal_hidden"],"tags":["soul","scout","reveal"],"value":3.0},{"card_blueprint_ids":["gen_soul_logistics_119_card"],"combat":"soul_logistics_pattern","combat_effects":[{"amount":1.0,"kind":"delay_progress"}],"essence_cost":1.0,"feeding_cost":1.0,"feeding_need":{"moon_dew":1.0},"field_actions":["feed","store"],"id":"gen_soul_logistics_119_gu","rank":1.0,"rarity":"common","replace_value":2.0,"role":"logistics","school":"soul","slot_role":"logistics","source":"game_new","synergy_hooks":["slow_enemy"],"tags":["soul","tempo","subtle"],"value":3.0},{"card_blueprint_ids":["gen_soul_attack_120_card"],"combat":"soul_attack_pattern","combat_effects":[{"amount":2.0,"kind":"strike"}],"essence_cost":1.0,"feeding_cost":1.0,"feeding_need":{"beast_blood":1.0},"field_actions":["attack"],"id":"gen_soul_attack_120_gu","rank":1.0,"rarity":"common","replace_value":2.0,"role":"attack","school":"soul","slot_role":"attack","source":"game_new","synergy_hooks":["strike_enemy"],"tags":["soul","attack","projectile"],"value":3.0},{"card_blueprint_ids":["gen_soul_attack_121_card"],"combat":"soul_attack_pattern","combat_effects":[{"amount":2.0,"kind":"strike"}],"essence_cost":1.0,"feeding_cost":1.0,"feeding_need":{"beast_bone":1.0},"field_actions":["attack"],"id":"gen_soul_attack_121_gu","rank":1.0,"rarity":"common","replace_value":2.0,"role":"attack","school":"soul","slot_role":"attack","source":"game_new","synergy_hooks":["strike_enemy"],"tags":["soul","attack","projectile"],"value":3.0},{"card_blueprint_ids":["gen_soul_defense_122_card"],"combat":"soul_defense_pattern","combat_effects":[{"flag":"guarded","kind":"add_flag"}],"essence_cost":1.0,"feeding_cost":1.0,"feeding_need":{"venom_sac":1.0},"field_actions":["guard"],"id":"gen_soul_defense_122_gu","rank":1.0,"rarity":"common","replace_value":2.0,"role":"defense","school":"soul","slot_role":"defense","source":"game_new","synergy_hooks":["guard_self"],"tags":["soul","defense","guard"],"value":3.0},{"card_blueprint_ids":["gen_soul_movement_123_card"],"combat":"soul_movement_pattern","combat_effects":[{"flag":"retreat_preserved","kind":"add_flag"}],"essence_cost":1.0,"feeding_cost":1.0,"feeding_need":{"moon_dew":1.0},"field_actions":["escape","signal"],"id":"gen_soul_movement_123_gu","rank":1.0,"rarity":"common","replace_value":2.0,"role":"movement","school":"soul","slot_role":"movement","source":"game_new","synergy_hooks":["preserve_retreat"],"tags":["soul","movement","escape"],"value":3.0},{"card_blueprint_ids":["gen_soul_healing_124_card"],"combat":"soul_healing_pattern","combat_effects":[{"amount":1.0,"kind":"heal_injury"}],"essence_cost":1.0,"feeding_cost":1.0,"feeding_need":{"beast_blood":1.0},"field_actions":["heal"],"id":"gen_soul_healing_124_gu","rank":1.0,"rarity":"common","replace_value":2.0,"role":"healing","school":"soul","slot_role":"healing","source":"game_new","synergy_hooks":["relief_injury"],"tags":["soul","healing","drain"],"value":3.0},{"card_blueprint_ids":["gen_soul_recon_125_card"],"combat":"soul_recon_pattern","combat_effects":[{"flag":"revealed","kind":"add_flag"},{"amount":1.0,"kind":"delay_progress"}],"essence_cost":1.0,"feeding_cost":1.0,"feeding_need":{"beast_bone":1.0},"field_actions":["scout","disguise"],"id":"gen_soul_recon_125_gu","rank":2.0,"rarity":"rare","replace_value":4.0,"role":"recon","school":"soul","slot_role":"recon","source":"game_new","synergy_hooks":["reveal_hidden"],"tags":["soul","scout","reveal"],"value":5.0},{"card_blueprint_ids":["gen_soul_logistics_126_card"],"combat":"soul_logistics_pattern","combat_effects":[{"amount":1.0,"kind":"delay_progress"}],"essence_cost":1.0,"feeding_cost":1.0,"feeding_need":{"venom_sac":1.0},"field_actions":["feed","store"],"id":"gen_soul_logistics_126_gu","rank":2.0,"rarity":"rare","replace_value":4.0,"role":"logistics","school":"soul","slot_role":"logistics","source":"game_new","synergy_hooks":["slow_enemy"],"tags":["soul","tempo","subtle"],"value":5.0},{"card_blueprint_ids":["gen_soul_attack_127_card"],"combat":"soul_attack_pattern","combat_effects":[{"amount":2.0,"kind":"strike"}],"essence_cost":1.0,"feeding_cost":1.0,"feeding_need":{"moon_dew":1.0},"field_actions":["attack"],"id":"gen_soul_attack_127_gu","rank":2.0,"rarity":"rare","replace_value":4.0,"role":"attack","school":"soul","slot_role":"attack","source":"game_new","synergy_hooks":["strike_enemy"],"tags":["soul","attack","projectile"],"value":5.0},{"card_blueprint_ids":["gen_soul_attack_128_card"],"combat":"soul_attack_pattern","combat_effects":[{"amount":2.0,"kind":"strike"}],"essence_cost":1.0,"feeding_cost":1.0,"feeding_need":{"beast_blood":1.0},"field_actions":["attack"],"id":"gen_soul_attack_128_gu","rank":2.0,"rarity":"rare","replace_value":4.0,"role":"attack","school":"soul","slot_role":"attack","source":"game_new","synergy_hooks":["strike_enemy"],"tags":["soul","attack","projectile"],"value":5.0},{"card_blueprint_ids":["gen_soul_defense_129_card"],"combat":"soul_defense_pattern","combat_effects":[{"flag":"guarded","kind":"add_flag"}],"essence_cost":1.0,"feeding_cost":1.0,"feeding_need":{"beast_bone":1.0},"field_actions":["guard"],"id":"gen_soul_defense_129_gu","rank":2.0,"rarity":"rare","replace_value":4.0,"role":"defense","school":"soul","slot_role":"defense","source":"game_new","synergy_hooks":["guard_self"],"tags":["soul","defense","guard"],"value":5.0},{"card_blueprint_ids":["gen_soul_movement_130_card"],"combat":"soul_movement_pattern","combat_effects":[{"flag":"retreat_preserved","kind":"add_flag"}],"essence_cost":1.0,"feeding_cost":1.0,"feeding_need":{"venom_sac":1.0},"field_actions":["escape","signal"],"id":"gen_soul_movement_130_gu","rank":2.0,"rarity":"rare","replace_value":4.0,"role":"movement","school":"soul","slot_role":"movement","source":"game_new","synergy_hooks":["preserve_retreat"],"tags":["soul","movement","escape"],"value":5.0},{"card_blueprint_ids":["gen_soul_healing_131_card"],"combat":"soul_healing_pattern","combat_effects":[{"amount":1.0,"kind":"heal_injury"}],"essence_cost":1.0,"feeding_cost":1.0,"feeding_need":{"moon_dew":1.0},"field_actions":["heal"],"id":"gen_soul_healing_131_gu","rank":2.0,"rarity":"rare","replace_value":4.0,"role":"healing","school":"soul","slot_role":"healing","source":"game_new","synergy_hooks":["relief_injury"],"tags":["soul","healing","drain"],"value":5.0},{"card_blueprint_ids":["gen_soul_recon_132_card"],"combat":"soul_recon_pattern","combat_effects":[{"flag":"revealed","kind":"add_flag"},{"amount":1.0,"kind":"delay_progress"}],"essence_cost":1.0,"feeding_cost":1.0,"feeding_need":{"beast_blood":1.0},"field_actions":["scout","disguise"],"id":"gen_soul_recon_132_gu","rank":2.0,"rarity":"rare","replace_value":4.0,"role":"recon","school":"soul","slot_role":"recon","source":"game_new","synergy_hooks":["reveal_hidden"],"tags":["soul","scout","reveal"],"value":5.0},{"card_blueprint_ids":["gen_soul_logistics_133_card"],"combat":"soul_logistics_pattern","combat_effects":[{"amount":1.0,"kind":"delay_progress"}],"essence_cost":1.0,"feeding_cost":1.0,"feeding_need":{"beast_bone":1.0},"field_actions":["feed","store"],"id":"gen_soul_logistics_133_gu","rank":2.0,"rarity":"rare","replace_value":4.0,"role":"logistics","school":"soul","slot_role":"logistics","source":"game_new","synergy_hooks":["slow_enemy"],"tags":["soul","tempo","subtle"],"value":5.0},{"card_blueprint_ids":["gen_soul_attack_134_card"],"combat":"soul_attack_pattern","combat_effects":[{"amount":2.0,"kind":"strike"}],"essence_cost":1.0,"feeding_cost":1.0,"feeding_need":{"venom_sac":1.0},"field_actions":["attack"],"id":"gen_soul_attack_134_gu","rank":2.0,"rarity":"rare","replace_value":4.0,"role":"attack","school":"soul","slot_role":"attack","source":"game_new","synergy_hooks":["strike_enemy"],"tags":["soul","attack","projectile"],"value":5.0},{"card_blueprint_ids":["gen_soul_attack_135_card"],"combat":"soul_attack_pattern","combat_effects":[{"amount":2.0,"kind":"strike"}],"essence_cost":1.0,"feeding_cost":1.0,"feeding_need":{"moon_dew":1.0},"field_actions":["attack"],"id":"gen_soul_attack_135_gu","rank":2.0,"rarity":"rare","replace_value":4.0,"role":"attack","school":"soul","slot_role":"attack","source":"game_new","synergy_hooks":["strike_enemy"],"tags":["soul","attack","projectile"],"value":5.0},{"card_blueprint_ids":["gen_soul_defense_136_card"],"combat":"soul_defense_pattern","combat_effects":[{"flag":"guarded","kind":"add_flag"}],"essence_cost":1.0,"feeding_cost":1.0,"feeding_need":{"beast_blood":1.0},"field_actions":["guard"],"id":"gen_soul_defense_136_gu","rank":2.0,"rarity":"rare","replace_value":4.0,"role":"defense","school":"soul","slot_role":"defense","source":"game_new","synergy_hooks":["guard_self"],"tags":["soul","defense","guard"],"value":5.0},{"card_blueprint_ids":["gen_soul_movement_137_card"],"combat":"soul_movement_pattern","combat_effects":[{"flag":"retreat_preserved","kind":"add_flag"}],"essence_cost":2.0,"feeding_cost":1.0,"feeding_need":{"beast_bone":1.0},"field_actions":["escape","signal"],"id":"gen_soul_movement_137_gu","rank":3.0,"rarity":"epic","replace_value":7.0,"role":"movement","school":"soul","slot_role":"movement","source":"game_new","synergy_hooks":["preserve_retreat"],"tags":["soul","movement","escape"],"value":8.0},{"card_blueprint_ids":["gen_soul_healing_138_card"],"combat":"soul_healing_pattern","combat_effects":[{"amount":1.0,"kind":"heal_injury"}],"essence_cost":2.0,"feeding_cost":1.0,"feeding_need":{"venom_sac":1.0},"field_actions":["heal"],"id":"gen_soul_healing_138_gu","rank":3.0,"rarity":"epic","replace_value":7.0,"role":"healing","school":"soul","slot_role":"healing","source":"game_new","synergy_hooks":["relief_injury"],"tags":["soul","healing","drain"],"value":8.0},{"card_blueprint_ids":["gen_soul_recon_139_card"],"combat":"soul_recon_pattern","combat_effects":[{"flag":"revealed","kind":"add_flag"},{"amount":1.0,"kind":"delay_progress"}],"essence_cost":2.0,"feeding_cost":1.0,"feeding_need":{"moon_dew":1.0},"field_actions":["scout","disguise"],"id":"gen_soul_recon_139_gu","rank":3.0,"rarity":"epic","replace_value":7.0,"role":"recon","school":"soul","slot_role":"recon","source":"game_new","synergy_hooks":["reveal_hidden"],"tags":["soul","scout","reveal"],"value":8.0},{"card_blueprint_ids":["gen_soul_logistics_140_card"],"combat":"soul_logistics_pattern","combat_effects":[{"amount":1.0,"kind":"delay_progress"}],"essence_cost":2.0,"feeding_cost":1.0,"feeding_need":{"beast_blood":1.0},"field_actions":["feed","store"],"id":"gen_soul_logistics_140_gu","rank":3.0,"rarity":"epic","replace_value":7.0,"role":"logistics","school":"soul","slot_role":"logistics","source":"game_new","synergy_hooks":["slow_enemy"],"tags":["soul","tempo","subtle"],"value":8.0},{"card_blueprint_ids":["gen_refine_attack_141_card"],"combat":"refine_attack_pattern","combat_effects":[{"amount":2.0,"kind":"strike"}],"essence_cost":1.0,"feeding_cost":1.0,"feeding_need":{"beast_bone":1.0},"field_actions":["attack"],"id":"gen_refine_attack_141_gu","rank":1.0,"rarity":"common","replace_value":2.0,"role":"attack","school":"refine","slot_role":"attack","source":"game_new","synergy_hooks":["strike_enemy"],"tags":["refine","attack","projectile"],"value":3.0},{"card_blueprint_ids":["gen_refine_attack_142_card"],"combat":"refine_attack_pattern","combat_effects":[{"amount":2.0,"kind":"strike"}],"essence_cost":1.0,"feeding_cost":1.0,"feeding_need":{"venom_sac":1.0},"field_actions":["attack"],"id":"gen_refine_attack_142_gu","rank":1.0,"rarity":"common","replace_value":2.0,"role":"attack","school":"refine","slot_role":"attack","source":"game_new","synergy_hooks":["strike_enemy"],"tags":["refine","attack","projectile"],"value":3.0},{"card_blueprint_ids":["gen_refine_defense_143_card"],"combat":"refine_defense_pattern","combat_effects":[{"flag":"guarded","kind":"add_flag"}],"essence_cost":1.0,"feeding_cost":1.0,"feeding_need":{"moon_dew":1.0},"field_actions":["guard"],"id":"gen_refine_defense_143_gu","rank":1.0,"rarity":"common","replace_value":2.0,"role":"defense","school":"refine","slot_role":"defense","source":"game_new","synergy_hooks":["guard_self"],"tags":["refine","defense","guard"],"value":3.0},{"card_blueprint_ids":["gen_refine_movement_144_card"],"combat":"refine_movement_pattern","combat_effects":[{"flag":"retreat_preserved","kind":"add_flag"}],"essence_cost":1.0,"feeding_cost":1.0,"feeding_need":{"beast_blood":1.0},"field_actions":["escape","signal"],"id":"gen_refine_movement_144_gu","rank":1.0,"rarity":"common","replace_value":2.0,"role":"movement","school":"refine","slot_role":"movement","source":"game_new","synergy_hooks":["preserve_retreat"],"tags":["refine","movement","escape"],"value":3.0},{"card_blueprint_ids":["gen_refine_healing_145_card"],"combat":"refine_healing_pattern","combat_effects":[{"amount":1.0,"kind":"heal_injury"}],"essence_cost":1.0,"feeding_cost":1.0,"feeding_need":{"beast_bone":1.0},"field_actions":["heal"],"id":"gen_refine_healing_145_gu","rank":1.0,"rarity":"common","replace_value":2.0,"role":"healing","school":"refine","slot_role":"healing","source":"game_new","synergy_hooks":["relief_injury"],"tags":["refine","healing","drain"],"value":3.0},{"card_blueprint_ids":["gen_refine_recon_146_card"],"combat":"refine_recon_pattern","combat_effects":[{"flag":"revealed","kind":"add_flag"},{"amount":1.0,"kind":"delay_progress"}],"essence_cost":1.0,"feeding_cost":1.0,"feeding_need":{"venom_sac":1.0},"field_actions":["scout","disguise"],"id":"gen_refine_recon_146_gu","rank":1.0,"rarity":"common","replace_value":2.0,"role":"recon","school":"refine","slot_role":"recon","source":"game_new","synergy_hooks":["reveal_hidden"],"tags":["refine","scout","reveal"],"value":3.0},{"card_blueprint_ids":["gen_refine_logistics_147_card"],"combat":"refine_logistics_pattern","combat_effects":[{"amount":1.0,"kind":"delay_progress"}],"essence_cost":1.0,"feeding_cost":1.0,"feeding_need":{"moon_dew":1.0},"field_actions":["feed","store"],"id":"gen_refine_logistics_147_gu","rank":1.0,"rarity":"common","replace_value":2.0,"role":"logistics","school":"refine","slot_role":"logistics","source":"game_new","synergy_hooks":["slow_enemy"],"tags":["refine","tempo","subtle"],"value":3.0},{"card_blueprint_ids":["gen_refine_attack_148_card"],"combat":"refine_attack_pattern","combat_effects":[{"amount":2.0,"kind":"strike"}],"essence_cost":1.0,"feeding_cost":1.0,"feeding_need":{"beast_blood":1.0},"field_actions":["attack"],"id":"gen_refine_attack_148_gu","rank":1.0,"rarity":"common","replace_value":2.0,"role":"attack","school":"refine","slot_role":"attack","source":"game_new","synergy_hooks":["strike_enemy"],"tags":["refine","attack","projectile"],"value":3.0},{"card_blueprint_ids":["gen_refine_attack_149_card"],"combat":"refine_attack_pattern","combat_effects":[{"amount":2.0,"kind":"strike"}],"essence_cost":1.0,"feeding_cost":1.0,"feeding_need":{"beast_bone":1.0},"field_actions":["attack"],"id":"gen_refine_attack_149_gu","rank":1.0,"rarity":"common","replace_value":2.0,"role":"attack","school":"refine","slot_role":"attack","source":"game_new","synergy_hooks":["strike_enemy"],"tags":["refine","attack","projectile"],"value":3.0},{"card_blueprint_ids":["gen_refine_defense_150_card"],"combat":"refine_defense_pattern","combat_effects":[{"flag":"guarded","kind":"add_flag"}],"essence_cost":1.0,"feeding_cost":1.0,"feeding_need":{"venom_sac":1.0},"field_actions":["guard"],"id":"gen_refine_defense_150_gu","rank":1.0,"rarity":"common","replace_value":2.0,"role":"defense","school":"refine","slot_role":"defense","source":"game_new","synergy_hooks":["guard_self"],"tags":["refine","defense","guard"],"value":3.0},{"card_blueprint_ids":["gen_refine_movement_151_card"],"combat":"refine_movement_pattern","combat_effects":[{"flag":"retreat_preserved","kind":"add_flag"}],"essence_cost":1.0,"feeding_cost":1.0,"feeding_need":{"moon_dew":1.0},"field_actions":["escape","signal"],"id":"gen_refine_movement_151_gu","rank":1.0,"rarity":"common","replace_value":2.0,"role":"movement","school":"refine","slot_role":"movement","source":"game_new","synergy_hooks":["preserve_retreat"],"tags":["refine","movement","escape"],"value":3.0},{"card_blueprint_ids":["gen_refine_healing_152_card"],"combat":"refine_healing_pattern","combat_effects":[{"amount":1.0,"kind":"heal_injury"}],"essence_cost":1.0,"feeding_cost":1.0,"feeding_need":{"beast_blood":1.0},"field_actions":["heal"],"id":"gen_refine_healing_152_gu","rank":1.0,"rarity":"common","replace_value":2.0,"role":"healing","school":"refine","slot_role":"healing","source":"game_new","synergy_hooks":["relief_injury"],"tags":["refine","healing","drain"],"value":3.0},{"card_blueprint_ids":["gen_refine_recon_153_card"],"combat":"refine_recon_pattern","combat_effects":[{"flag":"revealed","kind":"add_flag"},{"amount":1.0,"kind":"delay_progress"}],"essence_cost":1.0,"feeding_cost":1.0,"feeding_need":{"beast_bone":1.0},"field_actions":["scout","disguise"],"id":"gen_refine_recon_153_gu","rank":1.0,"rarity":"common","replace_value":2.0,"role":"recon","school":"refine","slot_role":"recon","source":"game_new","synergy_hooks":["reveal_hidden"],"tags":["refine","scout","reveal"],"value":3.0},{"card_blueprint_ids":["gen_refine_logistics_154_card"],"combat":"refine_logistics_pattern","combat_effects":[{"amount":1.0,"kind":"delay_progress"}],"essence_cost":1.0,"feeding_cost":1.0,"feeding_need":{"venom_sac":1.0},"field_actions":["feed","store"],"id":"gen_refine_logistics_154_gu","rank":1.0,"rarity":"common","replace_value":2.0,"role":"logistics","school":"refine","slot_role":"logistics","source":"game_new","synergy_hooks":["slow_enemy"],"tags":["refine","tempo","subtle"],"value":3.0},{"card_blueprint_ids":["gen_refine_attack_155_card"],"combat":"refine_attack_pattern","combat_effects":[{"amount":2.0,"kind":"strike"}],"essence_cost":1.0,"feeding_cost":1.0,"feeding_need":{"moon_dew":1.0},"field_actions":["attack"],"id":"gen_refine_attack_155_gu","rank":1.0,"rarity":"common","replace_value":2.0,"role":"attack","school":"refine","slot_role":"attack","source":"game_new","synergy_hooks":["strike_enemy"],"tags":["refine","attack","projectile"],"value":3.0},{"card_blueprint_ids":["gen_refine_attack_156_card"],"combat":"refine_attack_pattern","combat_effects":[{"amount":2.0,"kind":"strike"}],"essence_cost":1.0,"feeding_cost":1.0,"feeding_need":{"beast_blood":1.0},"field_actions":["attack"],"id":"gen_refine_attack_156_gu","rank":1.0,"rarity":"common","replace_value":2.0,"role":"attack","school":"refine","slot_role":"attack","source":"game_new","synergy_hooks":["strike_enemy"],"tags":["refine","attack","projectile"],"value":3.0},{"card_blueprint_ids":["gen_refine_defense_157_card"],"combat":"refine_defense_pattern","combat_effects":[{"flag":"guarded","kind":"add_flag"}],"essence_cost":1.0,"feeding_cost":1.0,"feeding_need":{"beast_bone":1.0},"field_actions":["guard"],"id":"gen_refine_defense_157_gu","rank":1.0,"rarity":"common","replace_value":2.0,"role":"defense","school":"refine","slot_role":"defense","source":"game_new","synergy_hooks":["guard_self"],"tags":["refine","defense","guard"],"value":3.0},{"card_blueprint_ids":["gen_refine_movement_158_card"],"combat":"refine_movement_pattern","combat_effects":[{"flag":"retreat_preserved","kind":"add_flag"}],"essence_cost":1.0,"feeding_cost":1.0,"feeding_need":{"venom_sac":1.0},"field_actions":["escape","signal"],"id":"gen_refine_movement_158_gu","rank":1.0,"rarity":"common","replace_value":2.0,"role":"movement","school":"refine","slot_role":"movement","source":"game_new","synergy_hooks":["preserve_retreat"],"tags":["refine","movement","escape"],"value":3.0},{"card_blueprint_ids":["gen_refine_healing_159_card"],"combat":"refine_healing_pattern","combat_effects":[{"amount":1.0,"kind":"heal_injury"}],"essence_cost":1.0,"feeding_cost":1.0,"feeding_need":{"moon_dew":1.0},"field_actions":["heal"],"id":"gen_refine_healing_159_gu","rank":1.0,"rarity":"common","replace_value":2.0,"role":"healing","school":"refine","slot_role":"healing","source":"game_new","synergy_hooks":["relief_injury"],"tags":["refine","healing","drain"],"value":3.0},{"card_blueprint_ids":["gen_refine_recon_160_card"],"combat":"refine_recon_pattern","combat_effects":[{"flag":"revealed","kind":"add_flag"},{"amount":1.0,"kind":"delay_progress"}],"essence_cost":1.0,"feeding_cost":1.0,"feeding_need":{"beast_blood":1.0},"field_actions":["scout","disguise"],"id":"gen_refine_recon_160_gu","rank":1.0,"rarity":"common","replace_value":2.0,"role":"recon","school":"refine","slot_role":"recon","source":"game_new","synergy_hooks":["reveal_hidden"],"tags":["refine","scout","reveal"],"value":3.0},{"card_blueprint_ids":["gen_refine_logistics_161_card"],"combat":"refine_logistics_pattern","combat_effects":[{"amount":1.0,"kind":"delay_progress"}],"essence_cost":1.0,"feeding_cost":1.0,"feeding_need":{"beast_bone":1.0},"field_actions":["feed","store"],"id":"gen_refine_logistics_161_gu","rank":1.0,"rarity":"common","replace_value":2.0,"role":"logistics","school":"refine","slot_role":"logistics","source":"game_new","synergy_hooks":["slow_enemy"],"tags":["refine","tempo","subtle"],"value":3.0},{"card_blueprint_ids":["gen_refine_attack_162_card"],"combat":"refine_attack_pattern","combat_effects":[{"amount":2.0,"kind":"strike"}],"essence_cost":1.0,"feeding_cost":1.0,"feeding_need":{"venom_sac":1.0},"field_actions":["attack"],"id":"gen_refine_attack_162_gu","rank":1.0,"rarity":"common","replace_value":2.0,"role":"attack","school":"refine","slot_role":"attack","source":"game_new","synergy_hooks":["strike_enemy"],"tags":["refine","attack","projectile"],"value":3.0},{"card_blueprint_ids":["gen_refine_attack_163_card"],"combat":"refine_attack_pattern","combat_effects":[{"amount":2.0,"kind":"strike"}],"essence_cost":1.0,"feeding_cost":1.0,"feeding_need":{"moon_dew":1.0},"field_actions":["attack"],"id":"gen_refine_attack_163_gu","rank":1.0,"rarity":"common","replace_value":2.0,"role":"attack","school":"refine","slot_role":"attack","source":"game_new","synergy_hooks":["strike_enemy"],"tags":["refine","attack","projectile"],"value":3.0},{"card_blueprint_ids":["gen_refine_defense_164_card"],"combat":"refine_defense_pattern","combat_effects":[{"flag":"guarded","kind":"add_flag"}],"essence_cost":1.0,"feeding_cost":1.0,"feeding_need":{"beast_blood":1.0},"field_actions":["guard"],"id":"gen_refine_defense_164_gu","rank":1.0,"rarity":"common","replace_value":2.0,"role":"defense","school":"refine","slot_role":"defense","source":"game_new","synergy_hooks":["guard_self"],"tags":["refine","defense","guard"],"value":3.0},{"card_blueprint_ids":["gen_refine_movement_165_card"],"combat":"refine_movement_pattern","combat_effects":[{"flag":"retreat_preserved","kind":"add_flag"}],"essence_cost":1.0,"feeding_cost":1.0,"feeding_need":{"beast_bone":1.0},"field_actions":["escape","signal"],"id":"gen_refine_movement_165_gu","rank":2.0,"rarity":"rare","replace_value":4.0,"role":"movement","school":"refine","slot_role":"movement","source":"game_new","synergy_hooks":["preserve_retreat"],"tags":["refine","movement","escape"],"value":5.0},{"card_blueprint_ids":["gen_refine_healing_166_card"],"combat":"refine_healing_pattern","combat_effects":[{"amount":1.0,"kind":"heal_injury"}],"essence_cost":1.0,"feeding_cost":1.0,"feeding_need":{"venom_sac":1.0},"field_actions":["heal"],"id":"gen_refine_healing_166_gu","rank":2.0,"rarity":"rare","replace_value":4.0,"role":"healing","school":"refine","slot_role":"healing","source":"game_new","synergy_hooks":["relief_injury"],"tags":["refine","healing","drain"],"value":5.0},{"card_blueprint_ids":["gen_refine_recon_167_card"],"combat":"refine_recon_pattern","combat_effects":[{"flag":"revealed","kind":"add_flag"},{"amount":1.0,"kind":"delay_progress"}],"essence_cost":1.0,"feeding_cost":1.0,"feeding_need":{"moon_dew":1.0},"field_actions":["scout","disguise"],"id":"gen_refine_recon_167_gu","rank":2.0,"rarity":"rare","replace_value":4.0,"role":"recon","school":"refine","slot_role":"recon","source":"game_new","synergy_hooks":["reveal_hidden"],"tags":["refine","scout","reveal"],"value":5.0},{"card_blueprint_ids":["gen_refine_logistics_168_card"],"combat":"refine_logistics_pattern","combat_effects":[{"amount":1.0,"kind":"delay_progress"}],"essence_cost":1.0,"feeding_cost":1.0,"feeding_need":{"beast_blood":1.0},"field_actions":["feed","store"],"id":"gen_refine_logistics_168_gu","rank":2.0,"rarity":"rare","replace_value":4.0,"role":"logistics","school":"refine","slot_role":"logistics","source":"game_new","synergy_hooks":["slow_enemy"],"tags":["refine","tempo","subtle"],"value":5.0},{"card_blueprint_ids":["gen_refine_attack_169_card"],"combat":"refine_attack_pattern","combat_effects":[{"amount":2.0,"kind":"strike"}],"essence_cost":1.0,"feeding_cost":1.0,"feeding_need":{"beast_bone":1.0},"field_actions":["attack"],"id":"gen_refine_attack_169_gu","rank":2.0,"rarity":"rare","replace_value":4.0,"role":"attack","school":"refine","slot_role":"attack","source":"game_new","synergy_hooks":["strike_enemy"],"tags":["refine","attack","projectile"],"value":5.0},{"card_blueprint_ids":["gen_refine_attack_170_card"],"combat":"refine_attack_pattern","combat_effects":[{"amount":2.0,"kind":"strike"}],"essence_cost":1.0,"feeding_cost":1.0,"feeding_need":{"venom_sac":1.0},"field_actions":["attack"],"id":"gen_refine_attack_170_gu","rank":2.0,"rarity":"rare","replace_value":4.0,"role":"attack","school":"refine","slot_role":"attack","source":"game_new","synergy_hooks":["strike_enemy"],"tags":["refine","attack","projectile"],"value":5.0},{"card_blueprint_ids":["gen_refine_defense_171_card"],"combat":"refine_defense_pattern","combat_effects":[{"flag":"guarded","kind":"add_flag"}],"essence_cost":1.0,"feeding_cost":1.0,"feeding_need":{"moon_dew":1.0},"field_actions":["guard"],"id":"gen_refine_defense_171_gu","rank":2.0,"rarity":"rare","replace_value":4.0,"role":"defense","school":"refine","slot_role":"defense","source":"game_new","synergy_hooks":["guard_self"],"tags":["refine","defense","guard"],"value":5.0},{"card_blueprint_ids":["gen_refine_movement_172_card"],"combat":"refine_movement_pattern","combat_effects":[{"flag":"retreat_preserved","kind":"add_flag"}],"essence_cost":1.0,"feeding_cost":1.0,"feeding_need":{"beast_blood":1.0},"field_actions":["escape","signal"],"id":"gen_refine_movement_172_gu","rank":2.0,"rarity":"rare","replace_value":4.0,"role":"movement","school":"refine","slot_role":"movement","source":"game_new","synergy_hooks":["preserve_retreat"],"tags":["refine","movement","escape"],"value":5.0},{"card_blueprint_ids":["gen_refine_healing_173_card"],"combat":"refine_healing_pattern","combat_effects":[{"amount":1.0,"kind":"heal_injury"}],"essence_cost":1.0,"feeding_cost":1.0,"feeding_need":{"beast_bone":1.0},"field_actions":["heal"],"id":"gen_refine_healing_173_gu","rank":2.0,"rarity":"rare","replace_value":4.0,"role":"healing","school":"refine","slot_role":"healing","source":"game_new","synergy_hooks":["relief_injury"],"tags":["refine","healing","drain"],"value":5.0},{"card_blueprint_ids":["gen_refine_recon_174_card"],"combat":"refine_recon_pattern","combat_effects":[{"flag":"revealed","kind":"add_flag"},{"amount":1.0,"kind":"delay_progress"}],"essence_cost":1.0,"feeding_cost":1.0,"feeding_need":{"venom_sac":1.0},"field_actions":["scout","disguise"],"id":"gen_refine_recon_174_gu","rank":2.0,"rarity":"rare","replace_value":4.0,"role":"recon","school":"refine","slot_role":"recon","source":"game_new","synergy_hooks":["reveal_hidden"],"tags":["refine","scout","reveal"],"value":5.0},{"card_blueprint_ids":["gen_refine_logistics_175_card"],"combat":"refine_logistics_pattern","combat_effects":[{"amount":1.0,"kind":"delay_progress"}],"essence_cost":1.0,"feeding_cost":1.0,"feeding_need":{"moon_dew":1.0},"field_actions":["feed","store"],"id":"gen_refine_logistics_175_gu","rank":2.0,"rarity":"rare","replace_value":4.0,"role":"logistics","school":"refine","slot_role":"logistics","source":"game_new","synergy_hooks":["slow_enemy"],"tags":["refine","tempo","subtle"],"value":5.0},{"card_blueprint_ids":["gen_refine_attack_176_card"],"combat":"refine_attack_pattern","combat_effects":[{"amount":2.0,"kind":"strike"}],"essence_cost":1.0,"feeding_cost":1.0,"feeding_need":{"beast_blood":1.0},"field_actions":["attack"],"id":"gen_refine_attack_176_gu","rank":2.0,"rarity":"rare","replace_value":4.0,"role":"attack","school":"refine","slot_role":"attack","source":"game_new","synergy_hooks":["strike_enemy"],"tags":["refine","attack","projectile"],"value":5.0},{"card_blueprint_ids":["gen_refine_attack_177_card"],"combat":"refine_attack_pattern","combat_effects":[{"amount":3.0,"kind":"strike"}],"essence_cost":2.0,"feeding_cost":1.0,"feeding_need":{"beast_bone":1.0},"field_actions":["attack"],"id":"gen_refine_attack_177_gu","rank":3.0,"rarity":"epic","replace_value":7.0,"role":"attack","school":"refine","slot_role":"attack","source":"game_new","synergy_hooks":["strike_enemy"],"tags":["refine","attack","projectile"],"value":8.0},{"card_blueprint_ids":["gen_refine_defense_178_card"],"combat":"refine_defense_pattern","combat_effects":[{"flag":"guarded","kind":"add_flag"}],"essence_cost":2.0,"feeding_cost":1.0,"feeding_need":{"venom_sac":1.0},"field_actions":["guard"],"id":"gen_refine_defense_178_gu","rank":3.0,"rarity":"epic","replace_value":7.0,"role":"defense","school":"refine","slot_role":"defense","source":"game_new","synergy_hooks":["guard_self"],"tags":["refine","defense","guard"],"value":8.0},{"card_blueprint_ids":["gen_refine_movement_179_card"],"combat":"refine_movement_pattern","combat_effects":[{"flag":"retreat_preserved","kind":"add_flag"}],"essence_cost":2.0,"feeding_cost":1.0,"feeding_need":{"moon_dew":1.0},"field_actions":["escape","signal"],"id":"gen_refine_movement_179_gu","rank":3.0,"rarity":"epic","replace_value":7.0,"role":"movement","school":"refine","slot_role":"movement","source":"game_new","synergy_hooks":["preserve_retreat"],"tags":["refine","movement","escape"],"value":8.0},{"card_blueprint_ids":["gen_refine_healing_180_card"],"combat":"refine_healing_pattern","combat_effects":[{"amount":1.0,"kind":"heal_injury"}],"essence_cost":2.0,"feeding_cost":1.0,"feeding_need":{"beast_blood":1.0},"field_actions":["heal"],"id":"gen_refine_healing_180_gu","rank":3.0,"rarity":"epic","replace_value":7.0,"role":"healing","school":"refine","slot_role":"healing","source":"game_new","synergy_hooks":["relief_injury"],"tags":["refine","healing","drain"],"value":8.0}]"] expected to equal ["[{"card_blueprint_ids":["light_probe"],"combat":"reveal_hidden_bonus","essence_cost":1.0,"feeding_cost":1.0,"feeding_need":{"feed_points":1.0},"field_actions":["scout","signal","disguise"],"id":"small_light_gu","rank":1.0,"rarity":"common","replace_value":3.0,"role":"attack","school":"qi","slot_role":"scout","synergy_hooks":["reveal_hidden","support_retreat"],"tags":["light","scout","subtle"],"value":3.0},{"card_blueprint_ids":["scout_eye"],"combat":"mark_enemy_route","essence_cost":1.0,"feeding_cost":1.0,"feeding_need":{"feed_points":1.0},"field_actions":["trace","inspect"],"id":"trail_eye_gu","rank":1.0,"rarity":"common","replace_value":4.0,"role":"recon","school":"qi","slot_role":"scout","synergy_hooks":["track_target","reveal_hidden"],"tags":["scout","tracking","reveal"],"value":4.0},{"card_blueprint_ids":["blood_moss_relief"],"combat":"heal_and_bleed","essence_cost":1.0,"feeding_cost":2.0,"feeding_need":{"feed_points":2.0},"field_actions":["tend_wound"],"id":"blood_moss_gu","rank":1.0,"rarity":"common","replace_value":5.0,"role":"healing","school":"blood","slot_role":"healing","synergy_hooks":["heal_then_strike","injury_relief"],"tags":["blood","healing","wood"],"value":5.0},{"card_blueprint_ids":["thorn_strike","thorn_bind"],"combat":"bind_and_strike","essence_cost":1.0,"feeding_cost":2.0,"feeding_need":{"feed_points":2.0},"field_actions":["climb","restrain"],"id":"thorn_whip_gu","rank":1.0,"rarity":"common","replace_value":5.0,"role":"attack","school":"force","slot_role":"attack","synergy_hooks":["control_follow_up","heal_then_strike"],"tags":["wood","attack","control"],"value":5.0},{"card_blueprint_ids":[],"combat":"shift_position","essence_cost":1.0,"feeding_cost":2.0,"feeding_need":{"feed_points":2.0},"field_actions":["cross_gap","withdraw"],"id":"mist_step_gu","rank":1.0,"rarity":"rare","replace_value":5.0,"role":"movement","school":"force","slot_role":"movement","synergy_hooks":["support_retreat","avoid_control"],"tags":["movement","escape","mist"],"value":5.0},{"card_blueprint_ids":["venom_snare"],"combat":"poison_and_slow","essence_cost":1.0,"feeding_cost":2.0,"feeding_need":{"feed_points":2.0},"field_actions":["set_snare","threaten"],"id":"venom_thread_gu","rank":1.0,"rarity":"common","replace_value":6.0,"role":"attack","school":"qi","slot_role":"control","synergy_hooks":["control_follow_up","support_retreat"],"tags":["poison","control","escape"],"value":6.0},{"card_blueprint_ids":["stone_guard"],"combat":"guard_against_hit","essence_cost":1.0,"feeding_cost":2.0,"feeding_need":{"feed_points":2.0},"field_actions":["brace","hold_passage"],"id":"stone_shell_gu","rank":1.0,"rarity":"common","replace_value":5.0,"role":"defense","school":"force","slot_role":"defense","synergy_hooks":["guard_ally","resist_hazard"],"tags":["defense","earth","guard"],"value":5.0},{"card_blueprint_ids":["shadow_haze"],"combat":"obscure_targeting","essence_cost":1.0,"feeding_cost":2.0,"feeding_need":{"feed_points":2.0},"field_actions":["hide","impersonate"],"id":"shadow_veil_gu","rank":1.0,"rarity":"rare","replace_value":6.0,"role":"movement","school":"qi","slot_role":"disguise","synergy_hooks":["avoid_control","support_retreat"],"tags":["stealth","escape","shadow"],"value":6.0},{"card_blueprint_ids":["pulse_wave"],"combat":"interrupt_enemy","essence_cost":1.0,"feeding_cost":2.0,"feeding_need":{"feed_points":2.0},"field_actions":["distract","rally"],"id":"pulse_drum_gu","rank":1.0,"rarity":"common","replace_value":5.0,"role":"logistics","school":"qi","slot_role":"tempo","synergy_hooks":["control_follow_up","turn_order_shift"],"tags":["tempo","control","sound"],"value":5.0},{"card_blueprint_ids":["moonlight_strike"],"combat":"moonlight_strike","essence_cost":1.0,"feeding_cost":1.0,"feeding_need":{"feed_points":1.0},"field_actions":["illuminate"],"id":"moonlight_gu","rank":1.0,"rarity":"epic","replace_value":4.0,"role":"attack","school":"force","slot_role":"attack","synergy_hooks":["light_combo"],"tags":["light","attack","moon"],"value":4.0},{"card_blueprint_ids":["moon_glow_flare"],"combat":"moonlight_strike","essence_cost":2.0,"feeding_cost":2.0,"feeding_need":{"feed_points":2.0},"field_actions":["illuminate","signal"],"id":"moon_glow_gu","rank":2.0,"rarity":"rare","replace_value":6.0,"role":"attack","school":"blood","slot_role":"attack","synergy_hooks":["light_combo"],"tags":["light","attack","moon"],"value":9.0},{"card_blueprint_ids":[],"combat":"obscure_targeting","essence_cost":2.0,"feeding_cost":2.0,"feeding_need":{"feed_points":2.0},"field_actions":["hide","impersonate","illuminate"],"id":"phantom_moon_gu","rank":2.0,"rarity":"epic","replace_value":8.0,"role":"recon","school":"qi","slot_role":"disguise","synergy_hooks":["avoid_control","light_combo"],"tags":["light","stealth","moon"],"value":12.0},{"card_blueprint_ids":[],"combat":"shift_position","essence_cost":3.0,"feeding_cost":3.0,"feeding_need":{"feed_points":3.0},"field_actions":["hide","cross_gap","withdraw"],"id":"moon_shadow_gu","rank":3.0,"rarity":"rare","replace_value":11.0,"role":"movement","school":"force","slot_role":"movement","synergy_hooks":["support_retreat","avoid_control","light_combo"],"tags":["light","shadow","movement","moon"],"value":16.0},{"card_blueprint_ids":["blood_droplet_shot"],"combat":"moonlight_strike","essence_cost":1.0,"feeding_cost":2.0,"feeding_need":{"feed_points":2.0},"field_actions":["strike","threaten"],"id":"blood_droplet_gu","rank":1.0,"rarity":"common","replace_value":5.0,"role":"attack","school":"blood","slot_role":"attack","synergy_hooks":["light_combo","blood_stacks_combo"],"tags":["blood","attack","projectile"],"value":5.0},{"card_blueprint_ids":["blood_bat_bite"],"combat":"drain_strike","essence_cost":1.0,"feeding_cost":2.0,"feeding_need":{"feed_points":2.0},"field_actions":["strike","tend_wound"],"id":"blood_bat_gu","rank":1.0,"rarity":"rare","replace_value":6.0,"role":"attack","school":"blood","slot_role":"attack","synergy_hooks":["heal_then_strike","injury_relief"],"tags":["blood","attack","drain"],"value":6.0},{"card_blueprint_ids":["blood_wing_escape"],"combat":"shift_position","essence_cost":1.0,"feeding_cost":2.0,"feeding_need":{"feed_points":2.0},"field_actions":["withdraw","hide"],"id":"blood_wing_gu","rank":1.0,"rarity":"epic","replace_value":5.0,"role":"movement","school":"blood","slot_role":"movement","synergy_hooks":["support_retreat","avoid_control"],"tags":["blood","movement","escape"],"value":5.0},{"can_direct_drop":false,"card_blueprint_ids":["farewell_grip"],"combat":"poison_and_slow","essence_cost":1.0,"feeding_cost":2.0,"feeding_need":{"feed_points":2.0},"field_actions":["set_snare","threaten"],"id":"blood_farewell_gu","rank":1.0,"rarity":"epic","replace_value":6.0,"role":"attack","school":"blood","slot_role":"control","synergy_hooks":["control_follow_up","support_retreat"],"tags":["blood","attack","poison"],"value":6.0},{"card_blueprint_ids":["power_blow"],"combat":"moonlight_strike","essence_cost":1.0,"feeding_cost":2.0,"feeding_need":{"feed_points":2.0},"field_actions":["strike","brace"],"id":"force_gu","rank":1.0,"rarity":"common","replace_value":5.0,"role":"attack","school":"force","slot_role":"attack","synergy_hooks":["light_combo","force_power_synergy"],"tags":["force","attack","power"],"value":5.0},{"card_blueprint_ids":["bear_vitality"],"combat":"heal_and_bleed","essence_cost":1.0,"feeding_cost":2.0,"feeding_need":{"feed_points":2.0},"field_actions":["tend_wound","brace"],"id":"bear_strength_gu","rank":1.0,"rarity":"rare","replace_value":5.0,"role":"healing","school":"force","slot_role":"healing","synergy_hooks":["heal_then_strike","injury_relief"],"tags":["force","healing","beast"],"value":5.0},{"card_blueprint_ids":["qi_bulwark"],"combat":"guard_against_hit","essence_cost":1.0,"feeding_cost":2.0,"feeding_need":{"feed_points":2.0},"field_actions":["brace","hold_passage"],"id":"qi_wall_gu","rank":1.0,"rarity":"common","replace_value":5.0,"role":"defense","school":"qi","slot_role":"defense","synergy_hooks":["guard_ally","resist_hazard"],"tags":["qi","defense","air"],"value":5.0},{"card_blueprint_ids":["gen_blood_attack_001_card"],"combat":"blood_attack_pattern","combat_effects":[{"amount":2.0,"kind":"strike"}],"essence_cost":1.0,"feeding_cost":1.0,"feeding_need":{"beast_bone":1.0},"field_actions":["attack"],"id":"gen_blood_attack_001_gu","rank":1.0,"rarity":"common","replace_value":2.0,"role":"attack","school":"blood","slot_role":"attack","source":"game_new","synergy_hooks":["strike_enemy"],"tags":["blood","attack","projectile"],"value":3.0},{"card_blueprint_ids":["gen_blood_attack_002_card"],"combat":"blood_attack_pattern","combat_effects":[{"amount":2.0,"kind":"strike"}],"essence_cost":1.0,"feeding_cost":1.0,"feeding_need":{"venom_sac":1.0},"field_actions":["attack"],"id":"gen_blood_attack_002_gu","rank":1.0,"rarity":"common","replace_value":2.0,"role":"attack","school":"blood","slot_role":"attack","source":"game_new","synergy_hooks":["strike_enemy"],"tags":["blood","attack","projectile"],"value":3.0},{"card_blueprint_ids":["gen_blood_defense_003_card"],"combat":"blood_defense_pattern","combat_effects":[{"flag":"guarded","kind":"add_flag"}],"essence_cost":1.0,"feeding_cost":1.0,"feeding_need":{"moon_dew":1.0},"field_actions":["guard"],"id":"gen_blood_defense_003_gu","rank":1.0,"rarity":"common","replace_value":2.0,"role":"defense","school":"blood","slot_role":"defense","source":"game_new","synergy_hooks":["guard_self"],"tags":["blood","defense","guard"],"value":3.0},{"card_blueprint_ids":["gen_blood_movement_004_card"],"combat":"blood_movement_pattern","combat_effects":[{"flag":"retreat_preserved","kind":"add_flag"}],"essence_cost":1.0,"feeding_cost":1.0,"feeding_need":{"beast_blood":1.0},"field_actions":["escape","signal"],"id":"gen_blood_movement_004_gu","rank":1.0,"rarity":"common","replace_value":2.0,"role":"movement","school":"blood","slot_role":"movement","source":"game_new","synergy_hooks":["preserve_retreat"],"tags":["blood","movement","escape"],"value":3.0},{"card_blueprint_ids":["gen_blood_healing_005_card"],"combat":"blood_healing_pattern","combat_effects":[{"amount":1.0,"kind":"heal_injury"}],"essence_cost":1.0,"feeding_cost":1.0,"feeding_need":{"beast_bone":1.0},"field_actions":["heal"],"id":"gen_blood_healing_005_gu","rank":1.0,"rarity":"common","replace_value":2.0,"role":"healing","school":"blood","slot_role":"healing","source":"game_new","synergy_hooks":["relief_injury"],"tags":["blood","healing","drain"],"value":3.0},{"card_blueprint_ids":["gen_blood_recon_006_card"],"combat":"blood_recon_pattern","combat_effects":[{"flag":"revealed","kind":"add_flag"},{"amount":1.0,"kind":"delay_progress"}],"essence_cost":1.0,"feeding_cost":1.0,"feeding_need":{"venom_sac":1.0},"field_actions":["scout","disguise"],"id":"gen_blood_recon_006_gu","rank":1.0,"rarity":"common","replace_value":2.0,"role":"recon","school":"blood","slot_role":"recon","source":"game_new","synergy_hooks":["reveal_hidden"],"tags":["blood","scout","reveal"],"value":3.0},{"card_blueprint_ids":["gen_blood_logistics_007_card"],"combat":"blood_logistics_pattern","combat_effects":[{"amount":1.0,"kind":"delay_progress"}],"essence_cost":1.0,"feeding_cost":1.0,"feeding_need":{"moon_dew":1.0},"field_actions":["feed","store"],"id":"gen_blood_logistics_007_gu","rank":1.0,"rarity":"common","replace_value":2.0,"role":"logistics","school":"blood","slot_role":"logistics","source":"game_new","synergy_hooks":["slow_enemy"],"tags":["blood","tempo","subtle"],"value":3.0},{"card_blueprint_ids":["gen_blood_attack_008_card"],"combat":"blood_attack_pattern","combat_effects":[{"amount":2.0,"kind":"strike"}],"essence_cost":1.0,"feeding_cost":1.0,"feeding_need":{"beast_blood":1.0},"field_actions":["attack"],"id":"gen_blood_attack_008_gu","rank":1.0,"rarity":"common","replace_value":2.0,"role":"attack","school":"blood","slot_role":"attack","source":"game_new","synergy_hooks":["strike_enemy"],"tags":["blood","attack","projectile"],"value":3.0},{"card_blueprint_ids":["gen_blood_attack_009_card"],"combat":"blood_attack_pattern","combat_effects":[{"amount":2.0,"kind":"strike"}],"essence_cost":1.0,"feeding_cost":1.0,"feeding_need":{"beast_bone":1.0},"field_actions":["attack"],"id":"gen_blood_attack_009_gu","rank":1.0,"rarity":"common","replace_value":2.0,"role":"attack","school":"blood","slot_role":"attack","source":"game_new","synergy_hooks":["strike_enemy"],"tags":["blood","attack","projectile"],"value":3.0},{"card_blueprint_ids":["gen_blood_defense_010_card"],"combat":"blood_defense_pattern","combat_effects":[{"flag":"guarded","kind":"add_flag"}],"essence_cost":1.0,"feeding_cost":1.0,"feeding_need":{"venom_sac":1.0},"field_actions":["guard"],"id":"gen_blood_defense_010_gu","rank":1.0,"rarity":"common","replace_value":2.0,"role":"defense","school":"blood","slot_role":"defense","source":"game_new","synergy_hooks":["guard_self"],"tags":["blood","defense","guard"],"value":3.0},{"card_blueprint_ids":["gen_blood_movement_011_card"],"combat":"blood_movement_pattern","combat_effects":[{"flag":"retreat_preserved","kind":"add_flag"}],"essence_cost":1.0,"feeding_cost":1.0,"feeding_need":{"moon_dew":1.0},"field_actions":["escape","signal"],"id":"gen_blood_movement_011_gu","rank":1.0,"rarity":"common","replace_value":2.0,"role":"movement","school":"blood","slot_role":"movement","source":"game_new","synergy_hooks":["preserve_retreat"],"tags":["blood","movement","escape"],"value":3.0},{"card_blueprint_ids":["gen_blood_healing_012_card"],"combat":"blood_healing_pattern","combat_effects":[{"amount":1.0,"kind":"heal_injury"}],"essence_cost":1.0,"feeding_cost":1.0,"feeding_need":{"beast_blood":1.0},"field_actions":["heal"],"id":"gen_blood_healing_012_gu","rank":1.0,"rarity":"common","replace_value":2.0,"role":"healing","school":"blood","slot_role":"healing","source":"game_new","synergy_hooks":["relief_injury"],"tags":["blood","healing","drain"],"value":3.0},{"card_blueprint_ids":["gen_blood_recon_013_card"],"combat":"blood_recon_pattern","combat_effects":[{"flag":"revealed","kind":"add_flag"},{"amount":1.0,"kind":"delay_progress"}],"essence_cost":1.0,"feeding_cost":1.0,"feeding_need":{"beast_bone":1.0},"field_actions":["scout","disguise"],"id":"gen_blood_recon_013_gu","rank":1.0,"rarity":"common","replace_value":2.0,"role":"recon","school":"blood","slot_role":"recon","source":"game_new","synergy_hooks":["reveal_hidden"],"tags":["blood","scout","reveal"],"value":3.0},{"card_blueprint_ids":["gen_blood_logistics_014_card"],"combat":"blood_logistics_pattern","combat_effects":[{"amount":1.0,"kind":"delay_progress"}],"essence_cost":1.0,"feeding_cost":1.0,"feeding_need":{"venom_sac":1.0},"field_actions":["feed","store"],"id":"gen_blood_logistics_014_gu","rank":1.0,"rarity":"common","replace_value":2.0,"role":"logistics","school":"blood","slot_role":"logistics","source":"game_new","synergy_hooks":["slow_enemy"],"tags":["blood","tempo","subtle"],"value":3.0},{"card_blueprint_ids":["gen_blood_attack_015_card"],"combat":"blood_attack_pattern","combat_effects":[{"amount":2.0,"kind":"strike"}],"essence_cost":1.0,"feeding_cost":1.0,"feeding_need":{"moon_dew":1.0},"field_actions":["attack"],"id":"gen_blood_attack_015_gu","rank":1.0,"rarity":"common","replace_value":2.0,"role":"attack","school":"blood","slot_role":"attack","source":"game_new","synergy_hooks":["strike_enemy"],"tags":["blood","attack","projectile"],"value":3.0},{"card_blueprint_ids":["gen_blood_attack_016_card"],"combat":"blood_attack_pattern","combat_effects":[{"amount":2.0,"kind":"strike"}],"essence_cost":1.0,"feeding_cost":1.0,"feeding_need":{"beast_blood":1.0},"field_actions":["attack"],"id":"gen_blood_attack_016_gu","rank":1.0,"rarity":"common","replace_value":2.0,"role":"attack","school":"blood","slot_role":"attack","source":"game_new","synergy_hooks":["strike_enemy"],"tags":["blood","attack","projectile"],"value":3.0},{"card_blueprint_ids":["gen_blood_defense_017_card"],"combat":"blood_defense_pattern","combat_effects":[{"flag":"guarded","kind":"add_flag"}],"essence_cost":1.0,"feeding_cost":1.0,"feeding_need":{"beast_bone":1.0},"field_actions":["guard"],"id":"gen_blood_defense_017_gu","rank":1.0,"rarity":"common","replace_value":2.0,"role":"defense","school":"blood","slot_role":"defense","source":"game_new","synergy_hooks":["guard_self"],"tags":["blood","defense","guard"],"value":3.0},{"card_blueprint_ids":["gen_blood_movement_018_card"],"combat":"blood_movement_pattern","combat_effects":[{"flag":"retreat_preserved","kind":"add_flag"}],"essence_cost":1.0,"feeding_cost":1.0,"feeding_need":{"venom_sac":1.0},"field_actions":["escape","signal"],"id":"gen_blood_movement_018_gu","rank":1.0,"rarity":"common","replace_value":2.0,"role":"movement","school":"blood","slot_role":"movement","source":"game_new","synergy_hooks":["preserve_retreat"],"tags":["blood","movement","escape"],"value":3.0},{"card_blueprint_ids":["gen_blood_healing_019_card"],"combat":"blood_healing_pattern","combat_effects":[{"amount":1.0,"kind":"heal_injury"}],"essence_cost":1.0,"feeding_cost":1.0,"feeding_need":{"moon_dew":1.0},"field_actions":["heal"],"id":"gen_blood_healing_019_gu","rank":1.0,"rarity":"common","replace_value":2.0,"role":"healing","school":"blood","slot_role":"healing","source":"game_new","synergy_hooks":["relief_injury"],"tags":["blood","healing","drain"],"value":3.0},{"card_blueprint_ids":["gen_blood_recon_020_card"],"combat":"blood_recon_pattern","combat_effects":[{"flag":"revealed","kind":"add_flag"},{"amount":1.0,"kind":"delay_progress"}],"essence_cost":1.0,"feeding_cost":1.0,"feeding_need":{"beast_blood":1.0},"field_actions":["scout","disguise"],"id":"gen_blood_recon_020_gu","rank":1.0,"rarity":"common","replace_value":2.0,"role":"recon","school":"blood","slot_role":"recon","source":"game_new","synergy_hooks":["reveal_hidden"],"tags":["blood","scout","reveal"],"value":3.0},{"card_blueprint_ids":["gen_blood_logistics_021_card"],"combat":"blood_logistics_pattern","combat_effects":[{"amount":1.0,"kind":"delay_progress"}],"essence_cost":1.0,"feeding_cost":1.0,"feeding_need":{"beast_bone":1.0},"field_actions":["feed","store"],"id":"gen_blood_logistics_021_gu","rank":1.0,"rarity":"common","replace_value":2.0,"role":"logistics","school":"blood","slot_role":"logistics","source":"game_new","synergy_hooks":["slow_enemy"],"tags":["blood","tempo","subtle"],"value":3.0},{"card_blueprint_ids":["gen_blood_attack_022_card"],"combat":"blood_attack_pattern","combat_effects":[{"amount":2.0,"kind":"strike"}],"essence_cost":1.0,"feeding_cost":1.0,"feeding_need":{"venom_sac":1.0},"field_actions":["attack"],"id":"gen_blood_attack_022_gu","rank":1.0,"rarity":"common","replace_value":2.0,"role":"attack","school":"blood","slot_role":"attack","source":"game_new","synergy_hooks":["strike_enemy"],"tags":["blood","attack","projectile"],"value":3.0},{"card_blueprint_ids":["gen_blood_attack_023_card"],"combat":"blood_attack_pattern","combat_effects":[{"amount":2.0,"kind":"strike"}],"essence_cost":1.0,"feeding_cost":1.0,"feeding_need":{"moon_dew":1.0},"field_actions":["attack"],"id":"gen_blood_attack_023_gu","rank":2.0,"rarity":"rare","replace_value":4.0,"role":"attack","school":"blood","slot_role":"attack","source":"game_new","synergy_hooks":["strike_enemy"],"tags":["blood","attack","projectile"],"value":5.0},{"card_blueprint_ids":["gen_blood_defense_024_card"],"combat":"blood_defense_pattern","combat_effects":[{"flag":"guarded","kind":"add_flag"}],"essence_cost":1.0,"feeding_cost":1.0,"feeding_need":{"beast_blood":1.0},"field_actions":["guard"],"id":"gen_blood_defense_024_gu","rank":2.0,"rarity":"rare","replace_value":4.0,"role":"defense","school":"blood","slot_role":"defense","source":"game_new","synergy_hooks":["guard_self"],"tags":["blood","defense","guard"],"value":5.0},{"card_blueprint_ids":["gen_blood_movement_025_card"],"combat":"blood_movement_pattern","combat_effects":[{"flag":"retreat_preserved","kind":"add_flag"}],"essence_cost":1.0,"feeding_cost":1.0,"feeding_need":{"beast_bone":1.0},"field_actions":["escape","signal"],"id":"gen_blood_movement_025_gu","rank":2.0,"rarity":"rare","replace_value":4.0,"role":"movement","school":"blood","slot_role":"movement","source":"game_new","synergy_hooks":["preserve_retreat"],"tags":["blood","movement","escape"],"value":5.0},{"card_blueprint_ids":["gen_blood_healing_026_card"],"combat":"blood_healing_pattern","combat_effects":[{"amount":1.0,"kind":"heal_injury"}],"essence_cost":1.0,"feeding_cost":1.0,"feeding_need":{"venom_sac":1.0},"field_actions":["heal"],"id":"gen_blood_healing_026_gu","rank":2.0,"rarity":"rare","replace_value":4.0,"role":"healing","school":"blood","slot_role":"healing","source":"game_new","synergy_hooks":["relief_injury"],"tags":["blood","healing","drain"],"value":5.0},{"card_blueprint_ids":["gen_blood_recon_027_card"],"combat":"blood_recon_pattern","combat_effects":[{"flag":"revealed","kind":"add_flag"},{"amount":1.0,"kind":"delay_progress"}],"essence_cost":1.0,"feeding_cost":1.0,"feeding_need":{"moon_dew":1.0},"field_actions":["scout","disguise"],"id":"gen_blood_recon_027_gu","rank":2.0,"rarity":"rare","replace_value":4.0,"role":"recon","school":"blood","slot_role":"recon","source":"game_new","synergy_hooks":["reveal_hidden"],"tags":["blood","scout","reveal"],"value":5.0},{"card_blueprint_ids":["gen_blood_logistics_028_card"],"combat":"blood_logistics_pattern","combat_effects":[{"amount":1.0,"kind":"delay_progress"}],"essence_cost":1.0,"feeding_cost":1.0,"feeding_need":{"beast_blood":1.0},"field_actions":["feed","store"],"id":"gen_blood_logistics_028_gu","rank":2.0,"rarity":"rare","replace_value":4.0,"role":"logistics","school":"blood","slot_role":"logistics","source":"game_new","synergy_hooks":["slow_enemy"],"tags":["blood","tempo","subtle"],"value":5.0},{"card_blueprint_ids":["gen_blood_attack_029_card"],"combat":"blood_attack_pattern","combat_effects":[{"amount":2.0,"kind":"strike"}],"essence_cost":1.0,"feeding_cost":1.0,"feeding_need":{"beast_bone":1.0},"field_actions":["attack"],"id":"gen_blood_attack_029_gu","rank":2.0,"rarity":"rare","replace_value":4.0,"role":"attack","school":"blood","slot_role":"attack","source":"game_new","synergy_hooks":["strike_enemy"],"tags":["blood","attack","projectile"],"value":5.0},{"card_blueprint_ids":["gen_blood_attack_030_card"],"combat":"blood_attack_pattern","combat_effects":[{"amount":2.0,"kind":"strike"}],"essence_cost":1.0,"feeding_cost":1.0,"feeding_need":{"venom_sac":1.0},"field_actions":["attack"],"id":"gen_blood_attack_030_gu","rank":2.0,"rarity":"rare","replace_value":4.0,"role":"attack","school":"blood","slot_role":"attack","source":"game_new","synergy_hooks":["strike_enemy"],"tags":["blood","attack","projectile"],"value":5.0},{"card_blueprint_ids":["gen_blood_defense_031_card"],"combat":"blood_defense_pattern","combat_effects":[{"flag":"guarded","kind":"add_flag"}],"essence_cost":1.0,"feeding_cost":1.0,"feeding_need":{"moon_dew":1.0},"field_actions":["guard"],"id":"gen_blood_defense_031_gu","rank":2.0,"rarity":"rare","replace_value":4.0,"role":"defense","school":"blood","slot_role":"defense","source":"game_new","synergy_hooks":["guard_self"],"tags":["blood","defense","guard"],"value":5.0},{"card_blueprint_ids":["gen_blood_movement_032_card"],"combat":"blood_movement_pattern","combat_effects":[{"flag":"retreat_preserved","kind":"add_flag"}],"essence_cost":1.0,"feeding_cost":1.0,"feeding_need":{"beast_blood":1.0},"field_actions":["escape","signal"],"id":"gen_blood_movement_032_gu","rank":2.0,"rarity":"rare","replace_value":4.0,"role":"movement","school":"blood","slot_role":"movement","source":"game_new","synergy_hooks":["preserve_retreat"],"tags":["blood","movement","escape"],"value":5.0},{"card_blueprint_ids":["gen_blood_healing_033_card"],"combat":"blood_healing_pattern","combat_effects":[{"amount":1.0,"kind":"heal_injury"}],"essence_cost":2.0,"feeding_cost":1.0,"feeding_need":{"beast_bone":1.0},"field_actions":["heal"],"id":"gen_blood_healing_033_gu","rank":3.0,"rarity":"epic","replace_value":7.0,"role":"healing","school":"blood","slot_role":"healing","source":"game_new","synergy_hooks":["relief_injury"],"tags":["blood","healing","drain"],"value":8.0},{"card_blueprint_ids":["gen_blood_recon_034_card"],"combat":"blood_recon_pattern","combat_effects":[{"flag":"revealed","kind":"add_flag"},{"amount":1.0,"kind":"delay_progress"}],"essence_cost":2.0,"feeding_cost":1.0,"feeding_need":{"venom_sac":1.0},"field_actions":["scout","disguise"],"id":"gen_blood_recon_034_gu","rank":3.0,"rarity":"epic","replace_value":7.0,"role":"recon","school":"blood","slot_role":"recon","source":"game_new","synergy_hooks":["reveal_hidden"],"tags":["blood","scout","reveal"],"value":8.0},{"card_blueprint_ids":["gen_qi_logistics_035_card"],"combat":"qi_logistics_pattern","combat_effects":[{"amount":1.0,"kind":"delay_progress"}],"essence_cost":1.0,"feeding_cost":1.0,"feeding_need":{"moon_dew":1.0},"field_actions":["feed","store"],"id":"gen_qi_logistics_035_gu","rank":1.0,"rarity":"common","replace_value":2.0,"role":"logistics","school":"qi","slot_role":"logistics","source":"game_new","synergy_hooks":["slow_enemy"],"tags":["qi","tempo","subtle"],"value":3.0},{"card_blueprint_ids":["gen_qi_attack_036_card"],"combat":"qi_attack_pattern","combat_effects":[{"amount":2.0,"kind":"strike"}],"essence_cost":1.0,"feeding_cost":1.0,"feeding_need":{"beast_blood":1.0},"field_actions":["attack"],"id":"gen_qi_attack_036_gu","rank":1.0,"rarity":"common","replace_value":2.0,"role":"attack","school":"qi","slot_role":"attack","source":"game_new","synergy_hooks":["strike_enemy"],"tags":["qi","attack","projectile"],"value":3.0},{"card_blueprint_ids":["gen_qi_attack_037_card"],"combat":"qi_attack_pattern","combat_effects":[{"amount":2.0,"kind":"strike"}],"essence_cost":1.0,"feeding_cost":1.0,"feeding_need":{"beast_bone":1.0},"field_actions":["attack"],"id":"gen_qi_attack_037_gu","rank":1.0,"rarity":"common","replace_value":2.0,"role":"attack","school":"qi","slot_role":"attack","source":"game_new","synergy_hooks":["strike_enemy"],"tags":["qi","attack","projectile"],"value":3.0},{"card_blueprint_ids":["gen_qi_defense_038_card"],"combat":"qi_defense_pattern","combat_effects":[{"flag":"guarded","kind":"add_flag"}],"essence_cost":1.0,"feeding_cost":1.0,"feeding_need":{"venom_sac":1.0},"field_actions":["guard"],"id":"gen_qi_defense_038_gu","rank":1.0,"rarity":"common","replace_value":2.0,"role":"defense","school":"qi","slot_role":"defense","source":"game_new","synergy_hooks":["guard_self"],"tags":["qi","defense","guard"],"value":3.0},{"card_blueprint_ids":["gen_qi_movement_039_card"],"combat":"qi_movement_pattern","combat_effects":[{"flag":"retreat_preserved","kind":"add_flag"}],"essence_cost":1.0,"feeding_cost":1.0,"feeding_need":{"moon_dew":1.0},"field_actions":["escape","signal"],"id":"gen_qi_movement_039_gu","rank":1.0,"rarity":"common","replace_value":2.0,"role":"movement","school":"qi","slot_role":"movement","source":"game_new","synergy_hooks":["preserve_retreat"],"tags":["qi","movement","escape"],"value":3.0},{"card_blueprint_ids":["gen_qi_healing_040_card"],"combat":"qi_healing_pattern","combat_effects":[{"amount":1.0,"kind":"heal_injury"}],"essence_cost":1.0,"feeding_cost":1.0,"feeding_need":{"beast_blood":1.0},"field_actions":["heal"],"id":"gen_qi_healing_040_gu","rank":1.0,"rarity":"common","replace_value":2.0,"role":"healing","school":"qi","slot_role":"healing","source":"game_new","synergy_hooks":["relief_injury"],"tags":["qi","healing","drain"],"value":3.0},{"card_blueprint_ids":["gen_qi_recon_041_card"],"combat":"qi_recon_pattern","combat_effects":[{"flag":"revealed","kind":"add_flag"},{"amount":1.0,"kind":"delay_progress"}],"essence_cost":1.0,"feeding_cost":1.0,"feeding_need":{"beast_bone":1.0},"field_actions":["scout","disguise"],"id":"gen_qi_recon_041_gu","rank":1.0,"rarity":"common","replace_value":2.0,"role":"recon","school":"qi","slot_role":"recon","source":"game_new","synergy_hooks":["reveal_hidden"],"tags":["qi","scout","reveal"],"value":3.0},{"card_blueprint_ids":["gen_qi_logistics_042_card"],"combat":"qi_logistics_pattern","combat_effects":[{"amount":1.0,"kind":"delay_progress"}],"essence_cost":1.0,"feeding_cost":1.0,"feeding_need":{"venom_sac":1.0},"field_actions":["feed","store"],"id":"gen_qi_logistics_042_gu","rank":1.0,"rarity":"common","replace_value":2.0,"role":"logistics","school":"qi","slot_role":"logistics","source":"game_new","synergy_hooks":["slow_enemy"],"tags":["qi","tempo","subtle"],"value":3.0},{"card_blueprint_ids":["gen_qi_attack_043_card"],"combat":"qi_attack_pattern","combat_effects":[{"amount":2.0,"kind":"strike"}],"essence_cost":1.0,"feeding_cost":1.0,"feeding_need":{"moon_dew":1.0},"field_actions":["attack"],"id":"gen_qi_attack_043_gu","rank":1.0,"rarity":"common","replace_value":2.0,"role":"attack","school":"qi","slot_role":"attack","source":"game_new","synergy_hooks":["strike_enemy"],"tags":["qi","attack","projectile"],"value":3.0},{"card_blueprint_ids":["gen_qi_attack_044_card"],"combat":"qi_attack_pattern","combat_effects":[{"amount":2.0,"kind":"strike"}],"essence_cost":1.0,"feeding_cost":1.0,"feeding_need":{"beast_blood":1.0},"field_actions":["attack"],"id":"gen_qi_attack_044_gu","rank":1.0,"rarity":"common","replace_value":2.0,"role":"attack","school":"qi","slot_role":"attack","source":"game_new","synergy_hooks":["strike_enemy"],"tags":["qi","attack","projectile"],"value":3.0},{"card_blueprint_ids":["gen_qi_defense_045_card"],"combat":"qi_defense_pattern","combat_effects":[{"flag":"guarded","kind":"add_flag"}],"essence_cost":1.0,"feeding_cost":1.0,"feeding_need":{"beast_bone":1.0},"field_actions":["guard"],"id":"gen_qi_defense_045_gu","rank":1.0,"rarity":"common","replace_value":2.0,"role":"defense","school":"qi","slot_role":"defense","source":"game_new","synergy_hooks":["guard_self"],"tags":["qi","defense","guard"],"value":3.0},{"card_blueprint_ids":["gen_qi_movement_046_card"],"combat":"qi_movement_pattern","combat_effects":[{"flag":"retreat_preserved","kind":"add_flag"}],"essence_cost":1.0,"feeding_cost":1.0,"feeding_need":{"venom_sac":1.0},"field_actions":["escape","signal"],"id":"gen_qi_movement_046_gu","rank":1.0,"rarity":"common","replace_value":2.0,"role":"movement","school":"qi","slot_role":"movement","source":"game_new","synergy_hooks":["preserve_retreat"],"tags":["qi","movement","escape"],"value":3.0},{"card_blueprint_ids":["gen_qi_healing_047_card"],"combat":"qi_healing_pattern","combat_effects":[{"amount":1.0,"kind":"heal_injury"}],"essence_cost":1.0,"feeding_cost":1.0,"feeding_need":{"moon_dew":1.0},"field_actions":["heal"],"id":"gen_qi_healing_047_gu","rank":1.0,"rarity":"common","replace_value":2.0,"role":"healing","school":"qi","slot_role":"healing","source":"game_new","synergy_hooks":["relief_injury"],"tags":["qi","healing","drain"],"value":3.0},{"card_blueprint_ids":["gen_qi_recon_048_card"],"combat":"qi_recon_pattern","combat_effects":[{"flag":"revealed","kind":"add_flag"},{"amount":1.0,"kind":"delay_progress"}],"essence_cost":1.0,"feeding_cost":1.0,"feeding_need":{"beast_blood":1.0},"field_actions":["scout","disguise"],"id":"gen_qi_recon_048_gu","rank":1.0,"rarity":"common","replace_value":2.0,"role":"recon","school":"qi","slot_role":"recon","source":"game_new","synergy_hooks":["reveal_hidden"],"tags":["qi","scout","reveal"],"value":3.0},{"card_blueprint_ids":["gen_qi_logistics_049_card"],"combat":"qi_logistics_pattern","combat_effects":[{"amount":1.0,"kind":"delay_progress"}],"essence_cost":1.0,"feeding_cost":1.0,"feeding_need":{"beast_bone":1.0},"field_actions":["feed","store"],"id":"gen_qi_logistics_049_gu","rank":1.0,"rarity":"common","replace_value":2.0,"role":"logistics","school":"qi","slot_role":"logistics","source":"game_new","synergy_hooks":["slow_enemy"],"tags":["qi","tempo","subtle"],"value":3.0},{"card_blueprint_ids":["gen_qi_attack_050_card"],"combat":"qi_attack_pattern","combat_effects":[{"amount":2.0,"kind":"strike"}],"essence_cost":1.0,"feeding_cost":1.0,"feeding_need":{"venom_sac":1.0},"field_actions":["attack"],"id":"gen_qi_attack_050_gu","rank":1.0,"rarity":"common","replace_value":2.0,"role":"attack","school":"qi","slot_role":"attack","source":"game_new","synergy_hooks":["strike_enemy"],"tags":["qi","attack","projectile"],"value":3.0},{"card_blueprint_ids":["gen_qi_attack_051_card"],"combat":"qi_attack_pattern","combat_effects":[{"amount":2.0,"kind":"strike"}],"essence_cost":1.0,"feeding_cost":1.0,"feeding_need":{"moon_dew":1.0},"field_actions":["attack"],"id":"gen_qi_attack_051_gu","rank":1.0,"rarity":"common","replace_value":2.0,"role":"attack","school":"qi","slot_role":"attack","source":"game_new","synergy_hooks":["strike_enemy"],"tags":["qi","attack","projectile"],"value":3.0},{"card_blueprint_ids":["gen_qi_defense_052_card"],"combat":"qi_defense_pattern","combat_effects":[{"flag":"guarded","kind":"add_flag"}],"essence_cost":1.0,"feeding_cost":1.0,"feeding_need":{"beast_blood":1.0},"field_actions":["guard"],"id":"gen_qi_defense_052_gu","rank":1.0,"rarity":"common","replace_value":2.0,"role":"defense","school":"qi","slot_role":"defense","source":"game_new","synergy_hooks":["guard_self"],"tags":["qi","defense","guard"],"value":3.0},{"card_blueprint_ids":["gen_qi_movement_053_card"],"combat":"qi_movement_pattern","combat_effects":[{"flag":"retreat_preserved","kind":"add_flag"}],"essence_cost":1.0,"feeding_cost":1.0,"feeding_need":{"beast_bone":1.0},"field_actions":["escape","signal"],"id":"gen_qi_movement_053_gu","rank":1.0,"rarity":"common","replace_value":2.0,"role":"movement","school":"qi","slot_role":"movement","source":"game_new","synergy_hooks":["preserve_retreat"],"tags":["qi","movement","escape"],"value":3.0},{"card_blueprint_ids":["gen_qi_healing_054_card"],"combat":"qi_healing_pattern","combat_effects":[{"amount":1.0,"kind":"heal_injury"}],"essence_cost":1.0,"feeding_cost":1.0,"feeding_need":{"venom_sac":1.0},"field_actions":["heal"],"id":"gen_qi_healing_054_gu","rank":2.0,"rarity":"rare","replace_value":4.0,"role":"healing","school":"qi","slot_role":"healing","source":"game_new","synergy_hooks":["relief_injury"],"tags":["qi","healing","drain"],"value":5.0},{"card_blueprint_ids":["gen_qi_recon_055_card"],"combat":"qi_recon_pattern","combat_effects":[{"flag":"revealed","kind":"add_flag"},{"amount":1.0,"kind":"delay_progress"}],"essence_cost":1.0,"feeding_cost":1.0,"feeding_need":{"moon_dew":1.0},"field_actions":["scout","disguise"],"id":"gen_qi_recon_055_gu","rank":2.0,"rarity":"rare","replace_value":4.0,"role":"recon","school":"qi","slot_role":"recon","source":"game_new","synergy_hooks":["reveal_hidden"],"tags":["qi","scout","reveal"],"value":5.0},{"card_blueprint_ids":["gen_qi_logistics_056_card"],"combat":"qi_logistics_pattern","combat_effects":[{"amount":1.0,"kind":"delay_progress"}],"essence_cost":1.0,"feeding_cost":1.0,"feeding_need":{"beast_blood":1.0},"field_actions":["feed","store"],"id":"gen_qi_logistics_056_gu","rank":2.0,"rarity":"rare","replace_value":4.0,"role":"logistics","school":"qi","slot_role":"logistics","source":"game_new","synergy_hooks":["slow_enemy"],"tags":["qi","tempo","subtle"],"value":5.0},{"card_blueprint_ids":["gen_qi_attack_057_card"],"combat":"qi_attack_pattern","combat_effects":[{"amount":2.0,"kind":"strike"}],"essence_cost":1.0,"feeding_cost":1.0,"feeding_need":{"beast_bone":1.0},"field_actions":["attack"],"id":"gen_qi_attack_057_gu","rank":2.0,"rarity":"rare","replace_value":4.0,"role":"attack","school":"qi","slot_role":"attack","source":"game_new","synergy_hooks":["strike_enemy"],"tags":["qi","attack","projectile"],"value":5.0},{"card_blueprint_ids":["gen_qi_attack_058_card"],"combat":"qi_attack_pattern","combat_effects":[{"amount":2.0,"kind":"strike"}],"essence_cost":1.0,"feeding_cost":1.0,"feeding_need":{"venom_sac":1.0},"field_actions":["attack"],"id":"gen_qi_attack_058_gu","rank":2.0,"rarity":"rare","replace_value":4.0,"role":"attack","school":"qi","slot_role":"attack","source":"game_new","synergy_hooks":["strike_enemy"],"tags":["qi","attack","projectile"],"value":5.0},{"card_blueprint_ids":["gen_qi_defense_059_card"],"combat":"qi_defense_pattern","combat_effects":[{"flag":"guarded","kind":"add_flag"}],"essence_cost":1.0,"feeding_cost":1.0,"feeding_need":{"moon_dew":1.0},"field_actions":["guard"],"id":"gen_qi_defense_059_gu","rank":2.0,"rarity":"rare","replace_value":4.0,"role":"defense","school":"qi","slot_role":"defense","source":"game_new","synergy_hooks":["guard_self"],"tags":["qi","defense","guard"],"value":5.0},{"card_blueprint_ids":["gen_qi_movement_060_card"],"combat":"qi_movement_pattern","combat_effects":[{"flag":"retreat_preserved","kind":"add_flag"}],"essence_cost":1.0,"feeding_cost":1.0,"feeding_need":{"beast_blood":1.0},"field_actions":["escape","signal"],"id":"gen_qi_movement_060_gu","rank":2.0,"rarity":"rare","replace_value":4.0,"role":"movement","school":"qi","slot_role":"movement","source":"game_new","synergy_hooks":["preserve_retreat"],"tags":["qi","movement","escape"],"value":5.0},{"card_blueprint_ids":["gen_qi_healing_061_card"],"combat":"qi_healing_pattern","combat_effects":[{"amount":1.0,"kind":"heal_injury"}],"essence_cost":1.0,"feeding_cost":1.0,"feeding_need":{"beast_bone":1.0},"field_actions":["heal"],"id":"gen_qi_healing_061_gu","rank":2.0,"rarity":"rare","replace_value":4.0,"role":"healing","school":"qi","slot_role":"healing","source":"game_new","synergy_hooks":["relief_injury"],"tags":["qi","healing","drain"],"value":5.0},{"card_blueprint_ids":["gen_qi_recon_062_card"],"combat":"qi_recon_pattern","combat_effects":[{"flag":"revealed","kind":"add_flag"},{"amount":1.0,"kind":"delay_progress"}],"essence_cost":1.0,"feeding_cost":1.0,"feeding_need":{"venom_sac":1.0},"field_actions":["scout","disguise"],"id":"gen_qi_recon_062_gu","rank":2.0,"rarity":"rare","replace_value":4.0,"role":"recon","school":"qi","slot_role":"recon","source":"game_new","synergy_hooks":["reveal_hidden"],"tags":["qi","scout","reveal"],"value":5.0},{"card_blueprint_ids":["gen_qi_logistics_063_card"],"combat":"qi_logistics_pattern","combat_effects":[{"amount":1.0,"kind":"delay_progress"}],"essence_cost":1.0,"feeding_cost":1.0,"feeding_need":{"moon_dew":1.0},"field_actions":["feed","store"],"id":"gen_qi_logistics_063_gu","rank":2.0,"rarity":"rare","replace_value":4.0,"role":"logistics","school":"qi","slot_role":"logistics","source":"game_new","synergy_hooks":["slow_enemy"],"tags":["qi","tempo","subtle"],"value":5.0},{"card_blueprint_ids":["gen_qi_attack_064_card"],"combat":"qi_attack_pattern","combat_effects":[{"amount":2.0,"kind":"strike"}],"essence_cost":1.0,"feeding_cost":1.0,"feeding_need":{"beast_blood":1.0},"field_actions":["attack"],"id":"gen_qi_attack_064_gu","rank":2.0,"rarity":"rare","replace_value":4.0,"role":"attack","school":"qi","slot_role":"attack","source":"game_new","synergy_hooks":["strike_enemy"],"tags":["qi","attack","projectile"],"value":5.0},{"card_blueprint_ids":["gen_qi_attack_065_card"],"combat":"qi_attack_pattern","combat_effects":[{"amount":3.0,"kind":"strike"}],"essence_cost":2.0,"feeding_cost":1.0,"feeding_need":{"beast_bone":1.0},"field_actions":["attack"],"id":"gen_qi_attack_065_gu","rank":3.0,"rarity":"epic","replace_value":7.0,"role":"attack","school":"qi","slot_role":"attack","source":"game_new","synergy_hooks":["strike_enemy"],"tags":["qi","attack","projectile"],"value":8.0},{"card_blueprint_ids":["gen_qi_defense_066_card"],"combat":"qi_defense_pattern","combat_effects":[{"flag":"guarded","kind":"add_flag"}],"essence_cost":2.0,"feeding_cost":1.0,"feeding_need":{"venom_sac":1.0},"field_actions":["guard"],"id":"gen_qi_defense_066_gu","rank":3.0,"rarity":"epic","replace_value":7.0,"role":"defense","school":"qi","slot_role":"defense","source":"game_new","synergy_hooks":["guard_self"],"tags":["qi","defense","guard"],"value":8.0},{"card_blueprint_ids":["gen_qi_movement_067_card"],"combat":"qi_movement_pattern","combat_effects":[{"flag":"retreat_preserved","kind":"add_flag"}],"essence_cost":2.0,"feeding_cost":1.0,"feeding_need":{"moon_dew":1.0},"field_actions":["escape","signal"],"id":"gen_qi_movement_067_gu","rank":3.0,"rarity":"epic","replace_value":7.0,"role":"movement","school":"qi","slot_role":"movement","source":"game_new","synergy_hooks":["preserve_retreat"],"tags":["qi","movement","escape"],"value":8.0},{"card_blueprint_ids":["gen_force_healing_068_card"],"combat":"force_healing_pattern","combat_effects":[{"amount":1.0,"kind":"heal_injury"}],"essence_cost":1.0,"feeding_cost":1.0,"feeding_need":{"beast_blood":1.0},"field_actions":["heal"],"id":"gen_force_healing_068_gu","rank":1.0,"rarity":"common","replace_value":2.0,"role":"healing","school":"force","slot_role":"healing","source":"game_new","synergy_hooks":["relief_injury"],"tags":["force","healing","drain"],"value":3.0},{"card_blueprint_ids":["gen_force_recon_069_card"],"combat":"force_recon_pattern","combat_effects":[{"flag":"revealed","kind":"add_flag"},{"amount":1.0,"kind":"delay_progress"}],"essence_cost":1.0,"feeding_cost":1.0,"feeding_need":{"beast_bone":1.0},"field_actions":["scout","disguise"],"id":"gen_force_recon_069_gu","rank":1.0,"rarity":"common","replace_value":2.0,"role":"recon","school":"force","slot_role":"recon","source":"game_new","synergy_hooks":["reveal_hidden"],"tags":["force","scout","reveal"],"value":3.0},{"card_blueprint_ids":["gen_force_logistics_070_card"],"combat":"force_logistics_pattern","combat_effects":[{"amount":1.0,"kind":"delay_progress"}],"essence_cost":1.0,"feeding_cost":1.0,"feeding_need":{"venom_sac":1.0},"field_actions":["feed","store"],"id":"gen_force_logistics_070_gu","rank":1.0,"rarity":"common","replace_value":2.0,"role":"logistics","school":"force","slot_role":"logistics","source":"game_new","synergy_hooks":["slow_enemy"],"tags":["force","tempo","subtle"],"value":3.0},{"card_blueprint_ids":["gen_force_attack_071_card"],"combat":"force_attack_pattern","combat_effects":[{"amount":2.0,"kind":"strike"}],"essence_cost":1.0,"feeding_cost":1.0,"feeding_need":{"moon_dew":1.0},"field_actions":["attack"],"id":"gen_force_attack_071_gu","rank":1.0,"rarity":"common","replace_value":2.0,"role":"attack","school":"force","slot_role":"attack","source":"game_new","synergy_hooks":["strike_enemy"],"tags":["force","attack","projectile"],"value":3.0},{"card_blueprint_ids":["gen_force_attack_072_card"],"combat":"force_attack_pattern","combat_effects":[{"amount":2.0,"kind":"strike"}],"essence_cost":1.0,"feeding_cost":1.0,"feeding_need":{"beast_blood":1.0},"field_actions":["attack"],"id":"gen_force_attack_072_gu","rank":1.0,"rarity":"common","replace_value":2.0,"role":"attack","school":"force","slot_role":"attack","source":"game_new","synergy_hooks":["strike_enemy"],"tags":["force","attack","projectile"],"value":3.0},{"card_blueprint_ids":["gen_force_defense_073_card"],"combat":"force_defense_pattern","combat_effects":[{"flag":"guarded","kind":"add_flag"}],"essence_cost":1.0,"feeding_cost":1.0,"feeding_need":{"beast_bone":1.0},"field_actions":["guard"],"id":"gen_force_defense_073_gu","rank":1.0,"rarity":"common","replace_value":2.0,"role":"defense","school":"force","slot_role":"defense","source":"game_new","synergy_hooks":["guard_self"],"tags":["force","defense","guard"],"value":3.0},{"card_blueprint_ids":["gen_force_movement_074_card"],"combat":"force_movement_pattern","combat_effects":[{"flag":"retreat_preserved","kind":"add_flag"}],"essence_cost":1.0,"feeding_cost":1.0,"feeding_need":{"venom_sac":1.0},"field_actions":["escape","signal"],"id":"gen_force_movement_074_gu","rank":1.0,"rarity":"common","replace_value":2.0,"role":"movement","school":"force","slot_role":"movement","source":"game_new","synergy_hooks":["preserve_retreat"],"tags":["force","movement","escape"],"value":3.0},{"card_blueprint_ids":["gen_force_healing_075_card"],"combat":"force_healing_pattern","combat_effects":[{"amount":1.0,"kind":"heal_injury"}],"essence_cost":1.0,"feeding_cost":1.0,"feeding_need":{"moon_dew":1.0},"field_actions":["heal"],"id":"gen_force_healing_075_gu","rank":1.0,"rarity":"common","replace_value":2.0,"role":"healing","school":"force","slot_role":"healing","source":"game_new","synergy_hooks":["relief_injury"],"tags":["force","healing","drain"],"value":3.0},{"card_blueprint_ids":["gen_force_recon_076_card"],"combat":"force_recon_pattern","combat_effects":[{"flag":"revealed","kind":"add_flag"},{"amount":1.0,"kind":"delay_progress"}],"essence_cost":1.0,"feeding_cost":1.0,"feeding_need":{"beast_blood":1.0},"field_actions":["scout","disguise"],"id":"gen_force_recon_076_gu","rank":1.0,"rarity":"common","replace_value":2.0,"role":"recon","school":"force","slot_role":"recon","source":"game_new","synergy_hooks":["reveal_hidden"],"tags":["force","scout","reveal"],"value":3.0},{"card_blueprint_ids":["gen_force_logistics_077_card"],"combat":"force_logistics_pattern","combat_effects":[{"amount":1.0,"kind":"delay_progress"}],"essence_cost":1.0,"feeding_cost":1.0,"feeding_need":{"beast_bone":1.0},"field_actions":["feed","store"],"id":"gen_force_logistics_077_gu","rank":1.0,"rarity":"common","replace_value":2.0,"role":"logistics","school":"force","slot_role":"logistics","source":"game_new","synergy_hooks":["slow_enemy"],"tags":["force","tempo","subtle"],"value":3.0},{"card_blueprint_ids":["gen_force_attack_078_card"],"combat":"force_attack_pattern","combat_effects":[{"amount":2.0,"kind":"strike"}],"essence_cost":1.0,"feeding_cost":1.0,"feeding_need":{"venom_sac":1.0},"field_actions":["attack"],"id":"gen_force_attack_078_gu","rank":1.0,"rarity":"common","replace_value":2.0,"role":"attack","school":"force","slot_role":"attack","source":"game_new","synergy_hooks":["strike_enemy"],"tags":["force","attack","projectile"],"value":3.0},{"card_blueprint_ids":["gen_force_attack_079_card"],"combat":"force_attack_pattern","combat_effects":[{"amount":2.0,"kind":"strike"}],"essence_cost":1.0,"feeding_cost":1.0,"feeding_need":{"moon_dew":1.0},"field_actions":["attack"],"id":"gen_force_attack_079_gu","rank":1.0,"rarity":"common","replace_value":2.0,"role":"attack","school":"force","slot_role":"attack","source":"game_new","synergy_hooks":["strike_enemy"],"tags":["force","attack","projectile"],"value":3.0},{"card_blueprint_ids":["gen_force_defense_080_card"],"combat":"force_defense_pattern","combat_effects":[{"flag":"guarded","kind":"add_flag"}],"essence_cost":1.0,"feeding_cost":1.0,"feeding_need":{"beast_blood":1.0},"field_actions":["guard"],"id":"gen_force_defense_080_gu","rank":1.0,"rarity":"common","replace_value":2.0,"role":"defense","school":"force","slot_role":"defense","source":"game_new","synergy_hooks":["guard_self"],"tags":["force","defense","guard"],"value":3.0},{"card_blueprint_ids":["gen_force_movement_081_card"],"combat":"force_movement_pattern","combat_effects":[{"flag":"retreat_preserved","kind":"add_flag"}],"essence_cost":1.0,"feeding_cost":1.0,"feeding_need":{"beast_bone":1.0},"field_actions":["escape","signal"],"id":"gen_force_movement_081_gu","rank":1.0,"rarity":"common","replace_value":2.0,"role":"movement","school":"force","slot_role":"movement","source":"game_new","synergy_hooks":["preserve_retreat"],"tags":["force","movement","escape"],"value":3.0},{"card_blueprint_ids":["gen_force_healing_082_card"],"combat":"force_healing_pattern","combat_effects":[{"amount":1.0,"kind":"heal_injury"}],"essence_cost":1.0,"feeding_cost":1.0,"feeding_need":{"venom_sac":1.0},"field_actions":["heal"],"id":"gen_force_healing_082_gu","rank":1.0,"rarity":"common","replace_value":2.0,"role":"healing","school":"force","slot_role":"healing","source":"game_new","synergy_hooks":["relief_injury"],"tags":["force","healing","drain"],"value":3.0},{"card_blueprint_ids":["gen_force_recon_083_card"],"combat":"force_recon_pattern","combat_effects":[{"flag":"revealed","kind":"add_flag"},{"amount":1.0,"kind":"delay_progress"}],"essence_cost":1.0,"feeding_cost":1.0,"feeding_need":{"moon_dew":1.0},"field_actions":["scout","disguise"],"id":"gen_force_recon_083_gu","rank":1.0,"rarity":"common","replace_value":2.0,"role":"recon","school":"force","slot_role":"recon","source":"game_new","synergy_hooks":["reveal_hidden"],"tags":["force","scout","reveal"],"value":3.0},{"card_blueprint_ids":["gen_force_logistics_084_card"],"combat":"force_logistics_pattern","combat_effects":[{"amount":1.0,"kind":"delay_progress"}],"essence_cost":1.0,"feeding_cost":1.0,"feeding_need":{"beast_blood":1.0},"field_actions":["feed","store"],"id":"gen_force_logistics_084_gu","rank":1.0,"rarity":"common","replace_value":2.0,"role":"logistics","school":"force","slot_role":"logistics","source":"game_new","synergy_hooks":["slow_enemy"],"tags":["force","tempo","subtle"],"value":3.0},{"card_blueprint_ids":["gen_force_attack_085_card"],"combat":"force_attack_pattern","combat_effects":[{"amount":2.0,"kind":"strike"}],"essence_cost":1.0,"feeding_cost":1.0,"feeding_need":{"beast_bone":1.0},"field_actions":["attack"],"id":"gen_force_attack_085_gu","rank":1.0,"rarity":"common","replace_value":2.0,"role":"attack","school":"force","slot_role":"attack","source":"game_new","synergy_hooks":["strike_enemy"],"tags":["force","attack","projectile"],"value":3.0},{"card_blueprint_ids":["gen_force_attack_086_card"],"combat":"force_attack_pattern","combat_effects":[{"amount":2.0,"kind":"strike"}],"essence_cost":1.0,"feeding_cost":1.0,"feeding_need":{"venom_sac":1.0},"field_actions":["attack"],"id":"gen_force_attack_086_gu","rank":1.0,"rarity":"common","replace_value":2.0,"role":"attack","school":"force","slot_role":"attack","source":"game_new","synergy_hooks":["strike_enemy"],"tags":["force","attack","projectile"],"value":3.0},{"card_blueprint_ids":["gen_force_defense_087_card"],"combat":"force_defense_pattern","combat_effects":[{"flag":"guarded","kind":"add_flag"}],"essence_cost":1.0,"feeding_cost":1.0,"feeding_need":{"moon_dew":1.0},"field_actions":["guard"],"id":"gen_force_defense_087_gu","rank":1.0,"rarity":"common","replace_value":2.0,"role":"defense","school":"force","slot_role":"defense","source":"game_new","synergy_hooks":["guard_self"],"tags":["force","defense","guard"],"value":3.0},{"card_blueprint_ids":["gen_force_movement_088_card"],"combat":"force_movement_pattern","combat_effects":[{"flag":"retreat_preserved","kind":"add_flag"}],"essence_cost":1.0,"feeding_cost":1.0,"feeding_need":{"beast_blood":1.0},"field_actions":["escape","signal"],"id":"gen_force_movement_088_gu","rank":1.0,"rarity":"common","replace_value":2.0,"role":"movement","school":"force","slot_role":"movement","source":"game_new","synergy_hooks":["preserve_retreat"],"tags":["force","movement","escape"],"value":3.0},{"card_blueprint_ids":["gen_force_healing_089_card"],"combat":"force_healing_pattern","combat_effects":[{"amount":1.0,"kind":"heal_injury"}],"essence_cost":1.0,"feeding_cost":1.0,"feeding_need":{"beast_bone":1.0},"field_actions":["heal"],"id":"gen_force_healing_089_gu","rank":2.0,"rarity":"rare","replace_value":4.0,"role":"healing","school":"force","slot_role":"healing","source":"game_new","synergy_hooks":["relief_injury"],"tags":["force","healing","drain"],"value":5.0},{"card_blueprint_ids":["gen_force_recon_090_card"],"combat":"force_recon_pattern","combat_effects":[{"flag":"revealed","kind":"add_flag"},{"amount":1.0,"kind":"delay_progress"}],"essence_cost":1.0,"feeding_cost":1.0,"feeding_need":{"venom_sac":1.0},"field_actions":["scout","disguise"],"id":"gen_force_recon_090_gu","rank":2.0,"rarity":"rare","replace_value":4.0,"role":"recon","school":"force","slot_role":"recon","source":"game_new","synergy_hooks":["reveal_hidden"],"tags":["force","scout","reveal"],"value":5.0},{"card_blueprint_ids":["gen_force_logistics_091_card"],"combat":"force_logistics_pattern","combat_effects":[{"amount":1.0,"kind":"delay_progress"}],"essence_cost":1.0,"feeding_cost":1.0,"feeding_need":{"moon_dew":1.0},"field_actions":["feed","store"],"id":"gen_force_logistics_091_gu","rank":2.0,"rarity":"rare","replace_value":4.0,"role":"logistics","school":"force","slot_role":"logistics","source":"game_new","synergy_hooks":["slow_enemy"],"tags":["force","tempo","subtle"],"value":5.0},{"card_blueprint_ids":["gen_force_attack_092_card"],"combat":"force_attack_pattern","combat_effects":[{"amount":2.0,"kind":"strike"}],"essence_cost":1.0,"feeding_cost":1.0,"feeding_need":{"beast_blood":1.0},"field_actions":["attack"],"id":"gen_force_attack_092_gu","rank":2.0,"rarity":"rare","replace_value":4.0,"role":"attack","school":"force","slot_role":"attack","source":"game_new","synergy_hooks":["strike_enemy"],"tags":["force","attack","projectile"],"value":5.0},{"card_blueprint_ids":["gen_force_attack_093_card"],"combat":"force_attack_pattern","combat_effects":[{"amount":2.0,"kind":"strike"}],"essence_cost":1.0,"feeding_cost":1.0,"feeding_need":{"beast_bone":1.0},"field_actions":["attack"],"id":"gen_force_attack_093_gu","rank":2.0,"rarity":"rare","replace_value":4.0,"role":"attack","school":"force","slot_role":"attack","source":"game_new","synergy_hooks":["strike_enemy"],"tags":["force","attack","projectile"],"value":5.0},{"card_blueprint_ids":["gen_force_defense_094_card"],"combat":"force_defense_pattern","combat_effects":[{"flag":"guarded","kind":"add_flag"}],"essence_cost":1.0,"feeding_cost":1.0,"feeding_need":{"venom_sac":1.0},"field_actions":["guard"],"id":"gen_force_defense_094_gu","rank":2.0,"rarity":"rare","replace_value":4.0,"role":"defense","school":"force","slot_role":"defense","source":"game_new","synergy_hooks":["guard_self"],"tags":["force","defense","guard"],"value":5.0},{"card_blueprint_ids":["gen_force_movement_095_card"],"combat":"force_movement_pattern","combat_effects":[{"flag":"retreat_preserved","kind":"add_flag"}],"essence_cost":1.0,"feeding_cost":1.0,"feeding_need":{"moon_dew":1.0},"field_actions":["escape","signal"],"id":"gen_force_movement_095_gu","rank":2.0,"rarity":"rare","replace_value":4.0,"role":"movement","school":"force","slot_role":"movement","source":"game_new","synergy_hooks":["preserve_retreat"],"tags":["force","movement","escape"],"value":5.0},{"card_blueprint_ids":["gen_force_healing_096_card"],"combat":"force_healing_pattern","combat_effects":[{"amount":1.0,"kind":"heal_injury"}],"essence_cost":1.0,"feeding_cost":1.0,"feeding_need":{"beast_blood":1.0},"field_actions":["heal"],"id":"gen_force_healing_096_gu","rank":2.0,"rarity":"rare","replace_value":4.0,"role":"healing","school":"force","slot_role":"healing","source":"game_new","synergy_hooks":["relief_injury"],"tags":["force","healing","drain"],"value":5.0},{"card_blueprint_ids":["gen_force_recon_097_card"],"combat":"force_recon_pattern","combat_effects":[{"flag":"revealed","kind":"add_flag"},{"amount":1.0,"kind":"delay_progress"}],"essence_cost":1.0,"feeding_cost":1.0,"feeding_need":{"beast_bone":1.0},"field_actions":["scout","disguise"],"id":"gen_force_recon_097_gu","rank":2.0,"rarity":"rare","replace_value":4.0,"role":"recon","school":"force","slot_role":"recon","source":"game_new","synergy_hooks":["reveal_hidden"],"tags":["force","scout","reveal"],"value":5.0},{"card_blueprint_ids":["gen_force_logistics_098_card"],"combat":"force_logistics_pattern","combat_effects":[{"amount":1.0,"kind":"delay_progress"}],"essence_cost":2.0,"feeding_cost":1.0,"feeding_need":{"venom_sac":1.0},"field_actions":["feed","store"],"id":"gen_force_logistics_098_gu","rank":3.0,"rarity":"epic","replace_value":7.0,"role":"logistics","school":"force","slot_role":"logistics","source":"game_new","synergy_hooks":["slow_enemy"],"tags":["force","tempo","subtle"],"value":8.0},{"card_blueprint_ids":["gen_force_attack_099_card"],"combat":"force_attack_pattern","combat_effects":[{"amount":3.0,"kind":"strike"}],"essence_cost":2.0,"feeding_cost":1.0,"feeding_need":{"moon_dew":1.0},"field_actions":["attack"],"id":"gen_force_attack_099_gu","rank":3.0,"rarity":"epic","replace_value":7.0,"role":"attack","school":"force","slot_role":"attack","source":"game_new","synergy_hooks":["strike_enemy"],"tags":["force","attack","projectile"],"value":8.0},{"card_blueprint_ids":["gen_force_attack_100_card"],"combat":"force_attack_pattern","combat_effects":[{"amount":3.0,"kind":"strike"}],"essence_cost":2.0,"feeding_cost":1.0,"feeding_need":{"beast_blood":1.0},"field_actions":["attack"],"id":"gen_force_attack_100_gu","rank":3.0,"rarity":"epic","replace_value":7.0,"role":"attack","school":"force","slot_role":"attack","source":"game_new","synergy_hooks":["strike_enemy"],"tags":["force","attack","projectile"],"value":8.0},{"card_blueprint_ids":["gen_soul_defense_101_card"],"combat":"soul_defense_pattern","combat_effects":[{"flag":"guarded","kind":"add_flag"}],"essence_cost":1.0,"feeding_cost":1.0,"feeding_need":{"beast_bone":1.0},"field_actions":["guard"],"id":"gen_soul_defense_101_gu","rank":1.0,"rarity":"common","replace_value":2.0,"role":"defense","school":"soul","slot_role":"defense","source":"game_new","synergy_hooks":["guard_self"],"tags":["soul","defense","guard"],"value":3.0},{"card_blueprint_ids":["gen_soul_movement_102_card"],"combat":"soul_movement_pattern","combat_effects":[{"flag":"retreat_preserved","kind":"add_flag"}],"essence_cost":1.0,"feeding_cost":1.0,"feeding_need":{"venom_sac":1.0},"field_actions":["escape","signal"],"id":"gen_soul_movement_102_gu","rank":1.0,"rarity":"common","replace_value":2.0,"role":"movement","school":"soul","slot_role":"movement","source":"game_new","synergy_hooks":["preserve_retreat"],"tags":["soul","movement","escape"],"value":3.0},{"card_blueprint_ids":["gen_soul_healing_103_card"],"combat":"soul_healing_pattern","combat_effects":[{"amount":1.0,"kind":"heal_injury"}],"essence_cost":1.0,"feeding_cost":1.0,"feeding_need":{"moon_dew":1.0},"field_actions":["heal"],"id":"gen_soul_healing_103_gu","rank":1.0,"rarity":"common","replace_value":2.0,"role":"healing","school":"soul","slot_role":"healing","source":"game_new","synergy_hooks":["relief_injury"],"tags":["soul","healing","drain"],"value":3.0},{"card_blueprint_ids":["gen_soul_recon_104_card"],"combat":"soul_recon_pattern","combat_effects":[{"flag":"revealed","kind":"add_flag"},{"amount":1.0,"kind":"delay_progress"}],"essence_cost":1.0,"feeding_cost":1.0,"feeding_need":{"beast_blood":1.0},"field_actions":["scout","disguise"],"id":"gen_soul_recon_104_gu","rank":1.0,"rarity":"common","replace_value":2.0,"role":"recon","school":"soul","slot_role":"recon","source":"game_new","synergy_hooks":["reveal_hidden"],"tags":["soul","scout","reveal"],"value":3.0},{"card_blueprint_ids":["gen_soul_logistics_105_card"],"combat":"soul_logistics_pattern","combat_effects":[{"amount":1.0,"kind":"delay_progress"}],"essence_cost":1.0,"feeding_cost":1.0,"feeding_need":{"beast_bone":1.0},"field_actions":["feed","store"],"id":"gen_soul_logistics_105_gu","rank":1.0,"rarity":"common","replace_value":2.0,"role":"logistics","school":"soul","slot_role":"logistics","source":"game_new","synergy_hooks":["slow_enemy"],"tags":["soul","tempo","subtle"],"value":3.0},{"card_blueprint_ids":["gen_soul_attack_106_card"],"combat":"soul_attack_pattern","combat_effects":[{"amount":2.0,"kind":"strike"}],"essence_cost":1.0,"feeding_cost":1.0,"feeding_need":{"venom_sac":1.0},"field_actions":["attack"],"id":"gen_soul_attack_106_gu","rank":1.0,"rarity":"common","replace_value":2.0,"role":"attack","school":"soul","slot_role":"attack","source":"game_new","synergy_hooks":["strike_enemy"],"tags":["soul","attack","projectile"],"value":3.0},{"card_blueprint_ids":["gen_soul_attack_107_card"],"combat":"soul_attack_pattern","combat_effects":[{"amount":2.0,"kind":"strike"}],"essence_cost":1.0,"feeding_cost":1.0,"feeding_need":{"moon_dew":1.0},"field_actions":["attack"],"id":"gen_soul_attack_107_gu","rank":1.0,"rarity":"common","replace_value":2.0,"role":"attack","school":"soul","slot_role":"attack","source":"game_new","synergy_hooks":["strike_enemy"],"tags":["soul","attack","projectile"],"value":3.0},{"card_blueprint_ids":["gen_soul_defense_108_card"],"combat":"soul_defense_pattern","combat_effects":[{"flag":"guarded","kind":"add_flag"}],"essence_cost":1.0,"feeding_cost":1.0,"feeding_need":{"beast_blood":1.0},"field_actions":["guard"],"id":"gen_soul_defense_108_gu","rank":1.0,"rarity":"common","replace_value":2.0,"role":"defense","school":"soul","slot_role":"defense","source":"game_new","synergy_hooks":["guard_self"],"tags":["soul","defense","guard"],"value":3.0},{"card_blueprint_ids":["gen_soul_movement_109_card"],"combat":"soul_movement_pattern","combat_effects":[{"flag":"retreat_preserved","kind":"add_flag"}],"essence_cost":1.0,"feeding_cost":1.0,"feeding_need":{"beast_bone":1.0},"field_actions":["escape","signal"],"id":"gen_soul_movement_109_gu","rank":1.0,"rarity":"common","replace_value":2.0,"role":"movement","school":"soul","slot_role":"movement","source":"game_new","synergy_hooks":["preserve_retreat"],"tags":["soul","movement","escape"],"value":3.0},{"card_blueprint_ids":["gen_soul_healing_110_card"],"combat":"soul_healing_pattern","combat_effects":[{"amount":1.0,"kind":"heal_injury"}],"essence_cost":1.0,"feeding_cost":1.0,"feeding_need":{"venom_sac":1.0},"field_actions":["heal"],"id":"gen_soul_healing_110_gu","rank":1.0,"rarity":"common","replace_value":2.0,"role":"healing","school":"soul","slot_role":"healing","source":"game_new","synergy_hooks":["relief_injury"],"tags":["soul","healing","drain"],"value":3.0},{"card_blueprint_ids":["gen_soul_recon_111_card"],"combat":"soul_recon_pattern","combat_effects":[{"flag":"revealed","kind":"add_flag"},{"amount":1.0,"kind":"delay_progress"}],"essence_cost":1.0,"feeding_cost":1.0,"feeding_need":{"moon_dew":1.0},"field_actions":["scout","disguise"],"id":"gen_soul_recon_111_gu","rank":1.0,"rarity":"common","replace_value":2.0,"role":"recon","school":"soul","slot_role":"recon","source":"game_new","synergy_hooks":["reveal_hidden"],"tags":["soul","scout","reveal"],"value":3.0},{"card_blueprint_ids":["gen_soul_logistics_112_card"],"combat":"soul_logistics_pattern","combat_effects":[{"amount":1.0,"kind":"delay_progress"}],"essence_cost":1.0,"feeding_cost":1.0,"feeding_need":{"beast_blood":1.0},"field_actions":["feed","store"],"id":"gen_soul_logistics_112_gu","rank":1.0,"rarity":"common","replace_value":2.0,"role":"logistics","school":"soul","slot_role":"logistics","source":"game_new","synergy_hooks":["slow_enemy"],"tags":["soul","tempo","subtle"],"value":3.0},{"card_blueprint_ids":["gen_soul_attack_113_card"],"combat":"soul_attack_pattern","combat_effects":[{"amount":2.0,"kind":"strike"}],"essence_cost":1.0,"feeding_cost":1.0,"feeding_need":{"beast_bone":1.0},"field_actions":["attack"],"id":"gen_soul_attack_113_gu","rank":1.0,"rarity":"common","replace_value":2.0,"role":"attack","school":"soul","slot_role":"attack","source":"game_new","synergy_hooks":["strike_enemy"],"tags":["soul","attack","projectile"],"value":3.0},{"card_blueprint_ids":["gen_soul_attack_114_card"],"combat":"soul_attack_pattern","combat_effects":[{"amount":2.0,"kind":"strike"}],"essence_cost":1.0,"feeding_cost":1.0,"feeding_need":{"venom_sac":1.0},"field_actions":["attack"],"id":"gen_soul_attack_114_gu","rank":1.0,"rarity":"common","replace_value":2.0,"role":"attack","school":"soul","slot_role":"attack","source":"game_new","synergy_hooks":["strike_enemy"],"tags":["soul","attack","projectile"],"value":3.0},{"card_blueprint_ids":["gen_soul_defense_115_card"],"combat":"soul_defense_pattern","combat_effects":[{"flag":"guarded","kind":"add_flag"}],"essence_cost":1.0,"feeding_cost":1.0,"feeding_need":{"moon_dew":1.0},"field_actions":["guard"],"id":"gen_soul_defense_115_gu","rank":1.0,"rarity":"common","replace_value":2.0,"role":"defense","school":"soul","slot_role":"defense","source":"game_new","synergy_hooks":["guard_self"],"tags":["soul","defense","guard"],"value":3.0},{"card_blueprint_ids":["gen_soul_movement_116_card"],"combat":"soul_movement_pattern","combat_effects":[{"flag":"retreat_preserved","kind":"add_flag"}],"essence_cost":1.0,"feeding_cost":1.0,"feeding_need":{"beast_blood":1.0},"field_actions":["escape","signal"],"id":"gen_soul_movement_116_gu","rank":1.0,"rarity":"common","replace_value":2.0,"role":"movement","school":"soul","slot_role":"movement","source":"game_new","synergy_hooks":["preserve_retreat"],"tags":["soul","movement","escape"],"value":3.0},{"card_blueprint_ids":["gen_soul_healing_117_card"],"combat":"soul_healing_pattern","combat_effects":[{"amount":1.0,"kind":"heal_injury"}],"essence_cost":1.0,"feeding_cost":1.0,"feeding_need":{"beast_bone":1.0},"field_actions":["heal"],"id":"gen_soul_healing_117_gu","rank":1.0,"rarity":"common","replace_value":2.0,"role":"healing","school":"soul","slot_role":"healing","source":"game_new","synergy_hooks":["relief_injury"],"tags":["soul","healing","drain"],"value":3.0},{"card_blueprint_ids":["gen_soul_recon_118_card"],"combat":"soul_recon_pattern","combat_effects":[{"flag":"revealed","kind":"add_flag"},{"amount":1.0,"kind":"delay_progress"}],"essence_cost":1.0,"feeding_cost":1.0,"feeding_need":{"venom_sac":1.0},"field_actions":["scout","disguise"],"id":"gen_soul_recon_118_gu","rank":1.0,"rarity":"common","replace_value":2.0,"role":"recon","school":"soul","slot_role":"recon","source":"game_new","synergy_hooks":["reveal_hidden"],"tags":["soul","scout","reveal"],"value":3.0},{"card_blueprint_ids":["gen_soul_logistics_119_card"],"combat":"soul_logistics_pattern","combat_effects":[{"amount":1.0,"kind":"delay_progress"}],"essence_cost":1.0,"feeding_cost":1.0,"feeding_need":{"moon_dew":1.0},"field_actions":["feed","store"],"id":"gen_soul_logistics_119_gu","rank":1.0,"rarity":"common","replace_value":2.0,"role":"logistics","school":"soul","slot_role":"logistics","source":"game_new","synergy_hooks":["slow_enemy"],"tags":["soul","tempo","subtle"],"value":3.0},{"card_blueprint_ids":["gen_soul_attack_120_card"],"combat":"soul_attack_pattern","combat_effects":[{"amount":2.0,"kind":"strike"}],"essence_cost":1.0,"feeding_cost":1.0,"feeding_need":{"beast_blood":1.0},"field_actions":["attack"],"id":"gen_soul_attack_120_gu","rank":1.0,"rarity":"common","replace_value":2.0,"role":"attack","school":"soul","slot_role":"attack","source":"game_new","synergy_hooks":["strike_enemy"],"tags":["soul","attack","projectile"],"value":3.0},{"card_blueprint_ids":["gen_soul_attack_121_card"],"combat":"soul_attack_pattern","combat_effects":[{"amount":2.0,"kind":"strike"}],"essence_cost":1.0,"feeding_cost":1.0,"feeding_need":{"beast_bone":1.0},"field_actions":["attack"],"id":"gen_soul_attack_121_gu","rank":1.0,"rarity":"common","replace_value":2.0,"role":"attack","school":"soul","slot_role":"attack","source":"game_new","synergy_hooks":["strike_enemy"],"tags":["soul","attack","projectile"],"value":3.0},{"card_blueprint_ids":["gen_soul_defense_122_card"],"combat":"soul_defense_pattern","combat_effects":[{"flag":"guarded","kind":"add_flag"}],"essence_cost":1.0,"feeding_cost":1.0,"feeding_need":{"venom_sac":1.0},"field_actions":["guard"],"id":"gen_soul_defense_122_gu","rank":1.0,"rarity":"common","replace_value":2.0,"role":"defense","school":"soul","slot_role":"defense","source":"game_new","synergy_hooks":["guard_self"],"tags":["soul","defense","guard"],"value":3.0},{"card_blueprint_ids":["gen_soul_movement_123_card"],"combat":"soul_movement_pattern","combat_effects":[{"flag":"retreat_preserved","kind":"add_flag"}],"essence_cost":1.0,"feeding_cost":1.0,"feeding_need":{"moon_dew":1.0},"field_actions":["escape","signal"],"id":"gen_soul_movement_123_gu","rank":1.0,"rarity":"common","replace_value":2.0,"role":"movement","school":"soul","slot_role":"movement","source":"game_new","synergy_hooks":["preserve_retreat"],"tags":["soul","movement","escape"],"value":3.0},{"card_blueprint_ids":["gen_soul_healing_124_card"],"combat":"soul_healing_pattern","combat_effects":[{"amount":1.0,"kind":"heal_injury"}],"essence_cost":1.0,"feeding_cost":1.0,"feeding_need":{"beast_blood":1.0},"field_actions":["heal"],"id":"gen_soul_healing_124_gu","rank":1.0,"rarity":"common","replace_value":2.0,"role":"healing","school":"soul","slot_role":"healing","source":"game_new","synergy_hooks":["relief_injury"],"tags":["soul","healing","drain"],"value":3.0},{"card_blueprint_ids":["gen_soul_recon_125_card"],"combat":"soul_recon_pattern","combat_effects":[{"flag":"revealed","kind":"add_flag"},{"amount":1.0,"kind":"delay_progress"}],"essence_cost":1.0,"feeding_cost":1.0,"feeding_need":{"beast_bone":1.0},"field_actions":["scout","disguise"],"id":"gen_soul_recon_125_gu","rank":2.0,"rarity":"rare","replace_value":4.0,"role":"recon","school":"soul","slot_role":"recon","source":"game_new","synergy_hooks":["reveal_hidden"],"tags":["soul","scout","reveal"],"value":5.0},{"card_blueprint_ids":["gen_soul_logistics_126_card"],"combat":"soul_logistics_pattern","combat_effects":[{"amount":1.0,"kind":"delay_progress"}],"essence_cost":1.0,"feeding_cost":1.0,"feeding_need":{"venom_sac":1.0},"field_actions":["feed","store"],"id":"gen_soul_logistics_126_gu","rank":2.0,"rarity":"rare","replace_value":4.0,"role":"logistics","school":"soul","slot_role":"logistics","source":"game_new","synergy_hooks":["slow_enemy"],"tags":["soul","tempo","subtle"],"value":5.0},{"card_blueprint_ids":["gen_soul_attack_127_card"],"combat":"soul_attack_pattern","combat_effects":[{"amount":2.0,"kind":"strike"}],"essence_cost":1.0,"feeding_cost":1.0,"feeding_need":{"moon_dew":1.0},"field_actions":["attack"],"id":"gen_soul_attack_127_gu","rank":2.0,"rarity":"rare","replace_value":4.0,"role":"attack","school":"soul","slot_role":"attack","source":"game_new","synergy_hooks":["strike_enemy"],"tags":["soul","attack","projectile"],"value":5.0},{"card_blueprint_ids":["gen_soul_attack_128_card"],"combat":"soul_attack_pattern","combat_effects":[{"amount":2.0,"kind":"strike"}],"essence_cost":1.0,"feeding_cost":1.0,"feeding_need":{"beast_blood":1.0},"field_actions":["attack"],"id":"gen_soul_attack_128_gu","rank":2.0,"rarity":"rare","replace_value":4.0,"role":"attack","school":"soul","slot_role":"attack","source":"game_new","synergy_hooks":["strike_enemy"],"tags":["soul","attack","projectile"],"value":5.0},{"card_blueprint_ids":["gen_soul_defense_129_card"],"combat":"soul_defense_pattern","combat_effects":[{"flag":"guarded","kind":"add_flag"}],"essence_cost":1.0,"feeding_cost":1.0,"feeding_need":{"beast_bone":1.0},"field_actions":["guard"],"id":"gen_soul_defense_129_gu","rank":2.0,"rarity":"rare","replace_value":4.0,"role":"defense","school":"soul","slot_role":"defense","source":"game_new","synergy_hooks":["guard_self"],"tags":["soul","defense","guard"],"value":5.0},{"card_blueprint_ids":["gen_soul_movement_130_card"],"combat":"soul_movement_pattern","combat_effects":[{"flag":"retreat_preserved","kind":"add_flag"}],"essence_cost":1.0,"feeding_cost":1.0,"feeding_need":{"venom_sac":1.0},"field_actions":["escape","signal"],"id":"gen_soul_movement_130_gu","rank":2.0,"rarity":"rare","replace_value":4.0,"role":"movement","school":"soul","slot_role":"movement","source":"game_new","synergy_hooks":["preserve_retreat"],"tags":["soul","movement","escape"],"value":5.0},{"card_blueprint_ids":["gen_soul_healing_131_card"],"combat":"soul_healing_pattern","combat_effects":[{"amount":1.0,"kind":"heal_injury"}],"essence_cost":1.0,"feeding_cost":1.0,"feeding_need":{"moon_dew":1.0},"field_actions":["heal"],"id":"gen_soul_healing_131_gu","rank":2.0,"rarity":"rare","replace_value":4.0,"role":"healing","school":"soul","slot_role":"healing","source":"game_new","synergy_hooks":["relief_injury"],"tags":["soul","healing","drain"],"value":5.0},{"card_blueprint_ids":["gen_soul_recon_132_card"],"combat":"soul_recon_pattern","combat_effects":[{"flag":"revealed","kind":"add_flag"},{"amount":1.0,"kind":"delay_progress"}],"essence_cost":1.0,"feeding_cost":1.0,"feeding_need":{"beast_blood":1.0},"field_actions":["scout","disguise"],"id":"gen_soul_recon_132_gu","rank":2.0,"rarity":"rare","replace_value":4.0,"role":"recon","school":"soul","slot_role":"recon","source":"game_new","synergy_hooks":["reveal_hidden"],"tags":["soul","scout","reveal"],"value":5.0},{"card_blueprint_ids":["gen_soul_logistics_133_card"],"combat":"soul_logistics_pattern","combat_effects":[{"amount":1.0,"kind":"delay_progress"}],"essence_cost":1.0,"feeding_cost":1.0,"feeding_need":{"beast_bone":1.0},"field_actions":["feed","store"],"id":"gen_soul_logistics_133_gu","rank":2.0,"rarity":"rare","replace_value":4.0,"role":"logistics","school":"soul","slot_role":"logistics","source":"game_new","synergy_hooks":["slow_enemy"],"tags":["soul","tempo","subtle"],"value":5.0},{"card_blueprint_ids":["gen_soul_attack_134_card"],"combat":"soul_attack_pattern","combat_effects":[{"amount":2.0,"kind":"strike"}],"essence_cost":1.0,"feeding_cost":1.0,"feeding_need":{"venom_sac":1.0},"field_actions":["attack"],"id":"gen_soul_attack_134_gu","rank":2.0,"rarity":"rare","replace_value":4.0,"role":"attack","school":"soul","slot_role":"attack","source":"game_new","synergy_hooks":["strike_enemy"],"tags":["soul","attack","projectile"],"value":5.0},{"card_blueprint_ids":["gen_soul_attack_135_card"],"combat":"soul_attack_pattern","combat_effects":[{"amount":2.0,"kind":"strike"}],"essence_cost":1.0,"feeding_cost":1.0,"feeding_need":{"moon_dew":1.0},"field_actions":["attack"],"id":"gen_soul_attack_135_gu","rank":2.0,"rarity":"rare","replace_value":4.0,"role":"attack","school":"soul","slot_role":"attack","source":"game_new","synergy_hooks":["strike_enemy"],"tags":["soul","attack","projectile"],"value":5.0},{"card_blueprint_ids":["gen_soul_defense_136_card"],"combat":"soul_defense_pattern","combat_effects":[{"flag":"guarded","kind":"add_flag"}],"essence_cost":1.0,"feeding_cost":1.0,"feeding_need":{"beast_blood":1.0},"field_actions":["guard"],"id":"gen_soul_defense_136_gu","rank":2.0,"rarity":"rare","replace_value":4.0,"role":"defense","school":"soul","slot_role":"defense","source":"game_new","synergy_hooks":["guard_self"],"tags":["soul","defense","guard"],"value":5.0},{"card_blueprint_ids":["gen_soul_movement_137_card"],"combat":"soul_movement_pattern","combat_effects":[{"flag":"retreat_preserved","kind":"add_flag"}],"essence_cost":2.0,"feeding_cost":1.0,"feeding_need":{"beast_bone":1.0},"field_actions":["escape","signal"],"id":"gen_soul_movement_137_gu","rank":3.0,"rarity":"epic","replace_value":7.0,"role":"movement","school":"soul","slot_role":"movement","source":"game_new","synergy_hooks":["preserve_retreat"],"tags":["soul","movement","escape"],"value":8.0},{"card_blueprint_ids":["gen_soul_healing_138_card"],"combat":"soul_healing_pattern","combat_effects":[{"amount":1.0,"kind":"heal_injury"}],"essence_cost":2.0,"feeding_cost":1.0,"feeding_need":{"venom_sac":1.0},"field_actions":["heal"],"id":"gen_soul_healing_138_gu","rank":3.0,"rarity":"epic","replace_value":7.0,"role":"healing","school":"soul","slot_role":"healing","source":"game_new","synergy_hooks":["relief_injury"],"tags":["soul","healing","drain"],"value":8.0},{"card_blueprint_ids":["gen_soul_recon_139_card"],"combat":"soul_recon_pattern","combat_effects":[{"flag":"revealed","kind":"add_flag"},{"amount":1.0,"kind":"delay_progress"}],"essence_cost":2.0,"feeding_cost":1.0,"feeding_need":{"moon_dew":1.0},"field_actions":["scout","disguise"],"id":"gen_soul_recon_139_gu","rank":3.0,"rarity":"epic","replace_value":7.0,"role":"recon","school":"soul","slot_role":"recon","source":"game_new","synergy_hooks":["reveal_hidden"],"tags":["soul","scout","reveal"],"value":8.0},{"card_blueprint_ids":["gen_soul_logistics_140_card"],"combat":"soul_logistics_pattern","combat_effects":[{"amount":1.0,"kind":"delay_progress"}],"essence_cost":2.0,"feeding_cost":1.0,"feeding_need":{"beast_blood":1.0},"field_actions":["feed","store"],"id":"gen_soul_logistics_140_gu","rank":3.0,"rarity":"epic","replace_value":7.0,"role":"logistics","school":"soul","slot_role":"logistics","source":"game_new","synergy_hooks":["slow_enemy"],"tags":["soul","tempo","subtle"],"value":8.0},{"card_blueprint_ids":["gen_refine_attack_141_card"],"combat":"refine_attack_pattern","combat_effects":[{"amount":2.0,"kind":"strike"}],"essence_cost":1.0,"feeding_cost":1.0,"feeding_need":{"beast_bone":1.0},"field_actions":["attack"],"id":"gen_refine_attack_141_gu","rank":1.0,"rarity":"common","replace_value":2.0,"role":"attack","school":"refine","slot_role":"attack","source":"game_new","synergy_hooks":["strike_enemy"],"tags":["refine","attack","projectile"],"value":3.0},{"card_blueprint_ids":["gen_refine_attack_142_card"],"combat":"refine_attack_pattern","combat_effects":[{"amount":2.0,"kind":"strike"}],"essence_cost":1.0,"feeding_cost":1.0,"feeding_need":{"venom_sac":1.0},"field_actions":["attack"],"id":"gen_refine_attack_142_gu","rank":1.0,"rarity":"common","replace_value":2.0,"role":"attack","school":"refine","slot_role":"attack","source":"game_new","synergy_hooks":["strike_enemy"],"tags":["refine","attack","projectile"],"value":3.0},{"card_blueprint_ids":["gen_refine_defense_143_card"],"combat":"refine_defense_pattern","combat_effects":[{"flag":"guarded","kind":"add_flag"}],"essence_cost":1.0,"feeding_cost":1.0,"feeding_need":{"moon_dew":1.0},"field_actions":["guard"],"id":"gen_refine_defense_143_gu","rank":1.0,"rarity":"common","replace_value":2.0,"role":"defense","school":"refine","slot_role":"defense","source":"game_new","synergy_hooks":["guard_self"],"tags":["refine","defense","guard"],"value":3.0},{"card_blueprint_ids":["gen_refine_movement_144_card"],"combat":"refine_movement_pattern","combat_effects":[{"flag":"retreat_preserved","kind":"add_flag"}],"essence_cost":1.0,"feeding_cost":1.0,"feeding_need":{"beast_blood":1.0},"field_actions":["escape","signal"],"id":"gen_refine_movement_144_gu","rank":1.0,"rarity":"common","replace_value":2.0,"role":"movement","school":"refine","slot_role":"movement","source":"game_new","synergy_hooks":["preserve_retreat"],"tags":["refine","movement","escape"],"value":3.0},{"card_blueprint_ids":["gen_refine_healing_145_card"],"combat":"refine_healing_pattern","combat_effects":[{"amount":1.0,"kind":"heal_injury"}],"essence_cost":1.0,"feeding_cost":1.0,"feeding_need":{"beast_bone":1.0},"field_actions":["heal"],"id":"gen_refine_healing_145_gu","rank":1.0,"rarity":"common","replace_value":2.0,"role":"healing","school":"refine","slot_role":"healing","source":"game_new","synergy_hooks":["relief_injury"],"tags":["refine","healing","drain"],"value":3.0},{"card_blueprint_ids":["gen_refine_recon_146_card"],"combat":"refine_recon_pattern","combat_effects":[{"flag":"revealed","kind":"add_flag"},{"amount":1.0,"kind":"delay_progress"}],"essence_cost":1.0,"feeding_cost":1.0,"feeding_need":{"venom_sac":1.0},"field_actions":["scout","disguise"],"id":"gen_refine_recon_146_gu","rank":1.0,"rarity":"common","replace_value":2.0,"role":"recon","school":"refine","slot_role":"recon","source":"game_new","synergy_hooks":["reveal_hidden"],"tags":["refine","scout","reveal"],"value":3.0},{"card_blueprint_ids":["gen_refine_logistics_147_card"],"combat":"refine_logistics_pattern","combat_effects":[{"amount":1.0,"kind":"delay_progress"}],"essence_cost":1.0,"feeding_cost":1.0,"feeding_need":{"moon_dew":1.0},"field_actions":["feed","store"],"id":"gen_refine_logistics_147_gu","rank":1.0,"rarity":"common","replace_value":2.0,"role":"logistics","school":"refine","slot_role":"logistics","source":"game_new","synergy_hooks":["slow_enemy"],"tags":["refine","tempo","subtle"],"value":3.0},{"card_blueprint_ids":["gen_refine_attack_148_card"],"combat":"refine_attack_pattern","combat_effects":[{"amount":2.0,"kind":"strike"}],"essence_cost":1.0,"feeding_cost":1.0,"feeding_need":{"beast_blood":1.0},"field_actions":["attack"],"id":"gen_refine_attack_148_gu","rank":1.0,"rarity":"common","replace_value":2.0,"role":"attack","school":"refine","slot_role":"attack","source":"game_new","synergy_hooks":["strike_enemy"],"tags":["refine","attack","projectile"],"value":3.0},{"card_blueprint_ids":["gen_refine_attack_149_card"],"combat":"refine_attack_pattern","combat_effects":[{"amount":2.0,"kind":"strike"}],"essence_cost":1.0,"feeding_cost":1.0,"feeding_need":{"beast_bone":1.0},"field_actions":["attack"],"id":"gen_refine_attack_149_gu","rank":1.0,"rarity":"common","replace_value":2.0,"role":"attack","school":"refine","slot_role":"attack","source":"game_new","synergy_hooks":["strike_enemy"],"tags":["refine","attack","projectile"],"value":3.0},{"card_blueprint_ids":["gen_refine_defense_150_card"],"combat":"refine_defense_pattern","combat_effects":[{"flag":"guarded","kind":"add_flag"}],"essence_cost":1.0,"feeding_cost":1.0,"feeding_need":{"venom_sac":1.0},"field_actions":["guard"],"id":"gen_refine_defense_150_gu","rank":1.0,"rarity":"common","replace_value":2.0,"role":"defense","school":"refine","slot_role":"defense","source":"game_new","synergy_hooks":["guard_self"],"tags":["refine","defense","guard"],"value":3.0},{"card_blueprint_ids":["gen_refine_movement_151_card"],"combat":"refine_movement_pattern","combat_effects":[{"flag":"retreat_preserved","kind":"add_flag"}],"essence_cost":1.0,"feeding_cost":1.0,"feeding_need":{"moon_dew":1.0},"field_actions":["escape","signal"],"id":"gen_refine_movement_151_gu","rank":1.0,"rarity":"common","replace_value":2.0,"role":"movement","school":"refine","slot_role":"movement","source":"game_new","synergy_hooks":["preserve_retreat"],"tags":["refine","movement","escape"],"value":3.0},{"card_blueprint_ids":["gen_refine_healing_152_card"],"combat":"refine_healing_pattern","combat_effects":[{"amount":1.0,"kind":"heal_injury"}],"essence_cost":1.0,"feeding_cost":1.0,"feeding_need":{"beast_blood":1.0},"field_actions":["heal"],"id":"gen_refine_healing_152_gu","rank":1.0,"rarity":"common","replace_value":2.0,"role":"healing","school":"refine","slot_role":"healing","source":"game_new","synergy_hooks":["relief_injury"],"tags":["refine","healing","drain"],"value":3.0},{"card_blueprint_ids":["gen_refine_recon_153_card"],"combat":"refine_recon_pattern","combat_effects":[{"flag":"revealed","kind":"add_flag"},{"amount":1.0,"kind":"delay_progress"}],"essence_cost":1.0,"feeding_cost":1.0,"feeding_need":{"beast_bone":1.0},"field_actions":["scout","disguise"],"id":"gen_refine_recon_153_gu","rank":1.0,"rarity":"common","replace_value":2.0,"role":"recon","school":"refine","slot_role":"recon","source":"game_new","synergy_hooks":["reveal_hidden"],"tags":["refine","scout","reveal"],"value":3.0},{"card_blueprint_ids":["gen_refine_logistics_154_card"],"combat":"refine_logistics_pattern","combat_effects":[{"amount":1.0,"kind":"delay_progress"}],"essence_cost":1.0,"feeding_cost":1.0,"feeding_need":{"venom_sac":1.0},"field_actions":["feed","store"],"id":"gen_refine_logistics_154_gu","rank":1.0,"rarity":"common","replace_value":2.0,"role":"logistics","school":"refine","slot_role":"logistics","source":"game_new","synergy_hooks":["slow_enemy"],"tags":["refine","tempo","subtle"],"value":3.0},{"card_blueprint_ids":["gen_refine_attack_155_card"],"combat":"refine_attack_pattern","combat_effects":[{"amount":2.0,"kind":"strike"}],"essence_cost":1.0,"feeding_cost":1.0,"feeding_need":{"moon_dew":1.0},"field_actions":["attack"],"id":"gen_refine_attack_155_gu","rank":1.0,"rarity":"common","replace_value":2.0,"role":"attack","school":"refine","slot_role":"attack","source":"game_new","synergy_hooks":["strike_enemy"],"tags":["refine","attack","projectile"],"value":3.0},{"card_blueprint_ids":["gen_refine_attack_156_card"],"combat":"refine_attack_pattern","combat_effects":[{"amount":2.0,"kind":"strike"}],"essence_cost":1.0,"feeding_cost":1.0,"feeding_need":{"beast_blood":1.0},"field_actions":["attack"],"id":"gen_refine_attack_156_gu","rank":1.0,"rarity":"common","replace_value":2.0,"role":"attack","school":"refine","slot_role":"attack","source":"game_new","synergy_hooks":["strike_enemy"],"tags":["refine","attack","projectile"],"value":3.0},{"card_blueprint_ids":["gen_refine_defense_157_card"],"combat":"refine_defense_pattern","combat_effects":[{"flag":"guarded","kind":"add_flag"}],"essence_cost":1.0,"feeding_cost":1.0,"feeding_need":{"beast_bone":1.0},"field_actions":["guard"],"id":"gen_refine_defense_157_gu","rank":1.0,"rarity":"common","replace_value":2.0,"role":"defense","school":"refine","slot_role":"defense","source":"game_new","synergy_hooks":["guard_self"],"tags":["refine","defense","guard"],"value":3.0},{"card_blueprint_ids":["gen_refine_movement_158_card"],"combat":"refine_movement_pattern","combat_effects":[{"flag":"retreat_preserved","kind":"add_flag"}],"essence_cost":1.0,"feeding_cost":1.0,"feeding_need":{"venom_sac":1.0},"field_actions":["escape","signal"],"id":"gen_refine_movement_158_gu","rank":1.0,"rarity":"common","replace_value":2.0,"role":"movement","school":"refine","slot_role":"movement","source":"game_new","synergy_hooks":["preserve_retreat"],"tags":["refine","movement","escape"],"value":3.0},{"card_blueprint_ids":["gen_refine_healing_159_card"],"combat":"refine_healing_pattern","combat_effects":[{"amount":1.0,"kind":"heal_injury"}],"essence_cost":1.0,"feeding_cost":1.0,"feeding_need":{"moon_dew":1.0},"field_actions":["heal"],"id":"gen_refine_healing_159_gu","rank":1.0,"rarity":"common","replace_value":2.0,"role":"healing","school":"refine","slot_role":"healing","source":"game_new","synergy_hooks":["relief_injury"],"tags":["refine","healing","drain"],"value":3.0},{"card_blueprint_ids":["gen_refine_recon_160_card"],"combat":"refine_recon_pattern","combat_effects":[{"flag":"revealed","kind":"add_flag"},{"amount":1.0,"kind":"delay_progress"}],"essence_cost":1.0,"feeding_cost":1.0,"feeding_need":{"beast_blood":1.0},"field_actions":["scout","disguise"],"id":"gen_refine_recon_160_gu","rank":1.0,"rarity":"common","replace_value":2.0,"role":"recon","school":"refine","slot_role":"recon","source":"game_new","synergy_hooks":["reveal_hidden"],"tags":["refine","scout","reveal"],"value":3.0},{"card_blueprint_ids":["gen_refine_logistics_161_card"],"combat":"refine_logistics_pattern","combat_effects":[{"amount":1.0,"kind":"delay_progress"}],"essence_cost":1.0,"feeding_cost":1.0,"feeding_need":{"beast_bone":1.0},"field_actions":["feed","store"],"id":"gen_refine_logistics_161_gu","rank":1.0,"rarity":"common","replace_value":2.0,"role":"logistics","school":"refine","slot_role":"logistics","source":"game_new","synergy_hooks":["slow_enemy"],"tags":["refine","tempo","subtle"],"value":3.0},{"card_blueprint_ids":["gen_refine_attack_162_card"],"combat":"refine_attack_pattern","combat_effects":[{"amount":2.0,"kind":"strike"}],"essence_cost":1.0,"feeding_cost":1.0,"feeding_need":{"venom_sac":1.0},"field_actions":["attack"],"id":"gen_refine_attack_162_gu","rank":1.0,"rarity":"common","replace_value":2.0,"role":"attack","school":"refine","slot_role":"attack","source":"game_new","synergy_hooks":["strike_enemy"],"tags":["refine","attack","projectile"],"value":3.0},{"card_blueprint_ids":["gen_refine_attack_163_card"],"combat":"refine_attack_pattern","combat_effects":[{"amount":2.0,"kind":"strike"}],"essence_cost":1.0,"feeding_cost":1.0,"feeding_need":{"moon_dew":1.0},"field_actions":["attack"],"id":"gen_refine_attack_163_gu","rank":1.0,"rarity":"common","replace_value":2.0,"role":"attack","school":"refine","slot_role":"attack","source":"game_new","synergy_hooks":["strike_enemy"],"tags":["refine","attack","projectile"],"value":3.0},{"card_blueprint_ids":["gen_refine_defense_164_card"],"combat":"refine_defense_pattern","combat_effects":[{"flag":"guarded","kind":"add_flag"}],"essence_cost":1.0,"feeding_cost":1.0,"feeding_need":{"beast_blood":1.0},"field_actions":["guard"],"id":"gen_refine_defense_164_gu","rank":1.0,"rarity":"common","replace_value":2.0,"role":"defense","school":"refine","slot_role":"defense","source":"game_new","synergy_hooks":["guard_self"],"tags":["refine","defense","guard"],"value":3.0},{"card_blueprint_ids":["gen_refine_movement_165_card"],"combat":"refine_movement_pattern","combat_effects":[{"flag":"retreat_preserved","kind":"add_flag"}],"essence_cost":1.0,"feeding_cost":1.0,"feeding_need":{"beast_bone":1.0},"field_actions":["escape","signal"],"id":"gen_refine_movement_165_gu","rank":2.0,"rarity":"rare","replace_value":4.0,"role":"movement","school":"refine","slot_role":"movement","source":"game_new","synergy_hooks":["preserve_retreat"],"tags":["refine","movement","escape"],"value":5.0},{"card_blueprint_ids":["gen_refine_healing_166_card"],"combat":"refine_healing_pattern","combat_effects":[{"amount":1.0,"kind":"heal_injury"}],"essence_cost":1.0,"feeding_cost":1.0,"feeding_need":{"venom_sac":1.0},"field_actions":["heal"],"id":"gen_refine_healing_166_gu","rank":2.0,"rarity":"rare","replace_value":4.0,"role":"healing","school":"refine","slot_role":"healing","source":"game_new","synergy_hooks":["relief_injury"],"tags":["refine","healing","drain"],"value":5.0},{"card_blueprint_ids":["gen_refine_recon_167_card"],"combat":"refine_recon_pattern","combat_effects":[{"flag":"revealed","kind":"add_flag"},{"amount":1.0,"kind":"delay_progress"}],"essence_cost":1.0,"feeding_cost":1.0,"feeding_need":{"moon_dew":1.0},"field_actions":["scout","disguise"],"id":"gen_refine_recon_167_gu","rank":2.0,"rarity":"rare","replace_value":4.0,"role":"recon","school":"refine","slot_role":"recon","source":"game_new","synergy_hooks":["reveal_hidden"],"tags":["refine","scout","reveal"],"value":5.0},{"card_blueprint_ids":["gen_refine_logistics_168_card"],"combat":"refine_logistics_pattern","combat_effects":[{"amount":1.0,"kind":"delay_progress"}],"essence_cost":1.0,"feeding_cost":1.0,"feeding_need":{"beast_blood":1.0},"field_actions":["feed","store"],"id":"gen_refine_logistics_168_gu","rank":2.0,"rarity":"rare","replace_value":4.0,"role":"logistics","school":"refine","slot_role":"logistics","source":"game_new","synergy_hooks":["slow_enemy"],"tags":["refine","tempo","subtle"],"value":5.0},{"card_blueprint_ids":["gen_refine_attack_169_card"],"combat":"refine_attack_pattern","combat_effects":[{"amount":2.0,"kind":"strike"}],"essence_cost":1.0,"feeding_cost":1.0,"feeding_need":{"beast_bone":1.0},"field_actions":["attack"],"id":"gen_refine_attack_169_gu","rank":2.0,"rarity":"rare","replace_value":4.0,"role":"attack","school":"refine","slot_role":"attack","source":"game_new","synergy_hooks":["strike_enemy"],"tags":["refine","attack","projectile"],"value":5.0},{"card_blueprint_ids":["gen_refine_attack_170_card"],"combat":"refine_attack_pattern","combat_effects":[{"amount":2.0,"kind":"strike"}],"essence_cost":1.0,"feeding_cost":1.0,"feeding_need":{"venom_sac":1.0},"field_actions":["attack"],"id":"gen_refine_attack_170_gu","rank":2.0,"rarity":"rare","replace_value":4.0,"role":"attack","school":"refine","slot_role":"attack","source":"game_new","synergy_hooks":["strike_enemy"],"tags":["refine","attack","projectile"],"value":5.0},{"card_blueprint_ids":["gen_refine_defense_171_card"],"combat":"refine_defense_pattern","combat_effects":[{"flag":"guarded","kind":"add_flag"}],"essence_cost":1.0,"feeding_cost":1.0,"feeding_need":{"moon_dew":1.0},"field_actions":["guard"],"id":"gen_refine_defense_171_gu","rank":2.0,"rarity":"rare","replace_value":4.0,"role":"defense","school":"refine","slot_role":"defense","source":"game_new","synergy_hooks":["guard_self"],"tags":["refine","defense","guard"],"value":5.0},{"card_blueprint_ids":["gen_refine_movement_172_card"],"combat":"refine_movement_pattern","combat_effects":[{"flag":"retreat_preserved","kind":"add_flag"}],"essence_cost":1.0,"feeding_cost":1.0,"feeding_need":{"beast_blood":1.0},"field_actions":["escape","signal"],"id":"gen_refine_movement_172_gu","rank":2.0,"rarity":"rare","replace_value":4.0,"role":"movement","school":"refine","slot_role":"movement","source":"game_new","synergy_hooks":["preserve_retreat"],"tags":["refine","movement","escape"],"value":5.0},{"card_blueprint_ids":["gen_refine_healing_173_card"],"combat":"refine_healing_pattern","combat_effects":[{"amount":1.0,"kind":"heal_injury"}],"essence_cost":1.0,"feeding_cost":1.0,"feeding_need":{"beast_bone":1.0},"field_actions":["heal"],"id":"gen_refine_healing_173_gu","rank":2.0,"rarity":"rare","replace_value":4.0,"role":"healing","school":"refine","slot_role":"healing","source":"game_new","synergy_hooks":["relief_injury"],"tags":["refine","healing","drain"],"value":5.0},{"card_blueprint_ids":["gen_refine_recon_174_card"],"combat":"refine_recon_pattern","combat_effects":[{"flag":"revealed","kind":"add_flag"},{"amount":1.0,"kind":"delay_progress"}],"essence_cost":1.0,"feeding_cost":1.0,"feeding_need":{"venom_sac":1.0},"field_actions":["scout","disguise"],"id":"gen_refine_recon_174_gu","rank":2.0,"rarity":"rare","replace_value":4.0,"role":"recon","school":"refine","slot_role":"recon","source":"game_new","synergy_hooks":["reveal_hidden"],"tags":["refine","scout","reveal"],"value":5.0},{"card_blueprint_ids":["gen_refine_logistics_175_card"],"combat":"refine_logistics_pattern","combat_effects":[{"amount":1.0,"kind":"delay_progress"}],"essence_cost":1.0,"feeding_cost":1.0,"feeding_need":{"moon_dew":1.0},"field_actions":["feed","store"],"id":"gen_refine_logistics_175_gu","rank":2.0,"rarity":"rare","replace_value":4.0,"role":"logistics","school":"refine","slot_role":"logistics","source":"game_new","synergy_hooks":["slow_enemy"],"tags":["refine","tempo","subtle"],"value":5.0},{"card_blueprint_ids":["gen_refine_attack_176_card"],"combat":"refine_attack_pattern","combat_effects":[{"amount":2.0,"kind":"strike"}],"essence_cost":1.0,"feeding_cost":1.0,"feeding_need":{"beast_blood":1.0},"field_actions":["attack"],"id":"gen_refine_attack_176_gu","rank":2.0,"rarity":"rare","replace_value":4.0,"role":"attack","school":"refine","slot_role":"attack","source":"game_new","synergy_hooks":["strike_enemy"],"tags":["refine","attack","projectile"],"value":5.0},{"card_blueprint_ids":["gen_refine_attack_177_card"],"combat":"refine_attack_pattern","combat_effects":[{"amount":3.0,"kind":"strike"}],"essence_cost":2.0,"feeding_cost":1.0,"feeding_need":{"beast_bone":1.0},"field_actions":["attack"],"id":"gen_refine_attack_177_gu","rank":3.0,"rarity":"epic","replace_value":7.0,"role":"attack","school":"refine","slot_role":"attack","source":"game_new","synergy_hooks":["strike_enemy"],"tags":["refine","attack","projectile"],"value":8.0},{"card_blueprint_ids":["gen_refine_defense_178_card"],"combat":"refine_defense_pattern","combat_effects":[{"flag":"guarded","kind":"add_flag"}],"essence_cost":2.0,"feeding_cost":1.0,"feeding_need":{"venom_sac":1.0},"field_actions":["guard"],"id":"gen_refine_defense_178_gu","rank":3.0,"rarity":"epic","replace_value":7.0,"role":"defense","school":"refine","slot_role":"defense","source":"game_new","synergy_hooks":["guard_self"],"tags":["refine","defense","guard"],"value":8.0},{"card_blueprint_ids":["gen_refine_movement_179_card"],"combat":"refine_movement_pattern","combat_effects":[{"flag":"retreat_preserved","kind":"add_flag"}],"essence_cost":2.0,"feeding_cost":1.0,"feeding_need":{"moon_dew":1.0},"field_actions":["escape","signal"],"id":"gen_refine_movement_179_gu","rank":3.0,"rarity":"epic","replace_value":7.0,"role":"movement","school":"refine","slot_role":"movement","source":"game_new","synergy_hooks":["preserve_retreat"],"tags":["refine","movement","escape"],"value":8.0},{"card_blueprint_ids":["gen_refine_healing_180_card"],"combat":"refine_healing_pattern","combat_effects":[{"amount":1.0,"kind":"heal_injury"}],"essence_cost":2.0,"feeding_cost":1.0,"feeding_need":{"beast_blood":1.0},"field_actions":["heal"],"id":"gen_refine_healing_180_gu","rank":3.0,"rarity":"epic","replace_value":7.0,"role":"healing","school":"refine","slot_role":"healing","source":"game_new","synergy_hooks":["relief_injury"],"tags":["refine","healing","drain"],"value":8.0}]"]:  
[1m7/8 passed.
[0m[4m

res://tests/unit/test_content_catalog.gd
[0m* test_catalog_has_twenty_gu_and_three_inheritances
[32m    [Passed]:  [0m[200] expected to equal [200]:  
[32m    [Passed]:  [0m[3] expected to equal [3]:  
[1m    [INFO]:  [0mArray/Dictionary compared by value.  Use assert_same to compare references.  Use assert_eq_deep to see diff when failing.
[32m    [Passed]:  [0mARRAY([]) == ARRAY([])  
* test_catalog_rejects_missing_inheritance_gu_reference
[32m    [Passed]:  [0m[1] expected to equal [1]:  
[1m2/2 passed.
[0m[4m

res://tests/unit/test_curse_system.gd
[0m* test_curse_table_ships_three_entries_covering_all_effect_kinds
[32m    [Passed]:  [0m[3] expected to equal [3]:  
[32m    [Passed]:  [0m["draw_pollution"] expected to equal ["draw_pollution"]:  
[32m    [Passed]:  [0m["essence_surcharge"] expected to equal ["essence_surcharge"]:  
[32m    [Passed]:  [0m["slot_seal"] expected to equal ["slot_seal"]:  
[32m    [Passed] [0m
* test_curse_validation_rejects_unknown_effect_and_bad_numbers
[32m    [Passed]:  [0m[1] expected to equal [1]:  
[32m    [Passed] [0m
[32m    [Passed]:  [0m[1] expected to equal [1]:  
[32m    [Passed] [0m
[32m    [Passed] [0m
* test_validation_flags_recipe_and_event_references_to_missing_curses
[32m    [Passed]:  [0m[1] expected to equal [1]:  
[32m    [Passed] [0m
[32m    [Passed]:  [0m[1] expected to equal [1]:  
[32m    [Passed] [0m
* test_gain_curse_stores_layers_source_and_snapshot_event
[32m    [Passed]:  [0m[1] expected to equal [1]:  
[32m    [Passed]:  [0m["test:first"] expected to equal ["test:first"]:  
[32m    [Passed]:  [0m[2] expected to equal [2]:  
[32m    [Passed]:  [0m["test:first"] expected to equal ["test:first"]:  
[32m    [Passed]:  [0m["curse_gained"] expected to equal ["curse_gained"]:  
[32m    [Passed]:  [0m[1] expected to equal [1]:  
[32m    [Passed]:  [0m[2] expected to equal [2]:  
[32m    [Passed] [0m
* test_remove_curse_erases_entry_and_writes_snapshot_event
[32m    [Passed] [0m
[32m    [Passed]:  [0m["curse_removed"] expected to equal ["curse_removed"]:  
[32m    [Passed]:  [0m[1] expected to equal [1]:  
[32m    [Passed] [0m
* test_intensity_scales_by_stage_index_and_layers
[32m    [Passed]:  [0m[1] expected to equal [1]:  
[32m    [Passed]:  [0m[4] expected to equal [4]:  
[32m    [Passed]:  [0m[6] expected to equal [6]:  
[32m    [Passed]:  [0m[2] expected to equal [2]:  
* test_statuses_survive_save_round_trip
[32m    [Passed] [0m
[32m    [Passed]:  [0m[1] expected to equal [1]:  
[32m    [Passed]:  [0m["test:pact"] expected to equal ["test:pact"]:  
[32m    [Passed]:  [0m[1] expected to equal [1]:  
[32m    [Passed]:  [0m[1] expected to equal [1]:  
* test_gain_curse_command_validates_known_curse
[32m    [Passed] [0m
[32m    [Passed]:  [0m["unknown_curse"] expected to equal ["unknown_curse"]:  
[32m    [Passed] [0m
[32m    [Passed]:  [0m[1] expected to equal [1]:  
* test_remove_curse_command_charges_price_and_rejects_shortfalls
[32m    [Passed] [0m
[32m    [Passed]:  [0m["curse_not_present"] expected to equal ["curse_not_present"]:  
[32m    [Passed] [0m
[32m    [Passed]:  [0m["insufficient_stone"] expected to equal ["insufficient_stone"]:  
[32m    [Passed] [0m
[32m    [Passed]:  [0m[4] expected to equal [4]:  
[32m    [Passed] [0m
[32m    [Passed]:  [0m["curse_removal_paid"] expected to equal ["curse_removal_paid"]:  
[32m    [Passed]:  [0m["curse_removed"] expected to equal ["curse_removed"]:  
* test_remove_curse_command_applies_notoriety_uplift_to_price
[32m    [Passed] [0m
[32m    [Passed]:  [0m[4] expected to equal [4]:  
[32m    [Passed] [0m
[32m    [Passed]:  [0m["insufficient_stone"] expected to equal ["insufficient_stone"]:  
* test_draw_pollution_banishes_cards_before_draw_and_deals_backlash_damage
[1m    [INFO]:  [0mArray/Dictionary compared by value.  Use assert_same to compare references.  Use assert_eq_deep to see diff when failing.
[32m    [Passed]:  [0mARRAY([{ "id": "gu_erosion", "effect": "draw_pollution", "intensity": 1 }]) == ARRAY([{ "id": "gu_erosion", "effect": "draw_pollution", "intensity": 1 }])  
[32m    [Passed]:  [0m[2] expected to equal [2]:  
[32m    [Passed] [0m
[32m    [Passed]:  [0m[5] expected to equal [5]:  
[32m    [Passed] [0m
[1m    [INFO]:  [0mArray/Dictionary compared by value.  Use assert_same to compare references.  Use assert_eq_deep to see diff when failing.
[32m    [Passed]:  [0mARRAY([{ "instance_id": "gu_003:thorn_strike:0", "definition_id": "thorn_strike", "source_...el": 0 }]) == ARRAY([{ "instance_id": "gu_003:thorn_strike:0", "definition_id": "thorn_strike", "source_...el": 0 }])  
[32m    [Passed]:  [0m[2] expected to equal [2]:  
[32m    [Passed] [0m
[32m    [Passed]:  [0m[5] expected to equal [5]:  
[32m    [Passed] [0m
* test_backlash_curse_damage_kills_through_terminal_flow_as_backlash
[32m    [Passed] [0m
[32m    [Passed]:  [0m["death"] expected to equal ["death"]:  
[32m    [Passed] [0m
[32m    [Passed]:  [0m["dead"] expected to equal ["dead"]:  
[32m    [Passed]:  [0m["backlash_curse"] expected to equal ["backlash_curse"]:  
* test_essence_surcharge_adds_extra_cost_beyond_free_allowance_of_two
[32m    [Passed] [0m
[32m    [Passed]:  [0m[2] expected to equal [2]:  
[32m    [Passed] [0m
[32m    [Passed] [0m
[32m    [Passed]:  [0m[0] expected to equal [0]:  
* test_low_intensity_essence_surcharge_stays_within_free_allowance
[32m    [Passed] [0m
[32m    [Passed]:  [0m[0] expected to equal [0]:  
* test_slot_seal_disables_highest_index_equipped_gu_for_whole_battle
[1m    [INFO]:  [0mArray/Dictionary compared by value.  Use assert_same to compare references.  Use assert_eq_deep to see diff when failing.
[32m    [Passed]:  [0mARRAY(["stone_shell_gu"]) == ARRAY(["stone_shell_gu"])  
[32m    [Passed]:  [0m[1] expected to equal [1]:  
[32m    [Passed] [0m
[32m    [Passed] [0m
[32m    [Passed] [0m
[32m    [Passed] [0m
[32m    [Passed] [0m
[32m    [Passed] [0m
[32m    [Passed] [0m
* test_free_mix_failure_attaches_configured_curse
[32m    [Passed] [0m
[32m    [Passed]:  [0m[1] expected to equal [1]:  
[32m    [Passed]:  [0m["free_mix_failure:destroyed"] expected to equal ["free_mix_failure:destroyed"]:  
* test_event_outcome_option_attaches_curse_on_accept
[32m    [Passed] [0m
[32m    [Passed]:  [0m[1] expected to equal [1]:  
[32m    [Passed]:  [0m["event:gu_rot_pact"] expected to equal ["event:gu_rot_pact"]:  
[32m    [Passed]:  [0m[5] expected to equal [5]:  
[1m17/17 passed.
[0m[4m

res://tests/unit/test_death_report_builder.gd
[0m* test_exhausted_player_death_uses_visible_stone_clue_and_enemy_taunt
[32m    [Passed]:  [0m["stone_palm"] expected to equal ["stone_palm"]:  
[32m    [Passed] [0m
[32m    [Passed]:  [0m["瑙佸厜渚挎墤锛熻繖鐐圭湡鍏冿紝涔熸暍鏇挎垜璇曡泭銆備笅杈堝瓙鍏堢収鐓ц剼涓嬬殑鐭崇矇銆?] expected to equal ["瑙佸厜渚挎墤锛熻繖鐐圭湡鍏冿紝涔熸暍鏇挎垜璇曡泭銆備笅杈堝瓙鍏堢収鐓ц剼涓嬬殑鐭崇矇銆?]:  
[32m    [Passed] [0m
[1m1/1 passed.
[0m[4m

res://tests/unit/test_deck_capacity.gd
[0m* test_card_count_matches_deck_cache_and_default_capacity_is_twelve
[32m    [Passed]:  [0m[3] expected to equal [3]:  
[32m    [Passed]:  [0m[12] expected to equal [12]:  
* test_buying_at_capacity_is_rejected_without_state_change
[32m    [Passed]:  [0m[3] expected to equal [3]:  
[32m    [Passed] [0m
[32m    [Passed]:  [0m["deck_capacity_exceeded"] expected to equal ["deck_capacity_exceeded"]:  
[1m    [INFO]:  [0mArray/Dictionary compared by value.  Use assert_same to compare references.  Use assert_eq_deep to see diff when failing.
[32m    [Passed]:  [0mARRAY(["small_light_gu", "small_light_gu", "small_light_gu"]) == ARRAY(["small_light_gu", "small_light_gu", "small_light_gu"])  
* test_buying_below_capacity_is_accepted
[32m    [Passed] [0m
[32m    [Passed] [0m
* test_consume_type_recipe_stays_allowed_at_capacity_net_delta
[32m    [Passed]:  [0m[3] expected to equal [3]:  
[32m    [Passed] [0m
[32m    [Passed]:  [0m[""] expected to equal [""]:  
* test_destroying_a_gu_frees_capacity_for_buying
[32m    [Passed] [0m
[32m    [Passed] [0m
[32m    [Passed] [0m
* test_preview_blocks_purchase_card_when_deck_is_full
[32m    [Passed] [0m
[32m    [Passed]:  [0mExpected '鐗岀粍宸叉弧锛?/3锛夛紝璇峰厛寮冭泭鎴栧嚭鍞€? to contain '鐗岀粍宸叉弧', match_case=true
[1m6/6 passed.
[0m[4m

res://tests/unit/test_dialogue_gateway.gd
[0m* test_invalid_cloud_payload_uses_template_response
[32m    [Passed]:  [0m["template"] expected to equal ["template"]:  
[32m    [Passed]:  [0m["trade"] expected to equal ["trade"]:  
[32m    [Passed]:  [0m["绠′簨鏀朵笅璐﹀唽璇佹嵁锛屼负浣犳墦寮€涓€鏉℃湁浜虹収鐪嬬殑璺€?] expected to equal ["绠′簨鏀朵笅璐﹀唽璇佹嵁锛屼负浣犳墦寮€涓€鏉℃湁浜虹収鐪嬬殑璺€?]:  
* test_missing_template_uses_chinese_fallback_response
[32m    [Passed]:  [0m["绠′簨杩介棶浣犵┒绔熸兂鎻愬嚭浠€涔堟潯浠躲€?] expected to equal ["绠′簨杩介棶浣犵┒绔熸兂鎻愬嚭浠€涔堟潯浠躲€?]:  
* test_template_gateway_reuses_cached_templates_until_cache_is_cleared
[32m    [Passed]:  [0m[DICTIONARY({ "probe": { "intent": "probe", "confidence": 0.8, "conditions": ["missing_goods"], "text": "绠′簨灏嗕綘鐨勯棶璇濅笌澶辫釜鐨勮处鍐屽弽澶嶆瘮瀵广€?, "needs_clarification": false }, "trade": { "intent": "trade", "confidence": 0.9, "conditions": ["ledger_evidence"], "text": "绠′簨鏀朵笅璐﹀唽璇佹嵁锛屼负浣犳墦寮€涓€鏉℃湁浜虹収鐪嬬殑璺€?, "needs_clarification": false }, "pressure": { "intent": "pressure", "confidence": 0.6, "conditions": ["will_gate"], "text": "绠′簨涓嶈偗鎶涗笅鍙椾激鐨勬姢鍗€?, "needs_clarification": false }, "leave": { "intent": "leave", "confidence": 0.8, "conditions": ["suspicion"], "text": "鍟嗛槦鍚堟嫝杞﹀帰锛岀洰閫佷綘绂诲幓銆?, "needs_clarification": false }, "clarify": { "intent": "clarify", "confidence": 0.0, "conditions": [], "text": "绠′簨杩介棶浣犵┒绔熸兂鎻愬嚭浠€涔堟潯浠躲€?, "needs_clarification": true } })] expected to be same as  [DICTIONARY({ "probe": { "intent": "probe", "confidence": 0.8, "conditions": ["missing_goods"], "text": "绠′簨灏嗕綘鐨勯棶璇濅笌澶辫釜鐨勮处鍐屽弽澶嶆瘮瀵广€?, "needs_clarification": false }, "trade": { "intent": "trade", "confidence": 0.9, "conditions": ["ledger_evidence"], "text": "绠′簨鏀朵笅璐﹀唽璇佹嵁锛屼负浣犳墦寮€涓€鏉℃湁浜虹収鐪嬬殑璺€?, "needs_clarification": false }, "pressure": { "intent": "pressure", "confidence": 0.6, "conditions": ["will_gate"], "text": "绠′簨涓嶈偗鎶涗笅鍙椾激鐨勬姢鍗€?, "needs_clarification": false }, "leave": { "intent": "leave", "confidence": 0.8, "conditions": ["suspicion"], "text": "鍟嗛槦鍚堟嫝杞﹀帰锛岀洰閫佷綘绂诲幓銆?, "needs_clarification": false }, "clarify": { "intent": "clarify", "confidence": 0.0, "conditions": [], "text": "绠′簨杩介棶浣犵┒绔熸兂鎻愬嚭浠€涔堟潯浠躲€?, "needs_clarification": true } })]:  
[32m    [Passed] [0m
[32m    [Passed] [0m
[1m3/3 passed.
[0m[4m

res://tests/unit/test_display_text.gd
[0m* test_display_text_translates_known_ids_without_leaking_internal_ids
[32m    [Passed]:  [0m["灞辨潙鐭伐"] expected to equal ["灞辨潙鐭伐"]:  
[32m    [Passed]:  [0m["甯傞泦"] expected to equal ["甯傞泦"]:  
[32m    [Passed]:  [0m["璐拱鎯呮姤"] expected to equal ["璐拱鎯呮姤"]:  
[32m    [Passed]:  [0m["灏忓厜铔?] expected to equal ["灏忓厜铔?]:  
[32m    [Passed]:  [0m["鏈堜笅瀵昏抗"] expected to equal ["鏈堜笅瀵昏抗"]:  
[32m    [Passed]:  [0m["鍏界兢"] expected to equal ["鍏界兢"]:  
[32m    [Passed]:  [0m["闄╀腑鍔熸垚"] expected to equal ["闄╀腑鍔熸垚"]:  
* test_display_text_uses_chinese_fallbacks_for_unknown_ids
[32m    [Passed]:  [0m["鏈煡鍦扮偣"] expected to equal ["鏈煡鍦扮偣"]:  
[32m    [Passed]:  [0m["鏈煡鎯呮姤"] expected to equal ["鏈煡鎯呮姤"]:  
[32m    [Passed]:  [0m["琛屽姩鏈兘瀹屾垚銆?] expected to equal ["琛屽姩鏈兘瀹屾垚銆?]:  
* test_result_summary_is_chinese_and_never_serializes_dictionary
[32m    [Passed]:  [0m["瀵规柟淇濇寔璋ㄦ厧銆?] expected to equal ["瀵规柟淇濇寔璋ㄦ厧銆?]:  
[32m    [Passed] [0m
[32m    [Passed] [0m
* test_result_summary_shows_chinese_dialogue_text_when_present
[32m    [Passed]:  [0m["绠′簨鏀朵笅璐﹀唽璇佹嵁锛屼负浣犳墦寮€涓€鏉℃湁浜虹収鐪嬬殑璺€?] expected to equal ["绠′簨鏀朵笅璐﹀唽璇佹嵁锛屼负浣犳墦寮€涓€鏉℃湁浜虹収鐪嬬殑璺€?]:  
[32m    [Passed] [0m
* test_result_summary_describes_standard_encounter_action
[32m    [Passed]:  [0m["浣犲仛瀹岀煭宸ワ紝鎹㈠緱浜嗗厓鐭炽€?] expected to equal ["浣犲仛瀹岀煭宸ワ紝鎹㈠緱浜嗗厓鐭炽€?]:  
* test_result_summary_never_shows_non_chinese_dialogue_text
[32m    [Passed]:  [0m["瀵规柟淇濇寔璋ㄦ厧銆?] expected to equal ["瀵规柟淇濇寔璋ㄦ厧銆?]:  
* test_cost_text_translates_gu_ids_for_player_display
[32m    [Passed]:  [0m["杈撳叆铔?灏忓厜铔娿€佸杩圭溂铔?] expected to equal ["杈撳叆铔?灏忓厜铔娿€佸杩圭溂铔?]:  
[32m    [Passed] [0m
* test_risk_badge_derives_from_known_risk_count
[32m    [Passed]:  [0m["浣?] expected to equal ["浣?]:  
[32m    [Passed]:  [0m["涓?] expected to equal ["涓?]:  
[32m    [Passed]:  [0m["涓?] expected to equal ["涓?]:  
[32m    [Passed]:  [0m["楂?] expected to equal ["楂?]:  
* test_battle_card_row_hides_success_rate_when_absent
[32m    [Passed] [0m
[32m    [Passed] [0m
[32m    [Passed] [0m
* test_actual_change_text_uses_same_bbcode_color_as_result_history
[32m    [Passed]:  [0m["[color=#b8d5cc]缁撶畻锛氬厓鐭冲鍔?2銆俒/color]"] expected to equal ["[color=#b8d5cc]缁撶畻锛氬厓鐭冲鍔?2銆俒/color]"]:  
[1m10/10 passed.
[0m[4m

res://tests/unit/test_elite_boss_battle.gd
[0m* test_elite_enemy_battle_starts_with_data_stats
[32m    [Passed]:  [0m["ridge_elite_scout"] expected to equal ["ridge_elite_scout"]:  
[32m    [Passed]:  [0m[6] expected to equal [6]:  
* test_boss_enemy_pre_turn_deals_intent_damage
[32m    [Passed]:  [0m[9] expected to equal [9]:  
[32m    [Passed] [0m
[32m    [Passed]:  [0m[2] expected to equal [2]:  
[32m    [Passed]:  [0m[4] expected to equal [4]:  
* test_new_enemy_labels_exist_in_display_text
[32m    [Passed]:  [0m["灞辫剨鎮嶅"] expected to equal ["灞辫剨鎮嶅"]:  
[32m    [Passed]:  [0m["鐦磋剦铔婁富"] expected to equal ["鐦磋剦铔婁富"]:  
[1m3/3 passed.
[0m[4m

res://tests/unit/test_encounter_session_resolver.gd
[0m* test_start_records_an_active_session_in_the_event_log
[32m    [Passed] [0m
[32m    [Passed]:  [0m["ridge_caravan"] expected to equal ["ridge_caravan"]:  
[32m    [Passed]:  [0m["encounter_session"] expected to equal ["encounter_session"]:  
[32m    [Passed]:  [0m[1] expected to equal [1]:  
[32m    [Passed]:  [0m["node_entered"] expected to equal ["node_entered"]:  
* test_deceive_stays_in_contact_and_records_visible_result
[32m    [Passed] [0m
[32m    [Passed]:  [0m[14] expected to equal [14]:  
[32m    [Passed]:  [0m["contact_deceive_success"] expected to equal ["contact_deceive_success"]:  
[32m    [Passed]:  [0m["neutral_wanderer"] expected to equal ["neutral_wanderer"]:  
* test_explicit_leave_is_the_only_normal_completion
[32m    [Passed] [0m
[32m    [Passed]:  [0m["player_left"] expected to equal ["player_left"]:  
[32m    [Passed]:  [0m["abandoned"] expected to equal ["abandoned"]:  
* test_action_card_rejects_stale_preview_before_executing_current_command
[32m    [Passed] [0m
[32m    [Passed]:  [0m["action_preview_stale"] expected to equal ["action_preview_stale"]:  
[32m    [Passed]:  [0m[12] expected to equal [12]:  
[1m    [INFO]:  [0mArray/Dictionary compared by value.  Use assert_same to compare references.  Use assert_eq_deep to see diff when failing.
[32m    [Passed]:  [0mARRAY([]) == ARRAY([])  
[32m    [Passed] [0m
* test_action_card_executes_current_domain_command_and_returns_changes_and_next_cards
[32m    [Passed] [0m
[32m    [Passed]:  [0m[7] expected to equal [7]:  
[32m    [Passed] [0m
[32m    [Passed] [0m
* test_action_card_changes_use_chinese_gu_names_at_the_player_boundary
[32m    [Passed] [0m
[32m    [Passed] [0m
[32m    [Passed] [0m
[32m    [Passed] [0m
[1m6/6 passed.
[0m[4m

res://tests/unit/test_enemy_catalog.gd
[0m* test_catalog_loads_the_two_readable_common_enemies
[32m    [Passed] [0m
[32m    [Passed] [0m
[32m    [Passed]:  [0m["common"] expected to equal ["common"]:  
* test_validation_rejects_a_reaction_without_a_counter_status
[1m    [INFO]:  [0mArray/Dictionary compared by value.  Use assert_same to compare references.  Use assert_eq_deep to see diff when failing.
[32m    [Passed]:  [0mARRAY(["enemy broken_enemy reaction 0 missing counter_status"]) == ARRAY(["enemy broken_enemy reaction 0 missing counter_status"])  
* test_catalog_loads_elite_and_boss_enemies
[32m    [Passed] [0m
[32m    [Passed] [0m
[32m    [Passed]:  [0m["elite"] expected to equal ["elite"]:  
[32m    [Passed]:  [0m["boss"] expected to equal ["boss"]:  
* test_validation_rejects_unknown_tier
[1m    [INFO]:  [0mArray/Dictionary compared by value.  Use assert_same to compare references.  Use assert_eq_deep to see diff when failing.
[32m    [Passed]:  [0mARRAY(["enemy mythical_enemy has invalid tier mythic"]) == ARRAY(["enemy mythical_enemy has invalid tier mythic"])  
* test_real_catalog_passes_tier_validation
[1m    [INFO]:  [0mArray/Dictionary compared by value.  Use assert_same to compare references.  Use assert_eq_deep to see diff when failing.
[32m    [Passed]:  [0mARRAY([]) == ARRAY([])  
[1m5/5 passed.
[0m[4m

res://tests/unit/test_essence_capacity.gd
[0m* test_essence_max_follows_rank_tier_and_aptitude_percent
[32m    [Passed]:  [0m[4] expected to equal [4]:  
[32m    [Passed]:  [0m[6] expected to equal [6]:  
[32m    [Passed]:  [0m[10] expected to equal [10]:  
[32m    [Passed]:  [0m[16] expected to equal [16]:  
[32m    [Passed]:  [0m[7] expected to equal [7]:  
* test_new_run_keeps_default_essence_max_four
[32m    [Passed]:  [0m[4] expected to equal [4]:  
* test_rank_two_breakthrough_refreshes_essence_max
[32m    [Passed] [0m
[32m    [Passed]:  [0m[1] expected to equal [1]:  
[32m    [Passed]:  [0m[6] expected to equal [6]:  
[32m    [Passed]:  [0m[4] expected to equal [4]:  
* test_missing_aptitude_table_falls_back_to_four
[32m    [Passed]:  [0m[4] expected to equal [4]:  
* test_validation_rejects_negative_percent_and_base
[32m    [Passed] [0m
[32m    [Passed] [0m
[1m5/5 passed.
[0m[4m

res://tests/unit/test_free_mix_ominous.gd
[0m* test_poison_combo_shows_rule_hint_when_unknown
[32m    [Passed]:  [0mExpected '鐐変腑闅愮害鑵ユ皵锛屾亹鍌敓姣掔墿銆? to contain '鑵ユ皵', match_case=true
* test_moon_combo_shows_moon_hint
[32m    [Passed]:  [0mExpected '鐐夌伀闂存湀鎭诞娌夛紝鎭愮偧鍑烘殫澶滀箣鐗┿€? to contain '鏈堟伅', match_case=true
* test_plain_combo_keeps_default_vague_text
[32m    [Passed]:  [0mExpected '涔辩偧鐨勭粨鏋滄湭鏄庯細鍙兘铔婅櫕灏芥瘉銆佸偓鐢熺暩鍙橈紝涔熷彲鑳界偢鐐変激韬€? to contain '缁撴灉鏈槑', match_case=true
* test_known_outcomes_override_rule_hints
[32m    [Passed]:  [0mExpected '["宸茬煡锛氳繖绫荤粍鍚堝彲鑳藉偓鐢熷惈姣掔暩鍙樸€?]' to contain '鐣稿彉', match_case=true
[32m    [Passed]:  [0m[""] expected to equal [""]:  
* test_validation_rejects_unknown_risk_hint_tag
[32m    [Passed] [0m
[1m5/5 passed.
[0m[4m

res://tests/unit/test_global_codex.gd
[0m* test_locked_recipe_refines_when_codex_has_recipe_id
[32m    [Passed] [0m
[32m    [Passed]:  [0m[""] expected to equal [""]:  
* test_locked_recipe_stays_rejected_without_codex
[32m    [Passed] [0m
[32m    [Passed]:  [0m["refinement_recipe_locked"] expected to equal ["refinement_recipe_locked"]:  
* test_locked_recipe_refines_when_codex_has_output_gu
[32m    [Passed] [0m
* test_new_run_snapshots_meta_codex
[32m    [Passed] [0m
[32m    [Passed] [0m
[32m    [Passed] [0m
* test_global_codex_survives_save_data_and_state_copy
[1m    [INFO]:  [0mArray/Dictionary compared by value.  Use assert_same to compare references.  Use assert_eq_deep to see diff when failing.
[32m    [Passed]:  [0mARRAY(["phantom_moon_locked"]) == ARRAY(["phantom_moon_locked"])  
[1m    [INFO]:  [0mArray/Dictionary compared by value.  Use assert_same to compare references.  Use assert_eq_deep to see diff when failing.
[32m    [Passed]:  [0mARRAY(["phantom_moon_locked"]) == ARRAY(["phantom_moon_locked"])  
* test_refine_success_records_recipe_into_meta_codex_at_run_end
[32m    [Passed] [0m
[32m    [Passed] [0m
[32m    [Passed] [0m
[32m    [Passed] [0m
* test_locked_recipe_becomes_visible_in_preview_after_codex_unlock
[32m    [Passed] [0m
[32m    [Passed] [0m
[1m7/7 passed.
[0m[4m

res://tests/unit/test_gu_roles_and_starter_attack.gd
[0m* test_small_light_starter_deals_attack_damage
[32m    [Passed] [0m
[32m    [Passed]:  [0m[2] expected to equal [2]:  
* test_small_light_attack_keeps_reveal_aspect
[32m    [Passed] [0m
[32m    [Passed]:  [0m[1] expected to equal [1]:  
* test_small_light_preview_summary_mentions_damage
[32m    [Passed]:  [0mExpected '灏忓厜寮圭収涓晫鎵嬶紝浼ゆ晫骞剁収鍑哄紓鐘躲€? to contain '浼ゆ晫', match_case=true
* test_every_gu_carries_one_of_six_roles
[32m    [Passed]:  [0mgu small_light_gu must carry a valid role, got attack
[32m    [Passed]:  [0mgu trail_eye_gu must carry a valid role, got recon
[32m    [Passed]:  [0mgu blood_moss_gu must carry a valid role, got healing
[32m    [Passed]:  [0mgu thorn_whip_gu must carry a valid role, got attack
[32m    [Passed]:  [0mgu mist_step_gu must carry a valid role, got movement
[32m    [Passed]:  [0mgu venom_thread_gu must carry a valid role, got attack
[32m    [Passed]:  [0mgu stone_shell_gu must carry a valid role, got defense
[32m    [Passed]:  [0mgu shadow_veil_gu must carry a valid role, got movement
[32m    [Passed]:  [0mgu pulse_drum_gu must carry a valid role, got logistics
[32m    [Passed]:  [0mgu moonlight_gu must carry a valid role, got attack
[32m    [Passed]:  [0mgu moon_glow_gu must carry a valid role, got attack
[32m    [Passed]:  [0mgu phantom_moon_gu must carry a valid role, got recon
[32m    [Passed]:  [0mgu moon_shadow_gu must carry a valid role, got movement
[32m    [Passed]:  [0mgu blood_droplet_gu must carry a valid role, got attack
[32m    [Passed]:  [0mgu blood_bat_gu must carry a valid role, got attack
[32m    [Passed]:  [0mgu blood_wing_gu must carry a valid role, got movement
[32m    [Passed]:  [0mgu blood_farewell_gu must carry a valid role, got attack
[32m    [Passed]:  [0mgu force_gu must carry a valid role, got attack
[32m    [Passed]:  [0mgu bear_strength_gu must carry a valid role, got healing
[32m    [Passed]:  [0mgu qi_wall_gu must carry a valid role, got defense
[32m    [Passed]:  [0mgu gen_blood_attack_001_gu must carry a valid role, got attack
[32m    [Passed]:  [0mgu gen_blood_attack_002_gu must carry a valid role, got attack
[32m    [Passed]:  [0mgu gen_blood_defense_003_gu must carry a valid role, got defense
[32m    [Passed]:  [0mgu gen_blood_movement_004_gu must carry a valid role, got movement
[32m    [Passed]:  [0mgu gen_blood_healing_005_gu must carry a valid role, got healing
[32m    [Passed]:  [0mgu gen_blood_recon_006_gu must carry a valid role, got recon
[32m    [Passed]:  [0mgu gen_blood_logistics_007_gu must carry a valid role, got logistics
[32m    [Passed]:  [0mgu gen_blood_attack_008_gu must carry a valid role, got attack
[32m    [Passed]:  [0mgu gen_blood_attack_009_gu must carry a valid role, got attack
[32m    [Passed]:  [0mgu gen_blood_defense_010_gu must carry a valid role, got defense
[32m    [Passed]:  [0mgu gen_blood_movement_011_gu must carry a valid role, got movement
[32m    [Passed]:  [0mgu gen_blood_healing_012_gu must carry a valid role, got healing
[32m    [Passed]:  [0mgu gen_blood_recon_013_gu must carry a valid role, got recon
[32m    [Passed]:  [0mgu gen_blood_logistics_014_gu must carry a valid role, got logistics
[32m    [Passed]:  [0mgu gen_blood_attack_015_gu must carry a valid role, got attack
[32m    [Passed]:  [0mgu gen_blood_attack_016_gu must carry a valid role, got attack
[32m    [Passed]:  [0mgu gen_blood_defense_017_gu must carry a valid role, got defense
[32m    [Passed]:  [0mgu gen_blood_movement_018_gu must carry a valid role, got movement
[32m    [Passed]:  [0mgu gen_blood_healing_019_gu must carry a valid role, got healing
[32m    [Passed]:  [0mgu gen_blood_recon_020_gu must carry a valid role, got recon
[32m    [Passed]:  [0mgu gen_blood_logistics_021_gu must carry a valid role, got logistics
[32m    [Passed]:  [0mgu gen_blood_attack_022_gu must carry a valid role, got attack
[32m    [Passed]:  [0mgu gen_blood_attack_023_gu must carry a valid role, got attack
[32m    [Passed]:  [0mgu gen_blood_defense_024_gu must carry a valid role, got defense
[32m    [Passed]:  [0mgu gen_blood_movement_025_gu must carry a valid role, got movement
[32m    [Passed]:  [0mgu gen_blood_healing_026_gu must carry a valid role, got healing
[32m    [Passed]:  [0mgu gen_blood_recon_027_gu must carry a valid role, got recon
[32m    [Passed]:  [0mgu gen_blood_logistics_028_gu must carry a valid role, got logistics
[32m    [Passed]:  [0mgu gen_blood_attack_029_gu must carry a valid role, got attack
[32m    [Passed]:  [0mgu gen_blood_attack_030_gu must carry a valid role, got attack
[32m    [Passed]:  [0mgu gen_blood_defense_031_gu must carry a valid role, got defense
[32m    [Passed]:  [0mgu gen_blood_movement_032_gu must carry a valid role, got movement
[32m    [Passed]:  [0mgu gen_blood_healing_033_gu must carry a valid role, got healing
[32m    [Passed]:  [0mgu gen_blood_recon_034_gu must carry a valid role, got recon
[32m    [Passed]:  [0mgu gen_qi_logistics_035_gu must carry a valid role, got logistics
[32m    [Passed]:  [0mgu gen_qi_attack_036_gu must carry a valid role, got attack
[32m    [Passed]:  [0mgu gen_qi_attack_037_gu must carry a valid role, got attack
[32m    [Passed]:  [0mgu gen_qi_defense_038_gu must carry a valid role, got defense
[32m    [Passed]:  [0mgu gen_qi_movement_039_gu must carry a valid role, got movement
[32m    [Passed]:  [0mgu gen_qi_healing_040_gu must carry a valid role, got healing
[32m    [Passed]:  [0mgu gen_qi_recon_041_gu must carry a valid role, got recon
[32m    [Passed]:  [0mgu gen_qi_logistics_042_gu must carry a valid role, got logistics
[32m    [Passed]:  [0mgu gen_qi_attack_043_gu must carry a valid role, got attack
[32m    [Passed]:  [0mgu gen_qi_attack_044_gu must carry a valid role, got attack
[32m    [Passed]:  [0mgu gen_qi_defense_045_gu must carry a valid role, got defense
[32m    [Passed]:  [0mgu gen_qi_movement_046_gu must carry a valid role, got movement
[32m    [Passed]:  [0mgu gen_qi_healing_047_gu must carry a valid role, got healing
[32m    [Passed]:  [0mgu gen_qi_recon_048_gu must carry a valid role, got recon
[32m    [Passed]:  [0mgu gen_qi_logistics_049_gu must carry a valid role, got logistics
[32m    [Passed]:  [0mgu gen_qi_attack_050_gu must carry a valid role, got attack
[32m    [Passed]:  [0mgu gen_qi_attack_051_gu must carry a valid role, got attack
[32m    [Passed]:  [0mgu gen_qi_defense_052_gu must carry a valid role, got defense
[32m    [Passed]:  [0mgu gen_qi_movement_053_gu must carry a valid role, got movement
[32m    [Passed]:  [0mgu gen_qi_healing_054_gu must carry a valid role, got healing
[32m    [Passed]:  [0mgu gen_qi_recon_055_gu must carry a valid role, got recon
[32m    [Passed]:  [0mgu gen_qi_logistics_056_gu must carry a valid role, got logistics
[32m    [Passed]:  [0mgu gen_qi_attack_057_gu must carry a valid role, got attack
[32m    [Passed]:  [0mgu gen_qi_attack_058_gu must carry a valid role, got attack
[32m    [Passed]:  [0mgu gen_qi_defense_059_gu must carry a valid role, got defense
[32m    [Passed]:  [0mgu gen_qi_movement_060_gu must carry a valid role, got movement
[32m    [Passed]:  [0mgu gen_qi_healing_061_gu must carry a valid role, got healing
[32m    [Passed]:  [0mgu gen_qi_recon_062_gu must carry a valid role, got recon
[32m    [Passed]:  [0mgu gen_qi_logistics_063_gu must carry a valid role, got logistics
[32m    [Passed]:  [0mgu gen_qi_attack_064_gu must carry a valid role, got attack
[32m    [Passed]:  [0mgu gen_qi_attack_065_gu must carry a valid role, got attack
[32m    [Passed]:  [0mgu gen_qi_defense_066_gu must carry a valid role, got defense
[32m    [Passed]:  [0mgu gen_qi_movement_067_gu must carry a valid role, got movement
[32m    [Passed]:  [0mgu gen_force_healing_068_gu must carry a valid role, got healing
[32m    [Passed]:  [0mgu gen_force_recon_069_gu must carry a valid role, got recon
[32m    [Passed]:  [0mgu gen_force_logistics_070_gu must carry a valid role, got logistics
[32m    [Passed]:  [0mgu gen_force_attack_071_gu must carry a valid role, got attack
[32m    [Passed]:  [0mgu gen_force_attack_072_gu must carry a valid role, got attack
[32m    [Passed]:  [0mgu gen_force_defense_073_gu must carry a valid role, got defense
[32m    [Passed]:  [0mgu gen_force_movement_074_gu must carry a valid role, got movement
[32m    [Passed]:  [0mgu gen_force_healing_075_gu must carry a valid role, got healing
[32m    [Passed]:  [0mgu gen_force_recon_076_gu must carry a valid role, got recon
[32m    [Passed]:  [0mgu gen_force_logistics_077_gu must carry a valid role, got logistics
[32m    [Passed]:  [0mgu gen_force_attack_078_gu must carry a valid role, got attack
[32m    [Passed]:  [0mgu gen_force_attack_079_gu must carry a valid role, got attack
[32m    [Passed]:  [0mgu gen_force_defense_080_gu must carry a valid role, got defense
[32m    [Passed]:  [0mgu gen_force_movement_081_gu must carry a valid role, got movement
[32m    [Passed]:  [0mgu gen_force_healing_082_gu must carry a valid role, got healing
[32m    [Passed]:  [0mgu gen_force_recon_083_gu must carry a valid role, got recon
[32m    [Passed]:  [0mgu gen_force_logistics_084_gu must carry a valid role, got logistics
[32m    [Passed]:  [0mgu gen_force_attack_085_gu must carry a valid role, got attack
[32m    [Passed]:  [0mgu gen_force_attack_086_gu must carry a valid role, got attack
[32m    [Passed]:  [0mgu gen_force_defense_087_gu must carry a valid role, got defense
[32m    [Passed]:  [0mgu gen_force_movement_088_gu must carry a valid role, got movement
[32m    [Passed]:  [0mgu gen_force_healing_089_gu must carry a valid role, got healing
[32m    [Passed]:  [0mgu gen_force_recon_090_gu must carry a valid role, got recon
[32m    [Passed]:  [0mgu gen_force_logistics_091_gu must carry a valid role, got logistics
[32m    [Passed]:  [0mgu gen_force_attack_092_gu must carry a valid role, got attack
[32m    [Passed]:  [0mgu gen_force_attack_093_gu must carry a valid role, got attack
[32m    [Passed]:  [0mgu gen_force_defense_094_gu must carry a valid role, got defense
[32m    [Passed]:  [0mgu gen_force_movement_095_gu must carry a valid role, got movement
[32m    [Passed]:  [0mgu gen_force_healing_096_gu must carry a valid role, got healing
[32m    [Passed]:  [0mgu gen_force_recon_097_gu must carry a valid role, got recon
[32m    [Passed]:  [0mgu gen_force_logistics_098_gu must carry a valid role, got logistics
[32m    [Passed]:  [0mgu gen_force_attack_099_gu must carry a valid role, got attack
[32m    [Passed]:  [0mgu gen_force_attack_100_gu must carry a valid role, got attack
[32m    [Passed]:  [0mgu gen_soul_defense_101_gu must carry a valid role, got defense
[32m    [Passed]:  [0mgu gen_soul_movement_102_gu must carry a valid role, got movement
[32m    [Passed]:  [0mgu gen_soul_healing_103_gu must carry a valid role, got healing
[32m    [Passed]:  [0mgu gen_soul_recon_104_gu must carry a valid role, got recon
[32m    [Passed]:  [0mgu gen_soul_logistics_105_gu must carry a valid role, got logistics
[32m    [Passed]:  [0mgu gen_soul_attack_106_gu must carry a valid role, got attack
[32m    [Passed]:  [0mgu gen_soul_attack_107_gu must carry a valid role, got attack
[32m    [Passed]:  [0mgu gen_soul_defense_108_gu must carry a valid role, got defense
[32m    [Passed]:  [0mgu gen_soul_movement_109_gu must carry a valid role, got movement
[32m    [Passed]:  [0mgu gen_soul_healing_110_gu must carry a valid role, got healing
[32m    [Passed]:  [0mgu gen_soul_recon_111_gu must carry a valid role, got recon
[32m    [Passed]:  [0mgu gen_soul_logistics_112_gu must carry a valid role, got logistics
[32m    [Passed]:  [0mgu gen_soul_attack_113_gu must carry a valid role, got attack
[32m    [Passed]:  [0mgu gen_soul_attack_114_gu must carry a valid role, got attack
[32m    [Passed]:  [0mgu gen_soul_defense_115_gu must carry a valid role, got defense
[32m    [Passed]:  [0mgu gen_soul_movement_116_gu must carry a valid role, got movement
[32m    [Passed]:  [0mgu gen_soul_healing_117_gu must carry a valid role, got healing
[32m    [Passed]:  [0mgu gen_soul_recon_118_gu must carry a valid role, got recon
[32m    [Passed]:  [0mgu gen_soul_logistics_119_gu must carry a valid role, got logistics
[32m    [Passed]:  [0mgu gen_soul_attack_120_gu must carry a valid role, got attack
[32m    [Passed]:  [0mgu gen_soul_attack_121_gu must carry a valid role, got attack
[32m    [Passed]:  [0mgu gen_soul_defense_122_gu must carry a valid role, got defense
[32m    [Passed]:  [0mgu gen_soul_movement_123_gu must carry a valid role, got movement
[32m    [Passed]:  [0mgu gen_soul_healing_124_gu must carry a valid role, got healing
[32m    [Passed]:  [0mgu gen_soul_recon_125_gu must carry a valid role, got recon
[32m    [Passed]:  [0mgu gen_soul_logistics_126_gu must carry a valid role, got logistics
[32m    [Passed]:  [0mgu gen_soul_attack_127_gu must carry a valid role, got attack
[32m    [Passed]:  [0mgu gen_soul_attack_128_gu must carry a valid role, got attack
[32m    [Passed]:  [0mgu gen_soul_defense_129_gu must carry a valid role, got defense
[32m    [Passed]:  [0mgu gen_soul_movement_130_gu must carry a valid role, got movement
[32m    [Passed]:  [0mgu gen_soul_healing_131_gu must carry a valid role, got healing
[32m    [Passed]:  [0mgu gen_soul_recon_132_gu must carry a valid role, got recon
[32m    [Passed]:  [0mgu gen_soul_logistics_133_gu must carry a valid role, got logistics
[32m    [Passed]:  [0mgu gen_soul_attack_134_gu must carry a valid role, got attack
[32m    [Passed]:  [0mgu gen_soul_attack_135_gu must carry a valid role, got attack
[32m    [Passed]:  [0mgu gen_soul_defense_136_gu must carry a valid role, got defense
[32m    [Passed]:  [0mgu gen_soul_movement_137_gu must carry a valid role, got movement
[32m    [Passed]:  [0mgu gen_soul_healing_138_gu must carry a valid role, got healing
[32m    [Passed]:  [0mgu gen_soul_recon_139_gu must carry a valid role, got recon
[32m    [Passed]:  [0mgu gen_soul_logistics_140_gu must carry a valid role, got logistics
[32m    [Passed]:  [0mgu gen_refine_attack_141_gu must carry a valid role, got attack
[32m    [Passed]:  [0mgu gen_refine_attack_142_gu must carry a valid role, got attack
[32m    [Passed]:  [0mgu gen_refine_defense_143_gu must carry a valid role, got defense
[32m    [Passed]:  [0mgu gen_refine_movement_144_gu must carry a valid role, got movement
[32m    [Passed]:  [0mgu gen_refine_healing_145_gu must carry a valid role, got healing
[32m    [Passed]:  [0mgu gen_refine_recon_146_gu must carry a valid role, got recon
[32m    [Passed]:  [0mgu gen_refine_logistics_147_gu must carry a valid role, got logistics
[32m    [Passed]:  [0mgu gen_refine_attack_148_gu must carry a valid role, got attack
[32m    [Passed]:  [0mgu gen_refine_attack_149_gu must carry a valid role, got attack
[32m    [Passed]:  [0mgu gen_refine_defense_150_gu must carry a valid role, got defense
[32m    [Passed]:  [0mgu gen_refine_movement_151_gu must carry a valid role, got movement
[32m    [Passed]:  [0mgu gen_refine_healing_152_gu must carry a valid role, got healing
[32m    [Passed]:  [0mgu gen_refine_recon_153_gu must carry a valid role, got recon
[32m    [Passed]:  [0mgu gen_refine_logistics_154_gu must carry a valid role, got logistics
[32m    [Passed]:  [0mgu gen_refine_attack_155_gu must carry a valid role, got attack
[32m    [Passed]:  [0mgu gen_refine_attack_156_gu must carry a valid role, got attack
[32m    [Passed]:  [0mgu gen_refine_defense_157_gu must carry a valid role, got defense
[32m    [Passed]:  [0mgu gen_refine_movement_158_gu must carry a valid role, got movement
[32m    [Passed]:  [0mgu gen_refine_healing_159_gu must carry a valid role, got healing
[32m    [Passed]:  [0mgu gen_refine_recon_160_gu must carry a valid role, got recon
[32m    [Passed]:  [0mgu gen_refine_logistics_161_gu must carry a valid role, got logistics
[32m    [Passed]:  [0mgu gen_refine_attack_162_gu must carry a valid role, got attack
[32m    [Passed]:  [0mgu gen_refine_attack_163_gu must carry a valid role, got attack
[32m    [Passed]:  [0mgu gen_refine_defense_164_gu must carry a valid role, got defense
[32m    [Passed]:  [0mgu gen_refine_movement_165_gu must carry a valid role, got movement
[32m    [Passed]:  [0mgu gen_refine_healing_166_gu must carry a valid role, got healing
[32m    [Passed]:  [0mgu gen_refine_recon_167_gu must carry a valid role, got recon
[32m    [Passed]:  [0mgu gen_refine_logistics_168_gu must carry a valid role, got logistics
[32m    [Passed]:  [0mgu gen_refine_attack_169_gu must carry a valid role, got attack
[32m    [Passed]:  [0mgu gen_refine_attack_170_gu must carry a valid role, got attack
[32m    [Passed]:  [0mgu gen_refine_defense_171_gu must carry a valid role, got defense
[32m    [Passed]:  [0mgu gen_refine_movement_172_gu must carry a valid role, got movement
[32m    [Passed]:  [0mgu gen_refine_healing_173_gu must carry a valid role, got healing
[32m    [Passed]:  [0mgu gen_refine_recon_174_gu must carry a valid role, got recon
[32m    [Passed]:  [0mgu gen_refine_logistics_175_gu must carry a valid role, got logistics
[32m    [Passed]:  [0mgu gen_refine_attack_176_gu must carry a valid role, got attack
[32m    [Passed]:  [0mgu gen_refine_attack_177_gu must carry a valid role, got attack
[32m    [Passed]:  [0mgu gen_refine_defense_178_gu must carry a valid role, got defense
[32m    [Passed]:  [0mgu gen_refine_movement_179_gu must carry a valid role, got movement
[32m    [Passed]:  [0mgu gen_refine_healing_180_gu must carry a valid role, got healing
* test_role_validation_rejects_missing_and_unknown_role
[32m    [Passed] [0m
[32m    [Passed] [0m
[1m5/5 passed.
[0m[4m

res://tests/unit/test_imprint_expansion.gd
[0m* test_backlash_gained_queues_next_turn_draw_once_per_curse_layer
[32m    [Passed]:  [0m[2] expected to equal [2]:  
[32m    [Passed]:  [0m[4] expected to equal [4]:  
[32m    [Passed]:  [0m[0] expected to equal [0]:  
[32m    [Passed] [0m
[32m    [Passed]:  [0m[2] expected to equal [2]:  
[32m    [Passed]:  [0m[1] expected to equal [1]:  
* test_apply_backlash_gained_reports_conversion_feed_and_stacks_pending
[32m    [Passed] [0m
[32m    [Passed]:  [0m[1] expected to equal [1]:  
[32m    [Passed]:  [0m[2] expected to equal [2]:  
* test_battle_end_stone_grant_fires_once_on_retreat_with_feed
[32m    [Passed] [0m
[32m    [Passed]:  [0m["retreated"] expected to equal ["retreated"]:  
[32m    [Passed] [0m
[32m    [Passed]:  [0m[12] expected to equal [12]:  
[32m    [Passed]:  [0m["relic_stone_on_battle_end"] expected to equal ["relic_stone_on_battle_end"]:  
[32m    [Passed]:  [0m[1] expected to equal [1]:  
* test_battle_end_stone_grant_fires_exactly_once_on_death_path
[32m    [Passed]:  [0m["death"] expected to equal ["death"]:  
[32m    [Passed] [0m
[32m    [Passed] [0m
[32m    [Passed]:  [0m["dead"] expected to equal ["dead"]:  
[32m    [Passed]:  [0m[15] expected to equal [15]:  
[32m    [Passed]:  [0m[1] expected to equal [1]:  
* test_reduce_curse_intensity_floors_projection_at_battle_start_only
[32m    [Passed]:  [0m[0] expected to equal [0]:  
[32m    [Passed] [0m
[32m    [Passed]:  [0m[0] expected to equal [0]:  
[32m    [Passed]:  [0m[2] expected to equal [2]:  
* test_imprint_capacity_rejection_leaves_state_untouched
[32m    [Passed] [0m
[32m    [Passed]:  [0m["imprint_capacity_exceeded"] expected to equal ["imprint_capacity_exceeded"]:  
[32m    [Passed]:  [0m[1] expected to equal [1]:  
[32m    [Passed]:  [0m[4] expected to equal [4]:  
[32m    [Passed] [0m
[32m    [Passed]:  [0m[4] expected to equal [4]:  
* test_meta_grade_cap_allows_two_then_rejects_third
[32m    [Passed] [0m
[1m    [INFO]:  [0mArray/Dictionary compared by value.  Use assert_same to compare references.  Use assert_eq_deep to see diff when failing.
[32m    [Passed]:  [0mDICTIONARY({ "meta_relic_0": true }) == DICTIONARY({ "meta_relic_0": true })  
[32m    [Passed] [0m
[32m    [Passed]:  [0m[1] expected to equal [1]:  
[32m    [Passed] [0m
[32m    [Passed]:  [0m[2] expected to equal [2]:  
[32m    [Passed] [0m
[32m    [Passed]:  [0m["meta_rule_cap_reached"] expected to equal ["meta_rule_cap_reached"]:  
[32m    [Passed]:  [0m[3] expected to equal [3]:  
[32m    [Passed]:  [0m[2] expected to equal [2]:  
[32m    [Passed] [0m
[32m    [Passed] [0m
[32m    [Passed]:  [0m[2] expected to equal [2]:  
* test_meta_rules_survive_run_save_round_trip
[32m    [Passed] [0m
[32m    [Passed] [0m
[1m    [INFO]:  [0mArray/Dictionary compared by value.  Use assert_same to compare references.  Use assert_eq_deep to see diff when failing.
[32m    [Passed]:  [0mDICTIONARY({ "meta_relic_x": true }) == DICTIONARY({ "meta_relic_x": true })  
* test_real_jade_cicada_shell_is_meta_rule_and_catalog_stays_valid
[32m    [Passed]:  [0m["meta_rule"] expected to equal ["meta_rule"]:  
[1m    [INFO]:  [0mArray/Dictionary compared by value.  Use assert_same to compare references.  Use assert_eq_deep to see diff when failing.
[32m    [Passed]:  [0mARRAY([]) == ARRAY([])  
* test_validate_rejects_unknown_grade_and_missing_imprint_capacity
[32m    [Passed]:  [0mrelic jade_cicada_shell has unknown grade legendary_rule
[32m    [Passed]:  [0mdeck imprint_capacity must be a positive integer
    deck service_limits must be an object
* test_record_run_end_unlocks_relic_codex_and_round_trips
[32m    [Passed] [0m
[1m    [INFO]:  [0mArray/Dictionary compared by value.  Use assert_same to compare references.  Use assert_eq_deep to see diff when failing.
[32m    [Passed]:  [0mDICTIONARY({ "jade_cicada_shell": true }) == DICTIONARY({ "jade_cicada_shell": true })  
[32m    [Passed] [0m
[32m    [Passed]:  [0mExpected [<RefCounted#-9223371726895705703>(meta_progress.gd)] to be anything but NULL:  
[32m    [Passed] [0m
* test_barter_relic_reward_blocked_at_full_imprint_capacity_resolves_without_relic
[32m    [Passed] [0m
[32m    [Passed]:  [0m[4] expected to equal [4]:  
[32m    [Passed] [0m
[32m    [Passed]:  [0m[1] expected to equal [1]:  
[32m    [Passed]:  [0m["dead"] expected to equal ["dead"]:  
[32m    [Passed]:  [0m["relic_reward_blocked_imprint_capacity_exceeded"]
[32m    [Passed] [0m
[32m    [Passed]:  [0m[2] expected to equal [2]:  
[32m    [Passed] [0m
[32m    [Passed]:  [0m["relic_reward_blocked_meta_rule_cap_reached"]
* test_barter_granting_meta_rule_relic_records_meta_rules_and_feed
[32m    [Passed] [0m
[32m    [Passed] [0m
[1m    [INFO]:  [0mArray/Dictionary compared by value.  Use assert_same to compare references.  Use assert_eq_deep to see diff when failing.
[32m    [Passed]:  [0mDICTIONARY({ "meta_barter_relic": true }) == DICTIONARY({ "meta_barter_relic": true })  
[1m    [INFO]:  [0mArray/Dictionary compared by value.  Use assert_same to compare references.  Use assert_eq_deep to see diff when failing.
[32m    [Passed]:  [0mDICTIONARY({ "meta_barter_relic": true }) == DICTIONARY({ "meta_barter_relic": true })  
[32m    [Passed]:  [0m["meta_rule_recorded"]
[32m    [Passed] [0m
* test_meta_rule_result_feed_appends_instead_of_overwrites
[32m    [Passed] [0m
[32m    [Passed] [0m
[32m    [Passed] [0m
[1m    [INFO]:  [0mArray/Dictionary compared by value.  Use assert_same to compare references.  Use assert_eq_deep to see diff when failing.
[32m    [Passed]:  [0mARRAY(["meta_rule_recorded"]) == ARRAY(["meta_rule_recorded"])  
* test_record_run_end_skips_relic_targets_missing_from_catalog_when_provided
[32m    [Passed] [0m
[32m    [Passed] [0m
[1m15/15 passed.
[0m[4m

res://tests/unit/test_inheritance_resolver.gd
[0m* test_inheritance_move_requires_equipped_gu_and_tag_constraints
[32m    [Passed]:  [0m[1] expected to equal [1]:  
[32m    [Passed]:  [0m["moonlit_trace"] expected to equal ["moonlit_trace"]:  
* test_inheritance_move_is_unavailable_when_required_gu_is_not_equipped
[1m    [INFO]:  [0mArray/Dictionary compared by value.  Use assert_same to compare references.  Use assert_eq_deep to see diff when failing.
[32m    [Passed]:  [0mARRAY([]) == ARRAY([])  
[1m2/2 passed.
[0m[4m

res://tests/unit/test_journal_builder.gd
[0m* test_journal_attributes_missing_qi_to_known_event
[32m    [Passed]:  [0m[1] expected to equal [1]:  
[32m    [Passed] [0m
[1m    [INFO]:  [0mArray/Dictionary compared by value.  Use assert_same to compare references.  Use assert_eq_deep to see diff when failing.
[32m    [Passed]:  [0mARRAY(["heaven_earth_qi_unsecured"]) == ARRAY(["heaven_earth_qi_unsecured"])  
* test_journal_never_reveals_unknown_facts
[1m    [INFO]:  [0mArray/Dictionary compared by value.  Use assert_same to compare references.  Use assert_eq_deep to see diff when failing.
[32m    [Passed]:  [0mARRAY(["iron_bone_defense", "iron_bone_stealth_drawback"]) == ARRAY(["iron_bone_defense", "iron_bone_stealth_drawback"])  
* test_journal_uses_resource_snapshot_from_event_log
[32m    [Passed]:  [0m["The final stone balance was 7."] expected to equal ["The final stone balance was 7."]:  
[1m3/3 passed.
[0m[4m

res://tests/unit/test_lifespan_pacing.gd
[0m* test_settling_stage_ledger_grants_lifespan_milestone_once
[32m    [Passed] [0m
[32m    [Passed]:  [0m[70] expected to equal [70]:  
[32m    [Passed]:  [0m["lifespan_milestone_gained"] expected to equal ["lifespan_milestone_gained"]:  
[1m    [INFO]:  [0mArray/Dictionary compared by value.  Use assert_same to compare references.  Use assert_eq_deep to see diff when failing.
[32m    [Passed]:  [0mARRAY(["stage_one_ledger"]) == ARRAY(["stage_one_ledger"])  
[32m    [Passed] [0m
[32m    [Passed]:  [0m[70] expected to equal [70]:  
* test_boss_defeat_grants_lifespan_milestone_once
[32m    [Passed]:  [0m[70] expected to equal [70]:  
[32m    [Passed]:  [0m[70] expected to equal [70]:  
* test_missing_milestone_entry_grants_nothing_without_error
[32m    [Passed] [0m
[32m    [Passed]:  [0m[60] expected to equal [60]:  
* test_negative_milestone_value_fails_catalog_validation
[32m    [Passed] [0m
[1m4/4 passed.
[0m[4m

res://tests/unit/test_loot_pity.gd
[0m* test_fourth_consecutive_common_drop_is_forced_rare_or_better
[32m    [Passed]:  [0m[1] expected to equal [1]:  seed 2026 fight 3: counter must track consecutive commons
[32m    [Passed]:  [0m[2] expected to equal [2]:  seed 2026 fight 9: counter must track consecutive commons
[32m    [Passed]:  [0m[0] expected to equal [0]:  seed 2026 fight 10: counter must track consecutive commons
[32m    [Passed]:  [0m[1] expected to equal [1]:  seed 2026 fight 15: counter must track consecutive commons
[32m    [Passed]:  [0m[2] expected to equal [2]:  seed 2026 fight 22: counter must track consecutive commons
[32m    [Passed]:  [0m[3] expected to equal [3]:  seed 2026 fight 28: counter must track consecutive commons
[32m    [Passed]:  [0m["rare"] expected to not equal ["common"]:  seed 2026 fight 29: drop after 3 commons must be rare or better
[32m    [Passed]:  [0m[0] expected to equal [0]:  seed 2026 fight 29: counter must track consecutive commons
[32m    [Passed]:  [0m[1] expected to equal [1]:  seed 2026 fight 34: counter must track consecutive commons
[32m    [Passed]:  [0m[2] expected to equal [2]:  seed 2026 fight 41: counter must track consecutive commons
[32m    [Passed]:  [0m[3] expected to equal [3]:  seed 2026 fight 44: counter must track consecutive commons
[32m    [Passed]:  [0m["rare"] expected to not equal ["common"]:  seed 2026 fight 51: drop after 3 commons must be rare or better
[32m    [Passed]:  [0m[0] expected to equal [0]:  seed 2026 fight 51: counter must track consecutive commons
[32m    [Passed]:  [0m[0] expected to equal [0]:  seed 2026 fight 57: counter must track consecutive commons
[32m    [Passed]:  [0m[1] expected to equal [1]:  seed 2026 fight 58: counter must track consecutive commons
[32m    [Passed]:  [0m[1] expected to equal [1]:  seed 2027 fight 5: counter must track consecutive commons
[32m    [Passed]:  [0m[2] expected to equal [2]:  seed 2027 fight 12: counter must track consecutive commons
[32m    [Passed]:  [0m[3] expected to equal [3]:  seed 2027 fight 18: counter must track consecutive commons
[32m    [Passed]:  [0m["rare"] expected to not equal ["common"]:  seed 2027 fight 19: drop after 3 commons must be rare or better
[32m    [Passed]:  [0m[0] expected to equal [0]:  seed 2027 fight 19: counter must track consecutive commons
[32m    [Passed]:  [0m[1] expected to equal [1]:  seed 2027 fight 24: counter must track consecutive commons
[32m    [Passed]:  [0m[2] expected to equal [2]:  seed 2027 fight 31: counter must track consecutive commons
[32m    [Passed]:  [0m[3] expected to equal [3]:  seed 2027 fight 38: counter must track consecutive commons
[32m    [Passed]:  [0m["rare"] expected to not equal ["common"]:  seed 2027 fight 44: drop after 3 commons must be rare or better
[32m    [Passed]:  [0m[0] expected to equal [0]:  seed 2027 fight 44: counter must track consecutive commons
[32m    [Passed]:  [0m[0] expected to equal [0]:  seed 2027 fight 45: counter must track consecutive commons
[32m    [Passed]:  [0m[1] expected to equal [1]:  seed 2027 fight 50: counter must track consecutive commons
[32m    [Passed]:  [0m[2] expected to equal [2]:  seed 2027 fight 57: counter must track consecutive commons
[32m    [Passed]:  [0m[1] expected to equal [1]:  seed 2028 fight 3: counter must track consecutive commons
[32m    [Passed]:  [0m[0] expected to equal [0]:  seed 2028 fight 4: counter must track consecutive commons
[32m    [Passed]:  [0m[1] expected to equal [1]:  seed 2028 fight 9: counter must track consecutive commons
[32m    [Passed]:  [0m[2] expected to equal [2]:  seed 2028 fight 16: counter must track consecutive commons
[32m    [Passed]:  [0m[3] expected to equal [3]:  seed 2028 fight 23: counter must track consecutive commons
[32m    [Passed]:  [0m["rare"] expected to not equal ["common"]:  seed 2028 fight 29: drop after 3 commons must be rare or better
[32m    [Passed]:  [0m[0] expected to equal [0]:  seed 2028 fight 29: counter must track consecutive commons
[32m    [Passed]:  [0m[0] expected to equal [0]:  seed 2028 fight 30: counter must track consecutive commons
[32m    [Passed]:  [0m[1] expected to equal [1]:  seed 2028 fight 35: counter must track consecutive commons
[32m    [Passed]:  [0m[2] expected to equal [2]:  seed 2028 fight 42: counter must track consecutive commons
[32m    [Passed]:  [0m[3] expected to equal [3]:  seed 2028 fight 48: counter must track consecutive commons
[32m    [Passed]:  [0m["rare"] expected to not equal ["common"]:  seed 2028 fight 49: drop after 3 commons must be rare or better
[32m    [Passed]:  [0m[0] expected to equal [0]:  seed 2028 fight 49: counter must track consecutive commons
[32m    [Passed]:  [0m[1] expected to equal [1]:  seed 2028 fight 54: counter must track consecutive commons
[32m    [Passed]:  [0m[0] expected to equal [0]:  seed 2029 fight 0: counter must track consecutive commons
[32m    [Passed]:  [0m[1] expected to equal [1]:  seed 2029 fight 5: counter must track consecutive commons
[32m    [Passed]:  [0m[2] expected to equal [2]:  seed 2029 fight 12: counter must track consecutive commons
[32m    [Passed]:  [0m[3] expected to equal [3]:  seed 2029 fight 18: counter must track consecutive commons
[32m    [Passed]:  [0m["rare"] expected to not equal ["common"]:  seed 2029 fight 19: drop after 3 commons must be rare or better
[32m    [Passed]:  [0m[0] expected to equal [0]:  seed 2029 fight 19: counter must track consecutive commons
[32m    [Passed]:  [0m[1] expected to equal [1]:  seed 2029 fight 24: counter must track consecutive commons
[32m    [Passed]:  [0m[2] expected to equal [2]:  seed 2029 fight 31: counter must track consecutive commons
[32m    [Passed]:  [0m[3] expected to equal [3]:  seed 2029 fight 37: counter must track consecutive commons
[32m    [Passed]:  [0m["rare"] expected to not equal ["common"]:  seed 2029 fight 38: drop after 3 commons must be rare or better
[32m    [Passed]:  [0m[0] expected to equal [0]:  seed 2029 fight 38: counter must track consecutive commons
[32m    [Passed]:  [0m[1] expected to equal [1]:  seed 2029 fight 43: counter must track consecutive commons
[32m    [Passed]:  [0m[2] expected to equal [2]:  seed 2029 fight 50: counter must track consecutive commons
[32m    [Passed]:  [0m[3] expected to equal [3]:  seed 2029 fight 56: counter must track consecutive commons
[32m    [Passed]:  [0m["rare"] expected to not equal ["common"]:  seed 2029 fight 57: drop after 3 commons must be rare or better
[32m    [Passed]:  [0m[0] expected to equal [0]:  seed 2029 fight 57: counter must track consecutive commons
[32m    [Passed]:  [0m[1] expected to equal [1]:  seed 2030 fight 4: counter must track consecutive commons
[32m    [Passed]:  [0m[0] expected to equal [0]:  seed 2030 fight 5: counter must track consecutive commons
[32m    [Passed]:  [0m[1] expected to equal [1]:  seed 2030 fight 10: counter must track consecutive commons
[32m    [Passed]:  [0m[2] expected to equal [2]:  seed 2030 fight 17: counter must track consecutive commons
[32m    [Passed]:  [0m[3] expected to equal [3]:  seed 2030 fight 23: counter must track consecutive commons
[32m    [Passed]:  [0m["rare"] expected to not equal ["common"]:  seed 2030 fight 24: drop after 3 commons must be rare or better
[32m    [Passed]:  [0m[0] expected to equal [0]:  seed 2030 fight 24: counter must track consecutive commons
[32m    [Passed]:  [0m[1] expected to equal [1]:  seed 2030 fight 29: counter must track consecutive commons
[32m    [Passed]:  [0m[2] expected to equal [2]:  seed 2030 fight 36: counter must track consecutive commons
[32m    [Passed]:  [0m[3] expected to equal [3]:  seed 2030 fight 42: counter must track consecutive commons
[32m    [Passed]:  [0m["rare"] expected to not equal ["common"]:  seed 2030 fight 43: drop after 3 commons must be rare or better
[32m    [Passed]:  [0m[0] expected to equal [0]:  seed 2030 fight 43: counter must track consecutive commons
[32m    [Passed]:  [0m[1] expected to equal [1]:  seed 2030 fight 48: counter must track consecutive commons
[32m    [Passed]:  [0m[2] expected to equal [2]:  seed 2030 fight 55: counter must track consecutive commons
[32m    [Passed]:  [0m[1] expected to equal [1]:  seed 2031 fight 0: counter must track consecutive commons
[32m    [Passed]:  [0m[2] expected to equal [2]:  seed 2031 fight 6: counter must track consecutive commons
[32m    [Passed]:  [0m[3] expected to equal [3]:  seed 2031 fight 12: counter must track consecutive commons
[32m    [Passed]:  [0m["rare"] expected to not equal ["common"]:  seed 2031 fight 13: drop after 3 commons must be rare or better
[32m    [Passed]:  [0m[0] expected to equal [0]:  seed 2031 fight 13: counter must track consecutive commons
[32m    [Passed]:  [0m[1] expected to equal [1]:  seed 2031 fight 18: counter must track consecutive commons
[32m    [Passed]:  [0m[2] expected to equal [2]:  seed 2031 fight 25: counter must track consecutive commons
[32m    [Passed]:  [0m[3] expected to equal [3]:  seed 2031 fight 32: counter must track consecutive commons
[32m    [Passed]:  [0m["rare"] expected to not equal ["common"]:  seed 2031 fight 38: drop after 3 commons must be rare or better
[32m    [Passed]:  [0m[0] expected to equal [0]:  seed 2031 fight 38: counter must track consecutive commons
[32m    [Passed]:  [0m[0] expected to equal [0]:  seed 2031 fight 39: counter must track consecutive commons
[32m    [Passed]:  [0m[1] expected to equal [1]:  seed 2031 fight 44: counter must track consecutive commons
[32m    [Passed]:  [0m[2] expected to equal [2]:  seed 2031 fight 51: counter must track consecutive commons
[32m    [Passed]:  [0m[3] expected to equal [3]:  seed 2031 fight 57: counter must track consecutive commons
[32m    [Passed]:  [0m["rare"] expected to not equal ["common"]:  seed 2031 fight 58: drop after 3 commons must be rare or better
[32m    [Passed]:  [0m[0] expected to equal [0]:  seed 2031 fight 58: counter must track consecutive commons
[32m    [Passed]:  [0m[1] expected to equal [1]:  seed 2032 fight 5: counter must track consecutive commons
[32m    [Passed]:  [0m[2] expected to equal [2]:  seed 2032 fight 12: counter must track consecutive commons
[32m    [Passed]:  [0m[3] expected to equal [3]:  seed 2032 fight 19: counter must track consecutive commons
[32m    [Passed]:  [0m["rare"] expected to not equal ["common"]:  seed 2032 fight 25: drop after 3 commons must be rare or better
[32m    [Passed]:  [0m[0] expected to equal [0]:  seed 2032 fight 25: counter must track consecutive commons
[32m    [Passed]:  [0m[0] expected to equal [0]:  seed 2032 fight 26: counter must track consecutive commons
[32m    [Passed]:  [0m[1] expected to equal [1]:  seed 2032 fight 31: counter must track consecutive commons
[32m    [Passed]:  [0m[2] expected to equal [2]:  seed 2032 fight 38: counter must track consecutive commons
[32m    [Passed]:  [0m[3] expected to equal [3]:  seed 2032 fight 44: counter must track consecutive commons
[32m    [Passed]:  [0m["rare"] expected to not equal ["common"]:  seed 2032 fight 45: drop after 3 commons must be rare or better
[32m    [Passed]:  [0m[0] expected to equal [0]:  seed 2032 fight 45: counter must track consecutive commons
[32m    [Passed]:  [0m[1] expected to equal [1]:  seed 2032 fight 50: counter must track consecutive commons
[32m    [Passed]:  [0m[2] expected to equal [2]:  seed 2032 fight 57: counter must track consecutive commons
[32m    [Passed]:  [0m[1] expected to equal [1]:  seed 2033 fight 0: counter must track consecutive commons
[32m    [Passed]:  [0m[2] expected to equal [2]:  seed 2033 fight 7: counter must track consecutive commons
[32m    [Passed]:  [0m[3] expected to equal [3]:  seed 2033 fight 13: counter must track consecutive commons
[32m    [Passed]:  [0m["rare"] expected to not equal ["common"]:  seed 2033 fight 14: drop after 3 commons must be rare or better
[32m    [Passed]:  [0m[0] expected to equal [0]:  seed 2033 fight 14: counter must track consecutive commons
[32m    [Passed]:  [0m[1] expected to equal [1]:  seed 2033 fight 19: counter must track consecutive commons
[32m    [Passed]:  [0m[2] expected to equal [2]:  seed 2033 fight 26: counter must track consecutive commons
[32m    [Passed]:  [0m[3] expected to equal [3]:  seed 2033 fight 32: counter must track consecutive commons
[32m    [Passed]:  [0m["rare"] expected to not equal ["common"]:  seed 2033 fight 33: drop after 3 commons must be rare or better
[32m    [Passed]:  [0m[0] expected to equal [0]:  seed 2033 fight 33: counter must track consecutive commons
[32m    [Passed]:  [0m[1] expected to equal [1]:  seed 2033 fight 38: counter must track consecutive commons
[32m    [Passed]:  [0m[2] expected to equal [2]:  seed 2033 fight 45: counter must track consecutive commons
[32m    [Passed]:  [0m[3] expected to equal [3]:  seed 2033 fight 51: counter must track consecutive commons
[32m    [Passed]:  [0m["rare"] expected to not equal ["common"]:  seed 2033 fight 52: drop after 3 commons must be rare or better
[32m    [Passed]:  [0m[0] expected to equal [0]:  seed 2033 fight 52: counter must track consecutive commons
[32m    [Passed]:  [0m[1] expected to equal [1]:  seed 2033 fight 57: counter must track consecutive commons
[32m    [Passed]:  [0m[0] expected to equal [0]:  seed 2034 fight 0: counter must track consecutive commons
[32m    [Passed]:  [0m[1] expected to equal [1]:  seed 2034 fight 5: counter must track consecutive commons
[32m    [Passed]:  [0m[2] expected to equal [2]:  seed 2034 fight 12: counter must track consecutive commons
[32m    [Passed]:  [0m[3] expected to equal [3]:  seed 2034 fight 18: counter must track consecutive commons
[32m    [Passed]:  [0m["rare"] expected to not equal ["common"]:  seed 2034 fight 19: drop after 3 commons must be rare or better
[32m    [Passed]:  [0m[0] expected to equal [0]:  seed 2034 fight 19: counter must track consecutive commons
[32m    [Passed]:  [0m[1] expected to equal [1]:  seed 2034 fight 24: counter must track consecutive commons
[32m    [Passed]:  [0m[2] expected to equal [2]:  seed 2034 fight 31: counter must track consecutive commons
[32m    [Passed]:  [0m[3] expected to equal [3]:  seed 2034 fight 37: counter must track consecutive commons
[32m    [Passed]:  [0m["rare"] expected to not equal ["common"]:  seed 2034 fight 38: drop after 3 commons must be rare or better
[32m    [Passed]:  [0m[0] expected to equal [0]:  seed 2034 fight 38: counter must track consecutive commons
[32m    [Passed]:  [0m[1] expected to equal [1]:  seed 2034 fight 43: counter must track consecutive commons
[32m    [Passed]:  [0m[2] expected to equal [2]:  seed 2034 fight 50: counter must track consecutive commons
[32m    [Passed]:  [0m[3] expected to equal [3]:  seed 2034 fight 57: counter must track consecutive commons
[32m    [Passed]:  [0m[1] expected to equal [1]:  seed 2035 fight 1: counter must track consecutive commons
[32m    [Passed]:  [0m[2] expected to equal [2]:  seed 2035 fight 7: counter must track consecutive commons
[32m    [Passed]:  [0m[0] expected to equal [0]:  seed 2035 fight 8: counter must track consecutive commons
[32m    [Passed]:  [0m[1] expected to equal [1]:  seed 2035 fight 13: counter must track consecutive commons
[32m    [Passed]:  [0m[2] expected to equal [2]:  seed 2035 fight 20: counter must track consecutive commons
[32m    [Passed]:  [0m[3] expected to equal [3]:  seed 2035 fight 27: counter must track consecutive commons
[32m    [Passed]:  [0m["rare"] expected to not equal ["common"]:  seed 2035 fight 33: drop after 3 commons must be rare or better
[32m    [Passed]:  [0m[0] expected to equal [0]:  seed 2035 fight 33: counter must track consecutive commons
[32m    [Passed]:  [0m[0] expected to equal [0]:  seed 2035 fight 34: counter must track consecutive commons
[32m    [Passed]:  [0m[1] expected to equal [1]:  seed 2035 fight 39: counter must track consecutive commons
[32m    [Passed]:  [0m[2] expected to equal [2]:  seed 2035 fight 46: counter must track consecutive commons
[32m    [Passed]:  [0m[3] expected to equal [3]:  seed 2035 fight 52: counter must track consecutive commons
[32m    [Passed]:  [0m["rare"] expected to not equal ["common"]:  seed 2035 fight 53: drop after 3 commons must be rare or better
[32m    [Passed]:  [0m[0] expected to equal [0]:  seed 2035 fight 53: counter must track consecutive commons
[32m    [Passed]:  [0m[1] expected to equal [1]:  seed 2035 fight 58: counter must track consecutive commons
[32m    [Passed]:  [0m[1] expected to equal [1]:  seed 2036 fight 0: counter must track consecutive commons
[32m    [Passed]:  [0m[2] expected to equal [2]:  seed 2036 fight 6: counter must track consecutive commons
[32m    [Passed]:  [0m[3] expected to equal [3]:  seed 2036 fight 13: counter must track consecutive commons
[32m    [Passed]:  [0m["rare"] expected to not equal ["common"]:  seed 2036 fight 19: drop after 3 commons must be rare or better
[32m    [Passed]:  [0m[0] expected to equal [0]:  seed 2036 fight 19: counter must track consecutive commons
[32m    [Passed]:  [0m[0] expected to equal [0]:  seed 2036 fight 20: counter must track consecutive commons
[32m    [Passed]:  [0m[1] expected to equal [1]:  seed 2036 fight 25: counter must track consecutive commons
[32m    [Passed]:  [0m[2] expected to equal [2]:  seed 2036 fight 32: counter must track consecutive commons
[32m    [Passed]:  [0m[3] expected to equal [3]:  seed 2036 fight 38: counter must track consecutive commons
[32m    [Passed]:  [0m["rare"] expected to not equal ["common"]:  seed 2036 fight 39: drop after 3 commons must be rare or better
[32m    [Passed]:  [0m[0] expected to equal [0]:  seed 2036 fight 39: counter must track consecutive commons
[32m    [Passed]:  [0m[1] expected to equal [1]:  seed 2036 fight 44: counter must track consecutive commons
[32m    [Passed]:  [0m[2] expected to equal [2]:  seed 2036 fight 51: counter must track consecutive commons
[32m    [Passed]:  [0m[3] expected to equal [3]:  seed 2036 fight 57: counter must track consecutive commons
[32m    [Passed]:  [0m["rare"] expected to not equal ["common"]:  seed 2036 fight 58: drop after 3 commons must be rare or better
[32m    [Passed]:  [0m[0] expected to equal [0]:  seed 2036 fight 58: counter must track consecutive commons
[32m    [Passed]:  [0m[1] expected to equal [1]:  seed 2037 fight 2: counter must track consecutive commons
[32m    [Passed]:  [0m[2] expected to equal [2]:  seed 2037 fight 8: counter must track consecutive commons
[32m    [Passed]:  [0m[0] expected to equal [0]:  seed 2037 fight 9: counter must track consecutive commons
[32m    [Passed]:  [0m[1] expected to equal [1]:  seed 2037 fight 14: counter must track consecutive commons
[32m    [Passed]:  [0m[2] expected to equal [2]:  seed 2037 fight 21: counter must track consecutive commons
[32m    [Passed]:  [0m[3] expected to equal [3]:  seed 2037 fight 27: counter must track consecutive commons
[32m    [Passed]:  [0m["rare"] expected to not equal ["common"]:  seed 2037 fight 28: drop after 3 commons must be rare or better
[32m    [Passed]:  [0m[0] expected to equal [0]:  seed 2037 fight 28: counter must track consecutive commons
[32m    [Passed]:  [0m[1] expected to equal [1]:  seed 2037 fight 33: counter must track consecutive commons
[32m    [Passed]:  [0m[2] expected to equal [2]:  seed 2037 fight 40: counter must track consecutive commons
[32m    [Passed]:  [0m[3] expected to equal [3]:  seed 2037 fight 46: counter must track consecutive commons
[32m    [Passed]:  [0m["rare"] expected to not equal ["common"]:  seed 2037 fight 47: drop after 3 commons must be rare or better
[32m    [Passed]:  [0m[0] expected to equal [0]:  seed 2037 fight 47: counter must track consecutive commons
[32m    [Passed]:  [0m[1] expected to equal [1]:  seed 2037 fight 52: counter must track consecutive commons
[32m    [Passed]:  [0m[2] expected to equal [2]:  seed 2037 fight 59: counter must track consecutive commons
[32m    [Passed]:  [0m[1] expected to equal [1]:  seed 2038 fight 0: counter must track consecutive commons
[32m    [Passed]:  [0m[2] expected to equal [2]:  seed 2038 fight 7: counter must track consecutive commons
[32m    [Passed]:  [0m[3] expected to equal [3]:  seed 2038 fight 13: counter must track consecutive commons
[32m    [Passed]:  [0m["rare"] expected to not equal ["common"]:  seed 2038 fight 14: drop after 3 commons must be rare or better
[32m    [Passed]:  [0m[0] expected to equal [0]:  seed 2038 fight 14: counter must track consecutive commons
[32m    [Passed]:  [0m[1] expected to equal [1]:  seed 2038 fight 19: counter must track consecutive commons
[32m    [Passed]:  [0m[2] expected to equal [2]:  seed 2038 fight 26: counter must track consecutive commons
[32m    [Passed]:  [0m[3] expected to equal [3]:  seed 2038 fight 32: counter must track consecutive commons
[32m    [Passed]:  [0m["rare"] expected to not equal ["common"]:  seed 2038 fight 33: drop after 3 commons must be rare or better
[32m    [Passed]:  [0m[0] expected to equal [0]:  seed 2038 fight 33: counter must track consecutive commons
[32m    [Passed]:  [0m[1] expected to equal [1]:  seed 2038 fight 38: counter must track consecutive commons
[32m    [Passed]:  [0m[2] expected to equal [2]:  seed 2038 fight 45: counter must track consecutive commons
[32m    [Passed]:  [0m[3] expected to equal [3]:  seed 2038 fight 52: counter must track consecutive commons
[32m    [Passed]:  [0m["rare"] expected to not equal ["common"]:  seed 2038 fight 58: drop after 3 commons must be rare or better
[32m    [Passed]:  [0m[0] expected to equal [0]:  seed 2038 fight 58: counter must track consecutive commons
[32m    [Passed]:  [0m[0] expected to equal [0]:  seed 2038 fight 59: counter must track consecutive commons
[32m    [Passed]:  [0m[0] expected to equal [0]:  seed 2039 fight 2: counter must track consecutive commons
[32m    [Passed]:  [0m[1] expected to equal [1]:  seed 2039 fight 3: counter must track consecutive commons
[32m    [Passed]:  [0m[0] expected to equal [0]:  seed 2039 fight 8: counter must track consecutive commons
[32m    [Passed]:  [0m[1] expected to equal [1]:  seed 2039 fight 15: counter must track consecutive commons
[32m    [Passed]:  [0m[2] expected to equal [2]:  seed 2039 fight 22: counter must track consecutive commons
[32m    [Passed]:  [0m[3] expected to equal [3]:  seed 2039 fight 28: counter must track consecutive commons
[32m    [Passed]:  [0m["rare"] expected to not equal ["common"]:  seed 2039 fight 29: drop after 3 commons must be rare or better
[32m    [Passed]:  [0m[0] expected to equal [0]:  seed 2039 fight 29: counter must track consecutive commons
[32m    [Passed]:  [0m[1] expected to equal [1]:  seed 2039 fight 34: counter must track consecutive commons
[32m    [Passed]:  [0m[2] expected to equal [2]:  seed 2039 fight 41: counter must track consecutive commons
[32m    [Passed]:  [0m[3] expected to equal [3]:  seed 2039 fight 47: counter must track consecutive commons
[32m    [Passed]:  [0m["rare"] expected to not equal ["common"]:  seed 2039 fight 48: drop after 3 commons must be rare or better
[32m    [Passed]:  [0m[0] expected to equal [0]:  seed 2039 fight 48: counter must track consecutive commons
[32m    [Passed]:  [0m[1] expected to equal [1]:  seed 2039 fight 53: counter must track consecutive commons
[32m    [Passed]:  [0m[1] expected to equal [1]:  seed 2040 fight 1: counter must track consecutive commons
[32m    [Passed]:  [0m[2] expected to equal [2]:  seed 2040 fight 8: counter must track consecutive commons
[32m    [Passed]:  [0m[3] expected to equal [3]:  seed 2040 fight 14: counter must track consecutive commons
[32m    [Passed]:  [0m["rare"] expected to not equal ["common"]:  seed 2040 fight 15: drop after 3 commons must be rare or better
[32m    [Passed]:  [0m[0] expected to equal [0]:  seed 2040 fight 15: counter must track consecutive commons
[32m    [Passed]:  [0m[1] expected to equal [1]:  seed 2040 fight 20: counter must track consecutive commons
[32m    [Passed]:  [0m[2] expected to equal [2]:  seed 2040 fight 27: counter must track consecutive commons
[32m    [Passed]:  [0m[3] expected to equal [3]:  seed 2040 fight 33: counter must track consecutive commons
[32m    [Passed]:  [0m["rare"] expected to not equal ["common"]:  seed 2040 fight 34: drop after 3 commons must be rare or better
[32m    [Passed]:  [0m[0] expected to equal [0]:  seed 2040 fight 34: counter must track consecutive commons
[32m    [Passed]:  [0m[1] expected to equal [1]:  seed 2040 fight 39: counter must track consecutive commons
[32m    [Passed]:  [0m[2] expected to equal [2]:  seed 2040 fight 46: counter must track consecutive commons
[32m    [Passed]:  [0m[3] expected to equal [3]:  seed 2040 fight 52: counter must track consecutive commons
[32m    [Passed]:  [0m["rare"] expected to not equal ["common"]:  seed 2040 fight 53: drop after 3 commons must be rare or better
[32m    [Passed]:  [0m[0] expected to equal [0]:  seed 2040 fight 53: counter must track consecutive commons
[32m    [Passed]:  [0m[1] expected to equal [1]:  seed 2040 fight 58: counter must track consecutive commons
[32m    [Passed]:  [0m[0] expected to equal [0]:  seed 2041 fight 3: counter must track consecutive commons
[32m    [Passed]:  [0m[1] expected to equal [1]:  seed 2041 fight 4: counter must track consecutive commons
[32m    [Passed]:  [0m[0] expected to equal [0]:  seed 2041 fight 9: counter must track consecutive commons
[32m    [Passed]:  [0m[1] expected to equal [1]:  seed 2041 fight 16: counter must track consecutive commons
[32m    [Passed]:  [0m[0] expected to equal [0]:  seed 2041 fight 22: counter must track consecutive commons
[32m    [Passed]:  [0m[1] expected to equal [1]:  seed 2041 fight 23: counter must track consecutive commons
[32m    [Passed]:  [0m[0] expected to equal [0]:  seed 2041 fight 28: counter must track consecutive commons
[32m    [Passed]:  [0m[1] expected to equal [1]:  seed 2041 fight 35: counter must track consecutive commons
[32m    [Passed]:  [0m[2] expected to equal [2]:  seed 2041 fight 41: counter must track consecutive commons
[32m    [Passed]:  [0m[0] expected to equal [0]:  seed 2041 fight 42: counter must track consecutive commons
[32m    [Passed]:  [0m[1] expected to equal [1]:  seed 2041 fight 47: counter must track consecutive commons
[32m    [Passed]:  [0m[2] expected to equal [2]:  seed 2041 fight 54: counter must track consecutive commons
[32m    [Passed]:  [0m[1] expected to equal [1]:  seed 2042 fight 2: counter must track consecutive commons
[32m    [Passed]:  [0m[2] expected to equal [2]:  seed 2042 fight 8: counter must track consecutive commons
[32m    [Passed]:  [0m[0] expected to equal [0]:  seed 2042 fight 9: counter must track consecutive commons
[32m    [Passed]:  [0m[1] expected to equal [1]:  seed 2042 fight 14: counter must track consecutive commons
[32m    [Passed]:  [0m[2] expected to equal [2]:  seed 2042 fight 21: counter must track consecutive commons
[32m    [Passed]:  [0m[3] expected to equal [3]:  seed 2042 fight 27: counter must track consecutive commons
[32m    [Passed]:  [0m["rare"] expected to not equal ["common"]:  seed 2042 fight 28: drop after 3 commons must be rare or better
[32m    [Passed]:  [0m[0] expected to equal [0]:  seed 2042 fight 28: counter must track consecutive commons
[32m    [Passed]:  [0m[1] expected to equal [1]:  seed 2042 fight 33: counter must track consecutive commons
[32m    [Passed]:  [0m[2] expected to equal [2]:  seed 2042 fight 40: counter must track consecutive commons
[32m    [Passed]:  [0m[3] expected to equal [3]:  seed 2042 fight 47: counter must track consecutive commons
[32m    [Passed]:  [0m["rare"] expected to not equal ["common"]:  seed 2042 fight 53: drop after 3 commons must be rare or better
[32m    [Passed]:  [0m[0] expected to equal [0]:  seed 2042 fight 53: counter must track consecutive commons
[32m    [Passed]:  [0m[0] expected to equal [0]:  seed 2042 fight 54: counter must track consecutive commons
[32m    [Passed]:  [0m[1] expected to equal [1]:  seed 2042 fight 59: counter must track consecutive commons
[32m    [Passed]:  [0m[0] expected to equal [0]:  seed 2043 fight 4: counter must track consecutive commons
[32m    [Passed]:  [0m[1] expected to equal [1]:  seed 2043 fight 11: counter must track consecutive commons
[32m    [Passed]:  [0m[2] expected to equal [2]:  seed 2043 fight 18: counter must track consecutive commons
[32m    [Passed]:  [0m[0] expected to equal [0]:  seed 2043 fight 24: counter must track consecutive commons
[32m    [Passed]:  [0m[1] expected to equal [1]:  seed 2043 fight 25: counter must track consecutive commons
[32m    [Passed]:  [0m[2] expected to equal [2]:  seed 2043 fight 30: counter must track consecutive commons
[32m    [Passed]:  [0m[3] expected to equal [3]:  seed 2043 fight 37: counter must track consecutive commons
[32m    [Passed]:  [0m["rare"] expected to not equal ["common"]:  seed 2043 fight 43: drop after 3 commons must be rare or better
[32m    [Passed]:  [0m[0] expected to equal [0]:  seed 2043 fight 43: counter must track consecutive commons
[32m    [Passed]:  [0m[1] expected to equal [1]:  seed 2043 fight 44: counter must track consecutive commons
[32m    [Passed]:  [0m[2] expected to equal [2]:  seed 2043 fight 49: counter must track consecutive commons
[32m    [Passed]:  [0m[3] expected to equal [3]:  seed 2043 fight 56: counter must track consecutive commons
[32m    [Passed]:  [0m[1] expected to equal [1]:  seed 2044 fight 3: counter must track consecutive commons
[32m    [Passed]:  [0m[2] expected to equal [2]:  seed 2044 fight 9: counter must track consecutive commons
[32m    [Passed]:  [0m[0] expected to equal [0]:  seed 2044 fight 10: counter must track consecutive commons
[32m    [Passed]:  [0m[1] expected to equal [1]:  seed 2044 fight 15: counter must track consecutive commons
[32m    [Passed]:  [0m[2] expected to equal [2]:  seed 2044 fight 22: counter must track consecutive commons
[32m    [Passed]:  [0m[3] expected to equal [3]:  seed 2044 fight 28: counter must track consecutive commons
[32m    [Passed]:  [0m["rare"] expected to not equal ["common"]:  seed 2044 fight 29: drop after 3 commons must be rare or better
[32m    [Passed]:  [0m[0] expected to equal [0]:  seed 2044 fight 29: counter must track consecutive commons
[32m    [Passed]:  [0m[1] expected to equal [1]:  seed 2044 fight 34: counter must track consecutive commons
[32m    [Passed]:  [0m[2] expected to equal [2]:  seed 2044 fight 41: counter must track consecutive commons
[32m    [Passed]:  [0m[3] expected to equal [3]:  seed 2044 fight 47: counter must track consecutive commons
[32m    [Passed]:  [0m["rare"] expected to not equal ["common"]:  seed 2044 fight 48: drop after 3 commons must be rare or better
[32m    [Passed]:  [0m[0] expected to equal [0]:  seed 2044 fight 48: counter must track consecutive commons
[32m    [Passed]:  [0m[1] expected to equal [1]:  seed 2044 fight 53: counter must track consecutive commons
[32m    [Passed]:  [0m[1] expected to equal [1]:  seed 2045 fight 1: counter must track consecutive commons
[32m    [Passed]:  [0m[2] expected to equal [2]:  seed 2045 fight 8: counter must track consecutive commons
[32m    [Passed]:  [0m[3] expected to equal [3]:  seed 2045 fight 11: counter must track consecutive commons
[32m    [Passed]:  [0m["rare"] expected to not equal ["common"]:  seed 2045 fight 17: drop after 3 commons must be rare or better
[32m    [Passed]:  [0m[0] expected to equal [0]:  seed 2045 fight 17: counter must track consecutive commons
[32m    [Passed]:  [0m[1] expected to equal [1]:  seed 2045 fight 18: counter must track consecutive commons
[32m    [Passed]:  [0m[0] expected to equal [0]:  seed 2045 fight 23: counter must track consecutive commons
[32m    [Passed]:  [0m[1] expected to equal [1]:  seed 2045 fight 30: counter must track consecutive commons
[32m    [Passed]:  [0m[0] expected to equal [0]:  seed 2045 fight 36: counter must track consecutive commons
[32m    [Passed]:  [0m[1] expected to equal [1]:  seed 2045 fight 37: counter must track consecutive commons
[32m    [Passed]:  [0m[0] expected to equal [0]:  seed 2045 fight 42: counter must track consecutive commons
[32m    [Passed]:  [0m[1] expected to equal [1]:  seed 2045 fight 49: counter must track consecutive commons
[32m    [Passed]:  [0m[2] expected to equal [2]:  seed 2045 fight 56: counter must track consecutive commons
[32m    [Passed]:  [0mexpected at least one forced-drop scenario across seeds
* test_forced_rarity_roll_excludes_common_bucket
[32m    [Passed]:  [0mseed 1: forced roll must produce a gu
[32m    [Passed]:  [0m["rare"] expected to not equal ["common"]:  seed 1: forced roll produced common gu mist_step_gu
[32m    [Passed]:  [0mseed 2: forced roll must produce a gu
[32m    [Passed]:  [0m["epic"] expected to not equal ["common"]:  seed 2: forced roll produced common gu moonlight_gu
[32m    [Passed]:  [0mseed 3: forced roll must produce a gu
[32m    [Passed]:  [0m["rare"] expected to not equal ["common"]:  seed 3: forced roll produced common gu mist_step_gu
[32m    [Passed]:  [0mseed 4: forced roll must produce a gu
[32m    [Passed]:  [0m["rare"] expected to not equal ["common"]:  seed 4: forced roll produced common gu mist_step_gu
[32m    [Passed]:  [0mseed 5: forced roll must produce a gu
[32m    [Passed]:  [0m["rare"] expected to not equal ["common"]:  seed 5: forced roll produced common gu mist_step_gu
[32m    [Passed]:  [0mseed 6: forced roll must produce a gu
[32m    [Passed]:  [0m["rare"] expected to not equal ["common"]:  seed 6: forced roll produced common gu mist_step_gu
[32m    [Passed]:  [0mseed 7: forced roll must produce a gu
[32m    [Passed]:  [0m["epic"] expected to not equal ["common"]:  seed 7: forced roll produced common gu moonlight_gu
[32m    [Passed]:  [0mseed 8: forced roll must produce a gu
[32m    [Passed]:  [0m["rare"] expected to not equal ["common"]:  seed 8: forced roll produced common gu mist_step_gu
[32m    [Passed]:  [0mseed 9: forced roll must produce a gu
[32m    [Passed]:  [0m["rare"] expected to not equal ["common"]:  seed 9: forced roll produced common gu mist_step_gu
[32m    [Passed]:  [0mseed 10: forced roll must produce a gu
[32m    [Passed]:  [0m["epic"] expected to not equal ["common"]:  seed 10: forced roll produced common gu moonlight_gu
[32m    [Passed]:  [0mseed 11: forced roll must produce a gu
[32m    [Passed]:  [0m["rare"] expected to not equal ["common"]:  seed 11: forced roll produced common gu mist_step_gu
[32m    [Passed]:  [0mseed 12: forced roll must produce a gu
[32m    [Passed]:  [0m["rare"] expected to not equal ["common"]:  seed 12: forced roll produced common gu mist_step_gu
[32m    [Passed]:  [0mseed 13: forced roll must produce a gu
[32m    [Passed]:  [0m["rare"] expected to not equal ["common"]:  seed 13: forced roll produced common gu mist_step_gu
[32m    [Passed]:  [0mseed 14: forced roll must produce a gu
[32m    [Passed]:  [0m["rare"] expected to not equal ["common"]:  seed 14: forced roll produced common gu mist_step_gu
[32m    [Passed]:  [0mseed 15: forced roll must produce a gu
[32m    [Passed]:  [0m["rare"] expected to not equal ["common"]:  seed 15: forced roll produced common gu mist_step_gu
[32m    [Passed]:  [0mseed 16: forced roll must produce a gu
[32m    [Passed]:  [0m["rare"] expected to not equal ["common"]:  seed 16: forced roll produced common gu mist_step_gu
[32m    [Passed]:  [0mseed 17: forced roll must produce a gu
[32m    [Passed]:  [0m["rare"] expected to not equal ["common"]:  seed 17: forced roll produced common gu mist_step_gu
[32m    [Passed]:  [0mseed 18: forced roll must produce a gu
[32m    [Passed]:  [0m["rare"] expected to not equal ["common"]:  seed 18: forced roll produced common gu mist_step_gu
[32m    [Passed]:  [0mseed 19: forced roll must produce a gu
[32m    [Passed]:  [0m["rare"] expected to not equal ["common"]:  seed 19: forced roll produced common gu mist_step_gu
[32m    [Passed]:  [0mseed 20: forced roll must produce a gu
[32m    [Passed]:  [0m["rare"] expected to not equal ["common"]:  seed 20: forced roll produced common gu mist_step_gu
[32m    [Passed]:  [0mseed 21: forced roll must produce a gu
[32m    [Passed]:  [0m["rare"] expected to not equal ["common"]:  seed 21: forced roll produced common gu mist_step_gu
[32m    [Passed]:  [0mseed 22: forced roll must produce a gu
[32m    [Passed]:  [0m["rare"] expected to not equal ["common"]:  seed 22: forced roll produced common gu mist_step_gu
[32m    [Passed]:  [0mseed 23: forced roll must produce a gu
[32m    [Passed]:  [0m["rare"] expected to not equal ["common"]:  seed 23: forced roll produced common gu mist_step_gu
[32m    [Passed]:  [0mseed 24: forced roll must produce a gu
[32m    [Passed]:  [0m["rare"] expected to not equal ["common"]:  seed 24: forced roll produced common gu mist_step_gu
[32m    [Passed]:  [0mseed 25: forced roll must produce a gu
[32m    [Passed]:  [0m["epic"] expected to not equal ["common"]:  seed 25: forced roll produced common gu moonlight_gu
[32m    [Passed]:  [0mseed 26: forced roll must produce a gu
[32m    [Passed]:  [0m["rare"] expected to not equal ["common"]:  seed 26: forced roll produced common gu mist_step_gu
[32m    [Passed]:  [0mseed 27: forced roll must produce a gu
[32m    [Passed]:  [0m["rare"] expected to not equal ["common"]:  seed 27: forced roll produced common gu mist_step_gu
[32m    [Passed]:  [0mseed 28: forced roll must produce a gu
[32m    [Passed]:  [0m["rare"] expected to not equal ["common"]:  seed 28: forced roll produced common gu mist_step_gu
[32m    [Passed]:  [0mseed 29: forced roll must produce a gu
[32m    [Passed]:  [0m["rare"] expected to not equal ["common"]:  seed 29: forced roll produced common gu mist_step_gu
[32m    [Passed]:  [0mseed 30: forced roll must produce a gu
[32m    [Passed]:  [0m["epic"] expected to not equal ["common"]:  seed 30: forced roll produced common gu moonlight_gu
[32m    [Passed]:  [0mseed 31: forced roll must produce a gu
[32m    [Passed]:  [0m["rare"] expected to not equal ["common"]:  seed 31: forced roll produced common gu mist_step_gu
[32m    [Passed]:  [0mseed 32: forced roll must produce a gu
[32m    [Passed]:  [0m["rare"] expected to not equal ["common"]:  seed 32: forced roll produced common gu mist_step_gu
[32m    [Passed]:  [0mseed 33: forced roll must produce a gu
[32m    [Passed]:  [0m["epic"] expected to not equal ["common"]:  seed 33: forced roll produced common gu moonlight_gu
[32m    [Passed]:  [0mseed 34: forced roll must produce a gu
[32m    [Passed]:  [0m["rare"] expected to not equal ["common"]:  seed 34: forced roll produced common gu mist_step_gu
[32m    [Passed]:  [0mseed 35: forced roll must produce a gu
[32m    [Passed]:  [0m["rare"] expected to not equal ["common"]:  seed 35: forced roll produced common gu mist_step_gu
[32m    [Passed]:  [0mseed 36: forced roll must produce a gu
[32m    [Passed]:  [0m["rare"] expected to not equal ["common"]:  seed 36: forced roll produced common gu mist_step_gu
[32m    [Passed]:  [0mseed 37: forced roll must produce a gu
[32m    [Passed]:  [0m["rare"] expected to not equal ["common"]:  seed 37: forced roll produced common gu mist_step_gu
[32m    [Passed]:  [0mseed 38: forced roll must produce a gu
[32m    [Passed]:  [0m["rare"] expected to not equal ["common"]:  seed 38: forced roll produced common gu mist_step_gu
[32m    [Passed]:  [0mseed 39: forced roll must produce a gu
[32m    [Passed]:  [0m["rare"] expected to not equal ["common"]:  seed 39: forced roll produced common gu mist_step_gu
[32m    [Passed]:  [0mseed 40: forced roll must produce a gu
[32m    [Passed]:  [0m["rare"] expected to not equal ["common"]:  seed 40: forced roll produced common gu mist_step_gu
[32m    [Passed]:  [0mrenormalized weights must keep rare reachable
[32m    [Passed]:  [0mrenormalized weights must keep epic reachable
* test_counter_resets_to_zero_after_rare_or_better_drop
[32m    [Passed]:  [0m["rare"] expected to not equal ["common"]:  
[32m    [Passed]:  [0m[0] expected to equal [0]:  rare-or-better drop must clear the counter
[32m    [Passed]:  [0mpity state must force a gated drop within 30 elite fights for seed 424242
* test_gate_failure_does_not_advance_the_counter
[32m    [Passed]:  [0m[2] expected to equal [2]:  chance-gate failure must not touch the counter
[32m    [Passed]:  [0mseed 2026 must hit a gate failure within 30 elite fights
* test_gu_loot_event_payload_carries_new_pity
[32m    [Passed]:  [0m["loot_gu_gained"] expected to equal ["loot_gu_gained"]:  
[32m    [Passed]:  [0m[1] expected to equal [1]:  replays must reproduce pity from the event payload
[32m    [Passed]:  [0mseed 2026 must produce a gated gu drop within 40 elite fights
* test_loot_pity_survives_save_round_trip
[32m    [Passed]:  [0mseed 777 must raise the counter within 40 elite fights
[32m    [Passed]:  [0mround trip must load
[32m    [Passed]:  [0m[1] expected to equal [1]:  counter must persist through serialize/load
* test_same_seed_replays_identical_loot_and_pity_sequence
[32m    [Passed]:  [0m{ "sequence": [{ "gu_id": "", "materials...one"] }] } == { "sequence": [{ "gu_id": "", "materials...one"] }] }
[32m    [Passed]:  [0m{ "sequence": [{ "gu_id": "", "materials...sac"] }] } == { "sequence": [{ "gu_id": "", "materials...sac"] }] }
[1m7/7 passed.
[0m[4m

res://tests/unit/test_loot_tables.gd
[0m* test_real_loot_tables_pass_catalog_validation
[1m    [INFO]:  [0mArray/Dictionary compared by value.  Use assert_same to compare references.  Use assert_eq_deep to see diff when failing.
[32m    [Passed]:  [0mARRAY([]) == ARRAY([])  
* test_common_victory_always_grants_one_material
[32m    [Passed]:  [0m[1] expected to equal [1]:  
[32m    [Passed]:  [0m[""] expected to equal [""]:  
[32m    [Passed]:  [0m{ "material_ids": ["beast_bone"], "gu_id..._id": "" } == { "material_ids": ["beast_bone"], "gu_id..._id": "" }
* test_same_seed_same_position_yields_identical_loot
[32m    [Passed]:  [0m{ "material_ids": ["beast_bone"], "gu_id..._id": "" } == { "material_ids": ["beast_bone"], "gu_id..._id": "" }
* test_elite_loot_grants_material_and_may_be_gu
[32m    [Passed]:  [0m[1] expected to equal [1]:  
* test_boss_loot_grants_two_materials_no_gu
[32m    [Passed]:  [0m[2] expected to equal [2]:  
[32m    [Passed]:  [0m[""] expected to equal [""]:  
* test_loot_materials_are_added_to_state_and_logged
[32m    [Passed] [0m
[32m    [Passed]:  [0m[2] expected to equal [2]:  
* test_scavenge_requires_boss_defeated
[32m    [Passed] [0m
[32m    [Passed]:  [0m["boss_undefeated"] expected to equal ["boss_undefeated"]:  
* test_scavenge_unlocks_recipe_in_global_codex
[32m    [Passed] [0m
[32m    [Passed] [0m
[32m    [Passed]:  [0m["scavenge_recipe_unlocked"] expected to equal ["scavenge_recipe_unlocked"]:  
* test_scavenge_is_once_only
[32m    [Passed] [0m
[32m    [Passed] [0m
[32m    [Passed]:  [0m["scavenge_already_done"] expected to equal ["scavenge_already_done"]:  
* test_sell_material_pays_stone_and_consumes
[32m    [Passed] [0m
[32m    [Passed]:  [0m[16] expected to equal [16]:  
[32m    [Passed]:  [0m[0] expected to equal [0]:  
* test_sell_material_respects_notoriety_discount
[32m    [Passed]:  [0m[14] expected to equal [14]:  
* test_sell_material_rejects_empty
[32m    [Passed] [0m
* test_refinement_consumes_materials_and_respects_capacity
[32m    [Passed]:  [0m["gu_002"] expected to not equal ["gu_003"]:  
[32m    [Passed]:  [0m["refinement_capacity_exceeded"] expected to equal ["refinement_capacity_exceeded"]:  
[32m    [Passed] [0m
[32m    [Passed]:  [0m[0] expected to equal [0]:  
* test_refinement_missing_material_is_rejected
[32m    [Passed]:  [0m["gu_002"] expected to not equal ["gu_003"]:  
[32m    [Passed] [0m
[32m    [Passed]:  [0m["missing_refinement_material"] expected to equal ["missing_refinement_material"]:  
[1m14/14 passed.
[0m[4m

res://tests/unit/test_map_generator.gd
[0m* test_first_run_contains_required_anchor_nodes
[32m    [Passed]:  [0m[15] expected to equal [15]:  
[32m    [Passed] [0m
[32m    [Passed] [0m
[32m    [Passed] [0m
[32m    [Passed] [0m
[32m    [Passed]:  [0m["stage_one_ledger"] expected to equal ["stage_one_ledger"]:  
* test_same_seed_builds_same_non_first_route
[1m    [INFO]:  [0mArray/Dictionary compared by value.  Use assert_same to compare references.  Use assert_eq_deep to see diff when failing.
[32m    [Passed]:  [0mARRAY([{ "id": "neutral_wanderer", "stage": "one", "type": "contact", "enemy_kind": "neutr...ndow"] }]) == ARRAY([{ "id": "neutral_wanderer", "stage": "one", "type": "contact", "enemy_kind": "neutr...ndow"] }])  
[32m    [Passed] [0m
* test_generated_route_does_not_repeat_required_contest
[32m    [Passed]:  [0m[1] expected to equal [1]:  seed 1 repeats earth vein contest
[32m    [Passed]:  [0m[1] expected to equal [1]:  seed 2 repeats earth vein contest
[32m    [Passed]:  [0m[1] expected to equal [1]:  seed 3 repeats earth vein contest
[32m    [Passed]:  [0m[1] expected to equal [1]:  seed 4 repeats earth vein contest
[32m    [Passed]:  [0m[1] expected to equal [1]:  seed 5 repeats earth vein contest
[32m    [Passed]:  [0m[1] expected to equal [1]:  seed 6 repeats earth vein contest
[32m    [Passed]:  [0m[1] expected to equal [1]:  seed 7 repeats earth vein contest
[32m    [Passed]:  [0m[1] expected to equal [1]:  seed 8 repeats earth vein contest
[32m    [Passed]:  [0m[1] expected to equal [1]:  seed 9 repeats earth vein contest
[32m    [Passed]:  [0m[1] expected to equal [1]:  seed 10 repeats earth vein contest
[32m    [Passed]:  [0m[1] expected to equal [1]:  seed 11 repeats earth vein contest
[32m    [Passed]:  [0m[1] expected to equal [1]:  seed 12 repeats earth vein contest
[32m    [Passed]:  [0m[1] expected to equal [1]:  seed 13 repeats earth vein contest
[32m    [Passed]:  [0m[1] expected to equal [1]:  seed 14 repeats earth vein contest
[32m    [Passed]:  [0m[1] expected to equal [1]:  seed 15 repeats earth vein contest
[32m    [Passed]:  [0m[1] expected to equal [1]:  seed 16 repeats earth vein contest
[32m    [Passed]:  [0m[1] expected to equal [1]:  seed 17 repeats earth vein contest
[32m    [Passed]:  [0m[1] expected to equal [1]:  seed 18 repeats earth vein contest
[32m    [Passed]:  [0m[1] expected to equal [1]:  seed 19 repeats earth vein contest
[32m    [Passed]:  [0m[1] expected to equal [1]:  seed 20 repeats earth vein contest
[32m    [Passed]:  [0m[1] expected to equal [1]:  seed 21 repeats earth vein contest
[32m    [Passed]:  [0m[1] expected to equal [1]:  seed 22 repeats earth vein contest
[32m    [Passed]:  [0m[1] expected to equal [1]:  seed 23 repeats earth vein contest
[32m    [Passed]:  [0m[1] expected to equal [1]:  seed 24 repeats earth vein contest
[32m    [Passed]:  [0m[1] expected to equal [1]:  seed 25 repeats earth vein contest
[32m    [Passed]:  [0m[1] expected to equal [1]:  seed 26 repeats earth vein contest
[32m    [Passed]:  [0m[1] expected to equal [1]:  seed 27 repeats earth vein contest
[32m    [Passed]:  [0m[1] expected to equal [1]:  seed 28 repeats earth vein contest
[32m    [Passed]:  [0m[1] expected to equal [1]:  seed 29 repeats earth vein contest
[32m    [Passed]:  [0m[1] expected to equal [1]:  seed 30 repeats earth vein contest
[32m    [Passed]:  [0m[1] expected to equal [1]:  seed 31 repeats earth vein contest
[32m    [Passed]:  [0m[1] expected to equal [1]:  seed 32 repeats earth vein contest
[32m    [Passed]:  [0m[1] expected to equal [1]:  seed 33 repeats earth vein contest
[32m    [Passed]:  [0m[1] expected to equal [1]:  seed 34 repeats earth vein contest
[32m    [Passed]:  [0m[1] expected to equal [1]:  seed 35 repeats earth vein contest
[32m    [Passed]:  [0m[1] expected to equal [1]:  seed 36 repeats earth vein contest
[32m    [Passed]:  [0m[1] expected to equal [1]:  seed 37 repeats earth vein contest
[32m    [Passed]:  [0m[1] expected to equal [1]:  seed 38 repeats earth vein contest
[32m    [Passed]:  [0m[1] expected to equal [1]:  seed 39 repeats earth vein contest
* test_first_run_only_reveals_current_and_next_node
[32m    [Passed] [0m
[32m    [Passed] [0m
[32m    [Passed] [0m
[1m4/4 passed.
[0m[4m

res://tests/unit/test_map_network.gd
[0m* test_same_seed_builds_identical_network_including_next_ids
[32m    [Passed]:  [0m[{ "id": "neutral_wanderer", "stage": "o...indow"] }] == [{ "id": "neutral_wanderer", "stage": "o...indow"] }]
[32m    [Passed]:  [0m[{ "id": "neutral_wanderer", "stage": "o...indow"] }] == [{ "id": "neutral_wanderer", "stage": "o...indow"] }]
[32m    [Passed]:  [0m[{ "id": "neutral_wanderer", "stage": "o...indow"] }] == [{ "id": "neutral_wanderer", "stage": "o...indow"] }]
[32m    [Passed]:  [0m[{ "id": "neutral_wanderer", "stage": "o...indow"] }] == [{ "id": "neutral_wanderer", "stage": "o...indow"] }]
[32m    [Passed]:  [0m[{ "id": "neutral_wanderer", "stage": "o...indow"] }] == [{ "id": "neutral_wanderer", "stage": "o...indow"] }]
* test_every_generated_node_can_reach_ascension_window
[32m    [Passed]:  [0mseed 1 node neutral_wanderer must converge to ascension_window
[32m    [Passed]:  [0mseed 1 node ridge_caravan must converge to ascension_window
[32m    [Passed]:  [0mseed 1 node body_imprint_ritual must converge to ascension_window
[32m    [Passed]:  [0mseed 1 node village_short_work must converge to ascension_window
[32m    [Passed]:  [0mseed 1 node beast_swarm_pass must converge to ascension_window
[32m    [Passed]:  [0mseed 1 node ridge_black_market must converge to ascension_window
[32m    [Passed]:  [0mseed 1 node refinement_hollow must converge to ascension_window
[32m    [Passed]:  [0mseed 1 node moonlit_trail must converge to ascension_window
[32m    [Passed]:  [0mseed 1 node caravan_missing_goods must converge to ascension_window
[32m    [Passed]:  [0mseed 1 node greedy_wanderer must converge to ascension_window
[32m    [Passed]:  [0mseed 1 node black_mud_marsh must converge to ascension_window
[32m    [Passed]:  [0mseed 1 node herbalist_commission must converge to ascension_window
[32m    [Passed]:  [0mseed 1 node sealed_earth_vein must converge to ascension_window
[32m    [Passed]:  [0mseed 1 node faction_guard_checkpoint must converge to ascension_window
[32m    [Passed]:  [0mseed 1 node earth_vein_contest must converge to ascension_window
[32m    [Passed]:  [0mseed 1 node final_boss_stand must converge to ascension_window
[32m    [Passed]:  [0mseed 1 node poison_fog_vein must converge to ascension_window
[32m    [Passed]:  [0mseed 1 node ascension_window must converge to ascension_window
[32m    [Passed]:  [0mseed 2 node neutral_wanderer must converge to ascension_window
[32m    [Passed]:  [0mseed 2 node ridge_caravan must converge to ascension_window
[32m    [Passed]:  [0mseed 2 node rest_hollow must converge to ascension_window
[32m    [Passed]:  [0mseed 2 node cultivation_spring must converge to ascension_window
[32m    [Passed]:  [0mseed 2 node ridge_black_market must converge to ascension_window
[32m    [Passed]:  [0mseed 2 node refinement_hollow must converge to ascension_window
[32m    [Passed]:  [0mseed 2 node caravan_missing_goods must converge to ascension_window
[32m    [Passed]:  [0mseed 2 node greedy_wanderer must converge to ascension_window
[32m    [Passed]:  [0mseed 2 node black_mud_marsh must converge to ascension_window
[32m    [Passed]:  [0mseed 2 node sealed_earth_vein must converge to ascension_window
[32m    [Passed]:  [0mseed 2 node herbalist_commission must converge to ascension_window
[32m    [Passed]:  [0mseed 2 node mist_shrine must converge to ascension_window
[32m    [Passed]:  [0mseed 2 node earth_vein_contest must converge to ascension_window
[32m    [Passed]:  [0mseed 2 node final_boss_stand must converge to ascension_window
[32m    [Passed]:  [0mseed 2 node poison_fog_vein must converge to ascension_window
[32m    [Passed]:  [0mseed 2 node ascension_window must converge to ascension_window
[32m    [Passed]:  [0mseed 3 node neutral_wanderer must converge to ascension_window
[32m    [Passed]:  [0mseed 3 node ridge_caravan must converge to ascension_window
[32m    [Passed]:  [0mseed 3 node beast_swarm_pass must converge to ascension_window
[32m    [Passed]:  [0mseed 3 node ridge_market must converge to ascension_window
[32m    [Passed]:  [0mseed 3 node moonlit_trail must converge to ascension_window
[32m    [Passed]:  [0mseed 3 node ridge_black_market must converge to ascension_window
[32m    [Passed]:  [0mseed 3 node refinement_hollow must converge to ascension_window
[32m    [Passed]:  [0mseed 3 node caravan_missing_goods must converge to ascension_window
[32m    [Passed]:  [0mseed 3 node greedy_wanderer must converge to ascension_window
[32m    [Passed]:  [0mseed 3 node black_mud_marsh must converge to ascension_window
[32m    [Passed]:  [0mseed 3 node mist_shrine must converge to ascension_window
[32m    [Passed]:  [0mseed 3 node sealed_earth_vein must converge to ascension_window
[32m    [Passed]:  [0mseed 3 node faction_guard_checkpoint must converge to ascension_window
[32m    [Passed]:  [0mseed 3 node earth_vein_contest must converge to ascension_window
[32m    [Passed]:  [0mseed 3 node final_boss_stand must converge to ascension_window
[32m    [Passed]:  [0mseed 3 node poison_fog_vein must converge to ascension_window
[32m    [Passed]:  [0mseed 3 node ascension_window must converge to ascension_window
[32m    [Passed]:  [0mseed 4 node neutral_wanderer must converge to ascension_window
[32m    [Passed]:  [0mseed 4 node ridge_caravan must converge to ascension_window
[32m    [Passed]:  [0mseed 4 node ridge_market must converge to ascension_window
[32m    [Passed]:  [0mseed 4 node flooded_cave must converge to ascension_window
[32m    [Passed]:  [0mseed 4 node stage_one_ledger must converge to ascension_window
[32m    [Passed]:  [0mseed 4 node ridge_black_market must converge to ascension_window
[32m    [Passed]:  [0mseed 4 node refinement_hollow must converge to ascension_window
[32m    [Passed]:  [0mseed 4 node moonlit_trail must converge to ascension_window
[32m    [Passed]:  [0mseed 4 node caravan_missing_goods must converge to ascension_window
[32m    [Passed]:  [0mseed 4 node greedy_wanderer must converge to ascension_window
[32m    [Passed]:  [0mseed 4 node black_mud_marsh must converge to ascension_window
[32m    [Passed]:  [0mseed 4 node faction_guard_checkpoint must converge to ascension_window
[32m    [Passed]:  [0mseed 4 node herbalist_commission must converge to ascension_window
[32m    [Passed]:  [0mseed 4 node sealed_earth_vein must converge to ascension_window
[32m    [Passed]:  [0mseed 4 node earth_vein_contest must converge to ascension_window
[32m    [Passed]:  [0mseed 4 node poison_fog_vein must converge to ascension_window
[32m    [Passed]:  [0mseed 4 node final_boss_stand must converge to ascension_window
[32m    [Passed]:  [0mseed 4 node ascension_window must converge to ascension_window
[32m    [Passed]:  [0mseed 5 node neutral_wanderer must converge to ascension_window
[32m    [Passed]:  [0mseed 5 node ridge_caravan must converge to ascension_window
[32m    [Passed]:  [0mseed 5 node echo_cave must converge to ascension_window
[32m    [Passed]:  [0mseed 5 node refinement_hollow must converge to ascension_window
[32m    [Passed]:  [0mseed 5 node ridge_black_market must converge to ascension_window
[32m    [Passed]:  [0mseed 5 node caravan_missing_goods must converge to ascension_window
[32m    [Passed]:  [0mseed 5 node greedy_wanderer must converge to ascension_window
[32m    [Passed]:  [0mseed 5 node black_mud_marsh must converge to ascension_window
[32m    [Passed]:  [0mseed 5 node sealed_earth_vein must converge to ascension_window
[32m    [Passed]:  [0mseed 5 node mist_shrine must converge to ascension_window
[32m    [Passed]:  [0mseed 5 node herbalist_commission must converge to ascension_window
[32m    [Passed]:  [0mseed 5 node earth_vein_contest must converge to ascension_window
[32m    [Passed]:  [0mseed 5 node poison_fog_vein must converge to ascension_window
[32m    [Passed]:  [0mseed 5 node final_boss_stand must converge to ascension_window
[32m    [Passed]:  [0mseed 5 node ascension_window must converge to ascension_window
[32m    [Passed]:  [0mseed 6 node neutral_wanderer must converge to ascension_window
[32m    [Passed]:  [0mseed 6 node ridge_caravan must converge to ascension_window
[32m    [Passed]:  [0mseed 6 node ridge_black_market must converge to ascension_window
[32m    [Passed]:  [0mseed 6 node village_short_work must converge to ascension_window
[32m    [Passed]:  [0mseed 6 node body_imprint_ritual must converge to ascension_window
[32m    [Passed]:  [0mseed 6 node refinement_hollow must converge to ascension_window
[32m    [Passed]:  [0mseed 6 node moonlit_trail must converge to ascension_window
[32m    [Passed]:  [0mseed 6 node caravan_missing_goods must converge to ascension_window
[32m    [Passed]:  [0mseed 6 node greedy_wanderer must converge to ascension_window
[32m    [Passed]:  [0mseed 6 node black_mud_marsh must converge to ascension_window
[32m    [Passed]:  [0mseed 6 node herbalist_commission must converge to ascension_window
[32m    [Passed]:  [0mseed 6 node faction_guard_checkpoint must converge to ascension_window
[32m    [Passed]:  [0mseed 6 node sealed_earth_vein must converge to ascension_window
[32m    [Passed]:  [0mseed 6 node earth_vein_contest must converge to ascension_window
[32m    [Passed]:  [0mseed 6 node poison_fog_vein must converge to ascension_window
[32m    [Passed]:  [0mseed 6 node final_boss_stand must converge to ascension_window
[32m    [Passed]:  [0mseed 6 node ascension_window must converge to ascension_window
[32m    [Passed]:  [0mseed 7 node neutral_wanderer must converge to ascension_window
[32m    [Passed]:  [0mseed 7 node ridge_caravan must converge to ascension_window
[32m    [Passed]:  [0mseed 7 node village_short_work must converge to ascension_window
[32m    [Passed]:  [0mseed 7 node cultivation_spring must converge to ascension_window
[32m    [Passed]:  [0mseed 7 node ridge_market must converge to ascension_window
[32m    [Passed]:  [0mseed 7 node ridge_black_market must converge to ascension_window
[32m    [Passed]:  [0mseed 7 node refinement_hollow must converge to ascension_window
[32m    [Passed]:  [0mseed 7 node caravan_missing_goods must converge to ascension_window
[32m    [Passed]:  [0mseed 7 node greedy_wanderer must converge to ascension_window
[32m    [Passed]:  [0mseed 7 node black_mud_marsh must converge to ascension_window
[32m    [Passed]:  [0mseed 7 node faction_guard_checkpoint must converge to ascension_window
[32m    [Passed]:  [0mseed 7 node mist_shrine must converge to ascension_window
[32m    [Passed]:  [0mseed 7 node herbalist_commission must converge to ascension_window
[32m    [Passed]:  [0mseed 7 node earth_vein_contest must converge to ascension_window
[32m    [Passed]:  [0mseed 7 node poison_fog_vein must converge to ascension_window
[32m    [Passed]:  [0mseed 7 node final_boss_stand must converge to ascension_window
[32m    [Passed]:  [0mseed 7 node ascension_window must converge to ascension_window
[32m    [Passed]:  [0mseed 8 node neutral_wanderer must converge to ascension_window
[32m    [Passed]:  [0mseed 8 node ridge_caravan must converge to ascension_window
[32m    [Passed]:  [0mseed 8 node blood_moss_grove must converge to ascension_window
[32m    [Passed]:  [0mseed 8 node beast_swarm_pass must converge to ascension_window
[32m    [Passed]:  [0mseed 8 node village_short_work must converge to ascension_window
[32m    [Passed]:  [0mseed 8 node ridge_black_market must converge to ascension_window
[32m    [Passed]:  [0mseed 8 node refinement_hollow must converge to ascension_window
[32m    [Passed]:  [0mseed 8 node caravan_missing_goods must converge to ascension_window
[32m    [Passed]:  [0mseed 8 node greedy_wanderer must converge to ascension_window
[32m    [Passed]:  [0mseed 8 node black_mud_marsh must converge to ascension_window
[32m    [Passed]:  [0mseed 8 node mist_shrine must converge to ascension_window
[32m    [Passed]:  [0mseed 8 node faction_guard_checkpoint must converge to ascension_window
[32m    [Passed]:  [0mseed 8 node herbalist_commission must converge to ascension_window
[32m    [Passed]:  [0mseed 8 node earth_vein_contest must converge to ascension_window
[32m    [Passed]:  [0mseed 8 node final_boss_stand must converge to ascension_window
[32m    [Passed]:  [0mseed 8 node poison_fog_vein must converge to ascension_window
[32m    [Passed]:  [0mseed 8 node ascension_window must converge to ascension_window
[32m    [Passed]:  [0mseed 9 node neutral_wanderer must converge to ascension_window
[32m    [Passed]:  [0mseed 9 node ridge_caravan must converge to ascension_window
[32m    [Passed]:  [0mseed 9 node moonlit_trail must converge to ascension_window
[32m    [Passed]:  [0mseed 9 node flooded_cave must converge to ascension_window
[32m    [Passed]:  [0mseed 9 node toxic_mountain_path must converge to ascension_window
[32m    [Passed]:  [0mseed 9 node ridge_black_market must converge to ascension_window
[32m    [Passed]:  [0mseed 9 node refinement_hollow must converge to ascension_window
[32m    [Passed]:  [0mseed 9 node caravan_missing_goods must converge to ascension_window
[32m    [Passed]:  [0mseed 9 node greedy_wanderer must converge to ascension_window
[32m    [Passed]:  [0mseed 9 node black_mud_marsh must converge to ascension_window
[32m    [Passed]:  [0mseed 9 node herbalist_commission must converge to ascension_window
[32m    [Passed]:  [0mseed 9 node mist_shrine must converge to ascension_window
[32m    [Passed]:  [0mseed 9 node sealed_earth_vein must converge to ascension_window
[32m    [Passed]:  [0mseed 9 node earth_vein_contest must converge to ascension_window
[32m    [Passed]:  [0mseed 9 node final_boss_stand must converge to ascension_window
[32m    [Passed]:  [0mseed 9 node poison_fog_vein must converge to ascension_window
[32m    [Passed]:  [0mseed 9 node ascension_window must converge to ascension_window
[32m    [Passed]:  [0mseed 10 node neutral_wanderer must converge to ascension_window
[32m    [Passed]:  [0mseed 10 node ridge_caravan must converge to ascension_window
[32m    [Passed]:  [0mseed 10 node flooded_cave must converge to ascension_window
[32m    [Passed]:  [0mseed 10 node cultivation_spring must converge to ascension_window
[32m    [Passed]:  [0mseed 10 node ridge_black_market must converge to ascension_window
[32m    [Passed]:  [0mseed 10 node refinement_hollow must converge to ascension_window
[32m    [Passed]:  [0mseed 10 node greedy_wanderer must converge to ascension_window
[32m    [Passed]:  [0mseed 10 node caravan_missing_goods must converge to ascension_window
[32m    [Passed]:  [0mseed 10 node black_mud_marsh must converge to ascension_window
[32m    [Passed]:  [0mseed 10 node sealed_earth_vein must converge to ascension_window
[32m    [Passed]:  [0mseed 10 node faction_guard_checkpoint must converge to ascension_window
[32m    [Passed]:  [0mseed 10 node mist_shrine must converge to ascension_window
[32m    [Passed]:  [0mseed 10 node earth_vein_contest must converge to ascension_window
[32m    [Passed]:  [0mseed 10 node final_boss_stand must converge to ascension_window
[32m    [Passed]:  [0mseed 10 node poison_fog_vein must converge to ascension_window
[32m    [Passed]:  [0mseed 10 node ascension_window must converge to ascension_window
[32m    [Passed]:  [0mseed 11 node neutral_wanderer must converge to ascension_window
[32m    [Passed]:  [0mseed 11 node ridge_caravan must converge to ascension_window
[32m    [Passed]:  [0mseed 11 node toxic_mountain_path must converge to ascension_window
[32m    [Passed]:  [0mseed 11 node ridge_black_market must converge to ascension_window
[32m    [Passed]:  [0mseed 11 node refinement_hollow must converge to ascension_window
[32m    [Passed]:  [0mseed 11 node greedy_wanderer must converge to ascension_window
[32m    [Passed]:  [0mseed 11 node caravan_missing_goods must converge to ascension_window
[32m    [Passed]:  [0mseed 11 node black_mud_marsh must converge to ascension_window
[32m    [Passed]:  [0mseed 11 node mist_shrine must converge to ascension_window
[32m    [Passed]:  [0mseed 11 node herbalist_commission must converge to ascension_window
[32m    [Passed]:  [0mseed 11 node sealed_earth_vein must converge to ascension_window
[32m    [Passed]:  [0mseed 11 node earth_vein_contest must converge to ascension_window
[32m    [Passed]:  [0mseed 11 node final_boss_stand must converge to ascension_window
[32m    [Passed]:  [0mseed 11 node poison_fog_vein must converge to ascension_window
[32m    [Passed]:  [0mseed 11 node ascension_window must converge to ascension_window
[32m    [Passed]:  [0mseed 12 node neutral_wanderer must converge to ascension_window
[32m    [Passed]:  [0mseed 12 node ridge_caravan must converge to ascension_window
[32m    [Passed]:  [0mseed 12 node stage_one_ledger must converge to ascension_window
[32m    [Passed]:  [0mseed 12 node ridge_market must converge to ascension_window
[32m    [Passed]:  [0mseed 12 node beast_swarm_pass must converge to ascension_window
[32m    [Passed]:  [0mseed 12 node ridge_black_market must converge to ascension_window
[32m    [Passed]:  [0mseed 12 node refinement_hollow must converge to ascension_window
[32m    [Passed]:  [0mseed 12 node moonlit_trail must converge to ascension_window
[32m    [Passed]:  [0mseed 12 node greedy_wanderer must converge to ascension_window
[32m    [Passed]:  [0mseed 12 node caravan_missing_goods must converge to ascension_window
[32m    [Passed]:  [0mseed 12 node black_mud_marsh must converge to ascension_window
[32m    [Passed]:  [0mseed 12 node faction_guard_checkpoint must converge to ascension_window
[32m    [Passed]:  [0mseed 12 node sealed_earth_vein must converge to ascension_window
[32m    [Passed]:  [0mseed 12 node herbalist_commission must converge to ascension_window
[32m    [Passed]:  [0mseed 12 node earth_vein_contest must converge to ascension_window
[32m    [Passed]:  [0mseed 12 node poison_fog_vein must converge to ascension_window
[32m    [Passed]:  [0mseed 12 node final_boss_stand must converge to ascension_window
[32m    [Passed]:  [0mseed 12 node ascension_window must converge to ascension_window
[32m    [Passed]:  [0mseed 13 node neutral_wanderer must converge to ascension_window
[32m    [Passed]:  [0mseed 13 node ridge_caravan must converge to ascension_window
[32m    [Passed]:  [0mseed 13 node cultivation_spring must converge to ascension_window
[32m    [Passed]:  [0mseed 13 node flooded_cave must converge to ascension_window
[32m    [Passed]:  [0mseed 13 node echo_cave must converge to ascension_window
[32m    [Passed]:  [0mseed 13 node ridge_black_market must converge to ascension_window
[32m    [Passed]:  [0mseed 13 node refinement_hollow must converge to ascension_window
[32m    [Passed]:  [0mseed 13 node greedy_wanderer must converge to ascension_window
[32m    [Passed]:  [0mseed 13 node caravan_missing_goods must converge to ascension_window
[32m    [Passed]:  [0mseed 13 node black_mud_marsh must converge to ascension_window
[32m    [Passed]:  [0mseed 13 node sealed_earth_vein must converge to ascension_window
[32m    [Passed]:  [0mseed 13 node mist_shrine must converge to ascension_window
[32m    [Passed]:  [0mseed 13 node herbalist_commission must converge to ascension_window
[32m    [Passed]:  [0mseed 13 node earth_vein_contest must converge to ascension_window
[32m    [Passed]:  [0mseed 13 node poison_fog_vein must converge to ascension_window
[32m    [Passed]:  [0mseed 13 node final_boss_stand must converge to ascension_window
[32m    [Passed]:  [0mseed 13 node ascension_window must converge to ascension_window
[32m    [Passed]:  [0mseed 14 node neutral_wanderer must converge to ascension_window
[32m    [Passed]:  [0mseed 14 node ridge_caravan must converge to ascension_window
[32m    [Passed]:  [0mseed 14 node refinement_hollow must converge to ascension_window
[32m    [Passed]:  [0mseed 14 node body_imprint_ritual must converge to ascension_window
[32m    [Passed]:  [0mseed 14 node moonlit_trail must converge to ascension_window
[32m    [Passed]:  [0mseed 14 node ridge_black_market must converge to ascension_window
[32m    [Passed]:  [0mseed 14 node greedy_wanderer must converge to ascension_window
[32m    [Passed]:  [0mseed 14 node caravan_missing_goods must converge to ascension_window
[32m    [Passed]:  [0mseed 14 node black_mud_marsh must converge to ascension_window
[32m    [Passed]:  [0mseed 14 node herbalist_commission must converge to ascension_window
[32m    [Passed]:  [0mseed 14 node sealed_earth_vein must converge to ascension_window
[32m    [Passed]:  [0mseed 14 node faction_guard_checkpoint must converge to ascension_window
[32m    [Passed]:  [0mseed 14 node earth_vein_contest must converge to ascension_window
[32m    [Passed]:  [0mseed 14 node poison_fog_vein must converge to ascension_window
[32m    [Passed]:  [0mseed 14 node final_boss_stand must converge to ascension_window
[32m    [Passed]:  [0mseed 14 node ascension_window must converge to ascension_window
[32m    [Passed]:  [0mseed 15 node ridge_caravan must converge to ascension_window
[32m    [Passed]:  [0mseed 15 node neutral_wanderer must converge to ascension_window
[32m    [Passed]:  [0mseed 15 node village_short_work must converge to ascension_window
[32m    [Passed]:  [0mseed 15 node stage_one_ledger must converge to ascension_window
[32m    [Passed]:  [0mseed 15 node ridge_black_market must converge to ascension_window
[32m    [Passed]:  [0mseed 15 node refinement_hollow must converge to ascension_window
[32m    [Passed]:  [0mseed 15 node greedy_wanderer must converge to ascension_window
[32m    [Passed]:  [0mseed 15 node caravan_missing_goods must converge to ascension_window
[32m    [Passed]:  [0mseed 15 node black_mud_marsh must converge to ascension_window
[32m    [Passed]:  [0mseed 15 node faction_guard_checkpoint must converge to ascension_window
[32m    [Passed]:  [0mseed 15 node herbalist_commission must converge to ascension_window
[32m    [Passed]:  [0mseed 15 node mist_shrine must converge to ascension_window
[32m    [Passed]:  [0mseed 15 node earth_vein_contest must converge to ascension_window
[32m    [Passed]:  [0mseed 15 node poison_fog_vein must converge to ascension_window
[32m    [Passed]:  [0mseed 15 node final_boss_stand must converge to ascension_window
[32m    [Passed]:  [0mseed 15 node ascension_window must converge to ascension_window
[32m    [Passed]:  [0mseed 16 node neutral_wanderer must converge to ascension_window
[32m    [Passed]:  [0mseed 16 node ridge_caravan must converge to ascension_window
[32m    [Passed]:  [0mseed 16 node cultivation_spring must converge to ascension_window
[32m    [Passed]:  [0mseed 16 node refinement_hollow must converge to ascension_window
[32m    [Passed]:  [0mseed 16 node ridge_black_market must converge to ascension_window
[32m    [Passed]:  [0mseed 16 node greedy_wanderer must converge to ascension_window
[32m    [Passed]:  [0mseed 16 node caravan_missing_goods must converge to ascension_window
[32m    [Passed]:  [0mseed 16 node black_mud_marsh must converge to ascension_window
[32m    [Passed]:  [0mseed 16 node mist_shrine must converge to ascension_window
[32m    [Passed]:  [0mseed 16 node sealed_earth_vein must converge to ascension_window
[32m    [Passed]:  [0mseed 16 node herbalist_commission must converge to ascension_window
[32m    [Passed]:  [0mseed 16 node earth_vein_contest must converge to ascension_window
[32m    [Passed]:  [0mseed 16 node final_boss_stand must converge to ascension_window
[32m    [Passed]:  [0mseed 16 node poison_fog_vein must converge to ascension_window
[32m    [Passed]:  [0mseed 16 node ascension_window must converge to ascension_window
[32m    [Passed]:  [0mseed 17 node neutral_wanderer must converge to ascension_window
[32m    [Passed]:  [0mseed 17 node ridge_caravan must converge to ascension_window
[32m    [Passed]:  [0mseed 17 node body_imprint_ritual must converge to ascension_window
[32m    [Passed]:  [0mseed 17 node echo_cave must converge to ascension_window
[32m    [Passed]:  [0mseed 17 node beast_swarm_pass must converge to ascension_window
[32m    [Passed]:  [0mseed 17 node ridge_black_market must converge to ascension_window
[32m    [Passed]:  [0mseed 17 node refinement_hollow must converge to ascension_window
[32m    [Passed]:  [0mseed 17 node moonlit_trail must converge to ascension_window
[32m    [Passed]:  [0mseed 17 node greedy_wanderer must converge to ascension_window
[32m    [Passed]:  [0mseed 17 node caravan_missing_goods must converge to ascension_window
[32m    [Passed]:  [0mseed 17 node black_mud_marsh must converge to ascension_window
[32m    [Passed]:  [0mseed 17 node herbalist_commission must converge to ascension_window
[32m    [Passed]:  [0mseed 17 node faction_guard_checkpoint must converge to ascension_window
[32m    [Passed]:  [0mseed 17 node sealed_earth_vein must converge to ascension_window
[32m    [Passed]:  [0mseed 17 node earth_vein_contest must converge to ascension_window
[32m    [Passed]:  [0mseed 17 node final_boss_stand must converge to ascension_window
[32m    [Passed]:  [0mseed 17 node poison_fog_vein must converge to ascension_window
[32m    [Passed]:  [0mseed 17 node ascension_window must converge to ascension_window
[32m    [Passed]:  [0mseed 18 node neutral_wanderer must converge to ascension_window
[32m    [Passed]:  [0mseed 18 node ridge_caravan must converge to ascension_window
[32m    [Passed]:  [0mseed 18 node rest_hollow must converge to ascension_window
[32m    [Passed]:  [0mseed 18 node toxic_mountain_path must converge to ascension_window
[32m    [Passed]:  [0mseed 18 node echo_cave must converge to ascension_window
[32m    [Passed]:  [0mseed 18 node ridge_black_market must converge to ascension_window
[32m    [Passed]:  [0mseed 18 node refinement_hollow must converge to ascension_window
[32m    [Passed]:  [0mseed 18 node greedy_wanderer must converge to ascension_window
[32m    [Passed]:  [0mseed 18 node caravan_missing_goods must converge to ascension_window
[32m    [Passed]:  [0mseed 18 node black_mud_marsh must converge to ascension_window
[32m    [Passed]:  [0mseed 18 node sealed_earth_vein must converge to ascension_window
[32m    [Passed]:  [0mseed 18 node faction_guard_checkpoint must converge to ascension_window
[32m    [Passed]:  [0mseed 18 node mist_shrine must converge to ascension_window
[32m    [Passed]:  [0mseed 18 node earth_vein_contest must converge to ascension_window
[32m    [Passed]:  [0mseed 18 node final_boss_stand must converge to ascension_window
[32m    [Passed]:  [0mseed 18 node poison_fog_vein must converge to ascension_window
[32m    [Passed]:  [0mseed 18 node ascension_window must converge to ascension_window
[32m    [Passed]:  [0mseed 19 node neutral_wanderer must converge to ascension_window
[32m    [Passed]:  [0mseed 19 node ridge_caravan must converge to ascension_window
[32m    [Passed]:  [0mseed 19 node beast_swarm_pass must converge to ascension_window
[32m    [Passed]:  [0mseed 19 node body_imprint_ritual must converge to ascension_window
[32m    [Passed]:  [0mseed 19 node moonlit_trail must converge to ascension_window
[32m    [Passed]:  [0mseed 19 node ridge_black_market must converge to ascension_window
[32m    [Passed]:  [0mseed 19 node refinement_hollow must converge to ascension_window
[32m    [Passed]:  [0mseed 19 node black_mud_marsh must converge to ascension_window
[32m    [Passed]:  [0mseed 19 node greedy_wanderer must converge to ascension_window
[32m    [Passed]:  [0mseed 19 node caravan_missing_goods must converge to ascension_window
[32m    [Passed]:  [0mseed 19 node mist_shrine must converge to ascension_window
[32m    [Passed]:  [0mseed 19 node faction_guard_checkpoint must converge to ascension_window
[32m    [Passed]:  [0mseed 19 node sealed_earth_vein must converge to ascension_window
[32m    [Passed]:  [0mseed 19 node earth_vein_contest must converge to ascension_window
[32m    [Passed]:  [0mseed 19 node final_boss_stand must converge to ascension_window
[32m    [Passed]:  [0mseed 19 node poison_fog_vein must converge to ascension_window
[32m    [Passed]:  [0mseed 19 node ascension_window must converge to ascension_window
[32m    [Passed]:  [0mseed 20 node neutral_wanderer must converge to ascension_window
[32m    [Passed]:  [0mseed 20 node ridge_caravan must converge to ascension_window
[32m    [Passed]:  [0mseed 20 node ridge_market must converge to ascension_window
[32m    [Passed]:  [0mseed 20 node blood_moss_grove must converge to ascension_window
[32m    [Passed]:  [0mseed 20 node stage_one_ledger must converge to ascension_window
[32m    [Passed]:  [0mseed 20 node ridge_black_market must converge to ascension_window
[32m    [Passed]:  [0mseed 20 node refinement_hollow must converge to ascension_window
[32m    [Passed]:  [0mseed 20 node black_mud_marsh must converge to ascension_window
[32m    [Passed]:  [0mseed 20 node greedy_wanderer must converge to ascension_window
[32m    [Passed]:  [0mseed 20 node caravan_missing_goods must converge to ascension_window
[32m    [Passed]:  [0mseed 20 node faction_guard_checkpoint must converge to ascension_window
[32m    [Passed]:  [0mseed 20 node mist_shrine must converge to ascension_window
[32m    [Passed]:  [0mseed 20 node sealed_earth_vein must converge to ascension_window
[32m    [Passed]:  [0mseed 20 node earth_vein_contest must converge to ascension_window
[32m    [Passed]:  [0mseed 20 node poison_fog_vein must converge to ascension_window
[32m    [Passed]:  [0mseed 20 node final_boss_stand must converge to ascension_window
[32m    [Passed]:  [0mseed 20 node ascension_window must converge to ascension_window
* test_every_non_start_node_has_at_least_one_incoming_edge
[32m    [Passed]:  [0m[1] expected to be > than [0]:  seed 1 node body_imprint_ritual must have multiple entries
[32m    [Passed]:  [0m[1] expected to be > than [0]:  seed 1 node village_short_work must have multiple entries
[32m    [Passed]:  [0m[1] expected to be > than [0]:  seed 1 node beast_swarm_pass must have multiple entries
[32m    [Passed]:  [0m[1] expected to be > than [0]:  seed 1 node ridge_black_market must have multiple entries
[32m    [Passed]:  [0m[1] expected to be > than [0]:  seed 1 node refinement_hollow must have multiple entries
[32m    [Passed]:  [0m[1] expected to be > than [0]:  seed 1 node moonlit_trail must have multiple entries
[32m    [Passed]:  [0m[5] expected to be > than [0]:  seed 1 node caravan_missing_goods must have multiple entries
[32m    [Passed]:  [0m[5] expected to be > than [0]:  seed 1 node greedy_wanderer must have multiple entries
[32m    [Passed]:  [0m[6] expected to be > than [0]:  seed 1 node black_mud_marsh must have multiple entries
[32m    [Passed]:  [0m[3] expected to be > than [0]:  seed 1 node herbalist_commission must have multiple entries
[32m    [Passed]:  [0m[1] expected to be > than [0]:  seed 1 node sealed_earth_vein must have multiple entries
[32m    [Passed]:  [0m[3] expected to be > than [0]:  seed 1 node faction_guard_checkpoint must have multiple entries
[32m    [Passed]:  [0m[5] expected to be > than [0]:  seed 1 node earth_vein_contest must have multiple entries
[32m    [Passed]:  [0m[2] expected to be > than [0]:  seed 1 node final_boss_stand must have multiple entries
[32m    [Passed]:  [0m[4] expected to be > than [0]:  seed 1 node poison_fog_vein must have multiple entries
[32m    [Passed]:  [0m[1] expected to be > than [0]:  seed 2 node rest_hollow must have multiple entries
[32m    [Passed]:  [0m[1] expected to be > than [0]:  seed 2 node cultivation_spring must have multiple entries
[32m    [Passed]:  [0m[1] expected to be > than [0]:  seed 2 node ridge_black_market must have multiple entries
[32m    [Passed]:  [0m[1] expected to be > than [0]:  seed 2 node refinement_hollow must have multiple entries
[32m    [Passed]:  [0m[2] expected to be > than [0]:  seed 2 node caravan_missing_goods must have multiple entries
[32m    [Passed]:  [0m[5] expected to be > than [0]:  seed 2 node greedy_wanderer must have multiple entries
[32m    [Passed]:  [0m[5] expected to be > than [0]:  seed 2 node black_mud_marsh must have multiple entries
[32m    [Passed]:  [0m[1] expected to be > than [0]:  seed 2 node sealed_earth_vein must have multiple entries
[32m    [Passed]:  [0m[2] expected to be > than [0]:  seed 2 node herbalist_commission must have multiple entries
[32m    [Passed]:  [0m[1] expected to be > than [0]:  seed 2 node mist_shrine must have multiple entries
[32m    [Passed]:  [0m[3] expected to be > than [0]:  seed 2 node earth_vein_contest must have multiple entries
[32m    [Passed]:  [0m[3] expected to be > than [0]:  seed 2 node final_boss_stand must have multiple entries
[32m    [Passed]:  [0m[2] expected to be > than [0]:  seed 2 node poison_fog_vein must have multiple entries
[32m    [Passed]:  [0m[1] expected to be > than [0]:  seed 3 node beast_swarm_pass must have multiple entries
[32m    [Passed]:  [0m[1] expected to be > than [0]:  seed 3 node ridge_market must have multiple entries
[32m    [Passed]:  [0m[1] expected to be > than [0]:  seed 3 node moonlit_trail must have multiple entries
[32m    [Passed]:  [0m[1] expected to be > than [0]:  seed 3 node ridge_black_market must have multiple entries
[32m    [Passed]:  [0m[1] expected to be > than [0]:  seed 3 node refinement_hollow must have multiple entries
[32m    [Passed]:  [0m[3] expected to be > than [0]:  seed 3 node caravan_missing_goods must have multiple entries
[32m    [Passed]:  [0m[4] expected to be > than [0]:  seed 3 node greedy_wanderer must have multiple entries
[32m    [Passed]:  [0m[7] expected to be > than [0]:  seed 3 node black_mud_marsh must have multiple entries
[32m    [Passed]:  [0m[1] expected to be > than [0]:  seed 3 node mist_shrine must have multiple entries
[32m    [Passed]:  [0m[4] expected to be > than [0]:  seed 3 node sealed_earth_vein must have multiple entries
[32m    [Passed]:  [0m[3] expected to be > than [0]:  seed 3 node faction_guard_checkpoint must have multiple entries
[32m    [Passed]:  [0m[2] expected to be > than [0]:  seed 3 node earth_vein_contest must have multiple entries
[32m    [Passed]:  [0m[3] expected to be > than [0]:  seed 3 node final_boss_stand must have multiple entries
[32m    [Passed]:  [0m[2] expected to be > than [0]:  seed 3 node poison_fog_vein must have multiple entries
[32m    [Passed]:  [0m[1] expected to be > than [0]:  seed 4 node ridge_market must have multiple entries
[32m    [Passed]:  [0m[1] expected to be > than [0]:  seed 4 node flooded_cave must have multiple entries
[32m    [Passed]:  [0m[1] expected to be > than [0]:  seed 4 node stage_one_ledger must have multiple entries
[32m    [Passed]:  [0m[1] expected to be > than [0]:  seed 4 node ridge_black_market must have multiple entries
[32m    [Passed]:  [0m[1] expected to be > than [0]:  seed 4 node refinement_hollow must have multiple entries
[32m    [Passed]:  [0m[1] expected to be > than [0]:  seed 4 node moonlit_trail must have multiple entries
[32m    [Passed]:  [0m[5] expected to be > than [0]:  seed 4 node caravan_missing_goods must have multiple entries
[32m    [Passed]:  [0m[6] expected to be > than [0]:  seed 4 node greedy_wanderer must have multiple entries
[32m    [Passed]:  [0m[5] expected to be > than [0]:  seed 4 node black_mud_marsh must have multiple entries
[32m    [Passed]:  [0m[1] expected to be > than [0]:  seed 4 node faction_guard_checkpoint must have multiple entries
[32m    [Passed]:  [0m[1] expected to be > than [0]:  seed 4 node herbalist_commission must have multiple entries
[32m    [Passed]:  [0m[5] expected to be > than [0]:  seed 4 node sealed_earth_vein must have multiple entries
[32m    [Passed]:  [0m[1] expected to be > than [0]:  seed 4 node earth_vein_contest must have multiple entries
[32m    [Passed]:  [0m[2] expected to be > than [0]:  seed 4 node poison_fog_vein must have multiple entries
[32m    [Passed]:  [0m[5] expected to be > than [0]:  seed 4 node final_boss_stand must have multiple entries
[32m    [Passed]:  [0m[1] expected to be > than [0]:  seed 5 node echo_cave must have multiple entries
[32m    [Passed]:  [0m[1] expected to be > than [0]:  seed 5 node refinement_hollow must have multiple entries
[32m    [Passed]:  [0m[1] expected to be > than [0]:  seed 5 node ridge_black_market must have multiple entries
[32m    [Passed]:  [0m[6] expected to be > than [0]:  seed 5 node caravan_missing_goods must have multiple entries
[32m    [Passed]:  [0m[4] expected to be > than [0]:  seed 5 node greedy_wanderer must have multiple entries
[32m    [Passed]:  [0m[1] expected to be > than [0]:  seed 5 node black_mud_marsh must have multiple entries
[32m    [Passed]:  [0m[1] expected to be > than [0]:  seed 5 node sealed_earth_vein must have multiple entries
[32m    [Passed]:  [0m[4] expected to be > than [0]:  seed 5 node mist_shrine must have multiple entries
[32m    [Passed]:  [0m[1] expected to be > than [0]:  seed 5 node herbalist_commission must have multiple entries
[32m    [Passed]:  [0m[1] expected to be > than [0]:  seed 5 node earth_vein_contest must have multiple entries
[32m    [Passed]:  [0m[3] expected to be > than [0]:  seed 5 node poison_fog_vein must have multiple entries
[32m    [Passed]:  [0m[3] expected to be > than [0]:  seed 5 node final_boss_stand must have multiple entries
[32m    [Passed]:  [0m[1] expected to be > than [0]:  seed 6 node ridge_black_market must have multiple entries
[32m    [Passed]:  [0m[1] expected to be > than [0]:  seed 6 node village_short_work must have multiple entries
[32m    [Passed]:  [0m[1] expected to be > than [0]:  seed 6 node body_imprint_ritual must have multiple entries
[32m    [Passed]:  [0m[1] expected to be > than [0]:  seed 6 node refinement_hollow must have multiple entries
[32m    [Passed]:  [0m[1] expected to be > than [0]:  seed 6 node moonlit_trail must have multiple entries
[32m    [Passed]:  [0m[4] expected to be > than [0]:  seed 6 node caravan_missing_goods must have multiple entries
[32m    [Passed]:  [0m[7] expected to be > than [0]:  seed 6 node greedy_wanderer must have multiple entries
[32m    [Passed]:  [0m[3] expected to be > than [0]:  seed 6 node black_mud_marsh must have multiple entries
[32m    [Passed]:  [0m[1] expected to be > than [0]:  seed 6 node herbalist_commission must have multiple entries
[32m    [Passed]:  [0m[4] expected to be > than [0]:  seed 6 node faction_guard_checkpoint must have multiple entries
[32m    [Passed]:  [0m[2] expected to be > than [0]:  seed 6 node sealed_earth_vein must have multiple entries
[32m    [Passed]:  [0m[2] expected to be > than [0]:  seed 6 node earth_vein_contest must have multiple entries
[32m    [Passed]:  [0m[3] expected to be > than [0]:  seed 6 node poison_fog_vein must have multiple entries
[32m    [Passed]:  [0m[5] expected to be > than [0]:  seed 6 node final_boss_stand must have multiple entries
[32m    [Passed]:  [0m[1] expected to be > than [0]:  seed 7 node village_short_work must have multiple entries
[32m    [Passed]:  [0m[1] expected to be > than [0]:  seed 7 node cultivation_spring must have multiple entries
[32m    [Passed]:  [0m[1] expected to be > than [0]:  seed 7 node ridge_market must have multiple entries
[32m    [Passed]:  [0m[1] expected to be > than [0]:  seed 7 node ridge_black_market must have multiple entries
[32m    [Passed]:  [0m[1] expected to be > than [0]:  seed 7 node refinement_hollow must have multiple entries
[32m    [Passed]:  [0m[4] expected to be > than [0]:  seed 7 node caravan_missing_goods must have multiple entries
[32m    [Passed]:  [0m[2] expected to be > than [0]:  seed 7 node greedy_wanderer must have multiple entries
[32m    [Passed]:  [0m[8] expected to be > than [0]:  seed 7 node black_mud_marsh must have multiple entries
[32m    [Passed]:  [0m[1] expected to be > than [0]:  seed 7 node faction_guard_checkpoint must have multiple entries
[32m    [Passed]:  [0m[1] expected to be > than [0]:  seed 7 node mist_shrine must have multiple entries
[32m    [Passed]:  [0m[4] expected to be > than [0]:  seed 7 node herbalist_commission must have multiple entries
[32m    [Passed]:  [0m[2] expected to be > than [0]:  seed 7 node earth_vein_contest must have multiple entries
[32m    [Passed]:  [0m[3] expected to be > than [0]:  seed 7 node poison_fog_vein must have multiple entries
[32m    [Passed]:  [0m[2] expected to be > than [0]:  seed 7 node final_boss_stand must have multiple entries
[32m    [Passed]:  [0m[1] expected to be > than [0]:  seed 8 node blood_moss_grove must have multiple entries
[32m    [Passed]:  [0m[1] expected to be > than [0]:  seed 8 node beast_swarm_pass must have multiple entries
[32m    [Passed]:  [0m[1] expected to be > than [0]:  seed 8 node village_short_work must have multiple entries
[32m    [Passed]:  [0m[1] expected to be > than [0]:  seed 8 node ridge_black_market must have multiple entries
[32m    [Passed]:  [0m[1] expected to be > than [0]:  seed 8 node refinement_hollow must have multiple entries
[32m    [Passed]:  [0m[2] expected to be > than [0]:  seed 8 node caravan_missing_goods must have multiple entries
[32m    [Passed]:  [0m[6] expected to be > than [0]:  seed 8 node greedy_wanderer must have multiple entries
[32m    [Passed]:  [0m[6] expected to be > than [0]:  seed 8 node black_mud_marsh must have multiple entries
[32m    [Passed]:  [0m[5] expected to be > than [0]:  seed 8 node mist_shrine must have multiple entries
[32m    [Passed]:  [0m[2] expected to be > than [0]:  seed 8 node faction_guard_checkpoint must have multiple entries
[32m    [Passed]:  [0m[2] expected to be > than [0]:  seed 8 node herbalist_commission must have multiple entries
[32m    [Passed]:  [0m[1] expected to be > than [0]:  seed 8 node earth_vein_contest must have multiple entries
[32m    [Passed]:  [0m[5] expected to be > than [0]:  seed 8 node final_boss_stand must have multiple entries
[32m    [Passed]:  [0m[1] expected to be > than [0]:  seed 8 node poison_fog_vein must have multiple entries
[32m    [Passed]:  [0m[1] expected to be > than [0]:  seed 9 node moonlit_trail must have multiple entries
[32m    [Passed]:  [0m[1] expected to be > than [0]:  seed 9 node flooded_cave must have multiple entries
[32m    [Passed]:  [0m[1] expected to be > than [0]:  seed 9 node toxic_mountain_path must have multiple entries
[32m    [Passed]:  [0m[1] expected to be > than [0]:  seed 9 node ridge_black_market must have multiple entries
[32m    [Passed]:  [0m[1] expected to be > than [0]:  seed 9 node refinement_hollow must have multiple entries
[32m    [Passed]:  [0m[2] expected to be > than [0]:  seed 9 node caravan_missing_goods must have multiple entries
[32m    [Passed]:  [0m[7] expected to be > than [0]:  seed 9 node greedy_wanderer must have multiple entries
[32m    [Passed]:  [0m[5] expected to be > than [0]:  seed 9 node black_mud_marsh must have multiple entries
[32m    [Passed]:  [0m[2] expected to be > than [0]:  seed 9 node herbalist_commission must have multiple entries
[32m    [Passed]:  [0m[3] expected to be > than [0]:  seed 9 node mist_shrine must have multiple entries
[32m    [Passed]:  [0m[1] expected to be > than [0]:  seed 9 node sealed_earth_vein must have multiple entries
[32m    [Passed]:  [0m[3] expected to be > than [0]:  seed 9 node earth_vein_contest must have multiple entries
[32m    [Passed]:  [0m[2] expected to be > than [0]:  seed 9 node final_boss_stand must have multiple entries
[32m    [Passed]:  [0m[5] expected to be > than [0]:  seed 9 node poison_fog_vein must have multiple entries
[32m    [Passed]:  [0m[1] expected to be > than [0]:  seed 10 node flooded_cave must have multiple entries
[32m    [Passed]:  [0m[1] expected to be > than [0]:  seed 10 node cultivation_spring must have multiple entries
[32m    [Passed]:  [0m[1] expected to be > than [0]:  seed 10 node ridge_black_market must have multiple entries
[32m    [Passed]:  [0m[1] expected to be > than [0]:  seed 10 node refinement_hollow must have multiple entries
[32m    [Passed]:  [0m[6] expected to be > than [0]:  seed 10 node greedy_wanderer must have multiple entries
[32m    [Passed]:  [0m[4] expected to be > than [0]:  seed 10 node caravan_missing_goods must have multiple entries
[32m    [Passed]:  [0m[2] expected to be > than [0]:  seed 10 node black_mud_marsh must have multiple entries
[32m    [Passed]:  [0m[1] expected to be > than [0]:  seed 10 node sealed_earth_vein must have multiple entries
[32m    [Passed]:  [0m[1] expected to be > than [0]:  seed 10 node faction_guard_checkpoint must have multiple entries
[32m    [Passed]:  [0m[5] expected to be > than [0]:  seed 10 node mist_shrine must have multiple entries
[32m    [Passed]:  [0m[3] expected to be > than [0]:  seed 10 node earth_vein_contest must have multiple entries
[32m    [Passed]:  [0m[3] expected to be > than [0]:  seed 10 node final_boss_stand must have multiple entries
[32m    [Passed]:  [0m[3] expected to be > than [0]:  seed 10 node poison_fog_vein must have multiple entries
[32m    [Passed]:  [0m[1] expected to be > than [0]:  seed 11 node toxic_mountain_path must have multiple entries
[32m    [Passed]:  [0m[1] expected to be > than [0]:  seed 11 node ridge_black_market must have multiple entries
[32m    [Passed]:  [0m[1] expected to be > than [0]:  seed 11 node refinement_hollow must have multiple entries
[32m    [Passed]:  [0m[7] expected to be > than [0]:  seed 11 node greedy_wanderer must have multiple entries
[32m    [Passed]:  [0m[2] expected to be > than [0]:  seed 11 node caravan_missing_goods must have multiple entries
[32m    [Passed]:  [0m[1] expected to be > than [0]:  seed 11 node black_mud_marsh must have multiple entries
[32m    [Passed]:  [0m[2] expected to be > than [0]:  seed 11 node mist_shrine must have multiple entries
[32m    [Passed]:  [0m[2] expected to be > than [0]:  seed 11 node herbalist_commission must have multiple entries
[32m    [Passed]:  [0m[2] expected to be > than [0]:  seed 11 node sealed_earth_vein must have multiple entries
[32m    [Passed]:  [0m[2] expected to be > than [0]:  seed 11 node earth_vein_contest must have multiple entries
[32m    [Passed]:  [0m[5] expected to be > than [0]:  seed 11 node final_boss_stand must have multiple entries
[32m    [Passed]:  [0m[4] expected to be > than [0]:  seed 11 node poison_fog_vein must have multiple entries
[32m    [Passed]:  [0m[1] expected to be > than [0]:  seed 12 node stage_one_ledger must have multiple entries
[32m    [Passed]:  [0m[1] expected to be > than [0]:  seed 12 node ridge_market must have multiple entries
[32m    [Passed]:  [0m[1] expected to be > than [0]:  seed 12 node beast_swarm_pass must have multiple entries
[32m    [Passed]:  [0m[1] expected to be > than [0]:  seed 12 node ridge_black_market must have multiple entries
[32m    [Passed]:  [0m[1] expected to be > than [0]:  seed 12 node refinement_hollow must have multiple entries
[32m    [Passed]:  [0m[1] expected to be > than [0]:  seed 12 node moonlit_trail must have multiple entries
[32m    [Passed]:  [0m[5] expected to be > than [0]:  seed 12 node greedy_wanderer must have multiple entries
[32m    [Passed]:  [0m[5] expected to be > than [0]:  seed 12 node caravan_missing_goods must have multiple entries
[32m    [Passed]:  [0m[6] expected to be > than [0]:  seed 12 node black_mud_marsh must have multiple entries
[32m    [Passed]:  [0m[4] expected to be > than [0]:  seed 12 node faction_guard_checkpoint must have multiple entries
[32m    [Passed]:  [0m[1] expected to be > than [0]:  seed 12 node sealed_earth_vein must have multiple entries
[32m    [Passed]:  [0m[2] expected to be > than [0]:  seed 12 node herbalist_commission must have multiple entries
[32m    [Passed]:  [0m[1] expected to be > than [0]:  seed 12 node earth_vein_contest must have multiple entries
[32m    [Passed]:  [0m[4] expected to be > than [0]:  seed 12 node poison_fog_vein must have multiple entries
[32m    [Passed]:  [0m[3] expected to be > than [0]:  seed 12 node final_boss_stand must have multiple entries
[32m    [Passed]:  [0m[1] expected to be > than [0]:  seed 13 node cultivation_spring must have multiple entries
[32m    [Passed]:  [0m[1] expected to be > than [0]:  seed 13 node flooded_cave must have multiple entries
[32m    [Passed]:  [0m[1] expected to be > than [0]:  seed 13 node echo_cave must have multiple entries
[32m    [Passed]:  [0m[1] expected to be > than [0]:  seed 13 node ridge_black_market must have multiple entries
[32m    [Passed]:  [0m[1] expected to be > than [0]:  seed 13 node refinement_hollow must have multiple entries
[32m    [Passed]:  [0m[2] expected to be > than [0]:  seed 13 node greedy_wanderer must have multiple entries
[32m    [Passed]:  [0m[6] expected to be > than [0]:  seed 13 node caravan_missing_goods must have multiple entries
[32m    [Passed]:  [0m[6] expected to be > than [0]:  seed 13 node black_mud_marsh must have multiple entries
[32m    [Passed]:  [0m[1] expected to be > than [0]:  seed 13 node sealed_earth_vein must have multiple entries
[32m    [Passed]:  [0m[4] expected to be > than [0]:  seed 13 node mist_shrine must have multiple entries
[32m    [Passed]:  [0m[3] expected to be > than [0]:  seed 13 node herbalist_commission must have multiple entries
[32m    [Passed]:  [0m[3] expected to be > than [0]:  seed 13 node earth_vein_contest must have multiple entries
[32m    [Passed]:  [0m[2] expected to be > than [0]:  seed 13 node poison_fog_vein must have multiple entries
[32m    [Passed]:  [0m[2] expected to be > than [0]:  seed 13 node final_boss_stand must have multiple entries
[32m    [Passed]:  [0m[1] expected to be > than [0]:  seed 14 node refinement_hollow must have multiple entries
[32m    [Passed]:  [0m[1] expected to be > than [0]:  seed 14 node body_imprint_ritual must have multiple entries
[32m    [Passed]:  [0m[1] expected to be > than [0]:  seed 14 node moonlit_trail must have multiple entries
[32m    [Passed]:  [0m[1] expected to be > than [0]:  seed 14 node ridge_black_market must have multiple entries
[32m    [Passed]:  [0m[3] expected to be > than [0]:  seed 14 node greedy_wanderer must have multiple entries
[32m    [Passed]:  [0m[5] expected to be > than [0]:  seed 14 node caravan_missing_goods must have multiple entries
[32m    [Passed]:  [0m[4] expected to be > than [0]:  seed 14 node black_mud_marsh must have multiple entries
[32m    [Passed]:  [0m[1] expected to be > than [0]:  seed 14 node herbalist_commission must have multiple entries
[32m    [Passed]:  [0m[2] expected to be > than [0]:  seed 14 node sealed_earth_vein must have multiple entries
[32m    [Passed]:  [0m[1] expected to be > than [0]:  seed 14 node faction_guard_checkpoint must have multiple entries
[32m    [Passed]:  [0m[2] expected to be > than [0]:  seed 14 node earth_vein_contest must have multiple entries
[32m    [Passed]:  [0m[3] expected to be > than [0]:  seed 14 node poison_fog_vein must have multiple entries
[32m    [Passed]:  [0m[3] expected to be > than [0]:  seed 14 node final_boss_stand must have multiple entries
[32m    [Passed]:  [0m[1] expected to be > than [0]:  seed 15 node village_short_work must have multiple entries
[32m    [Passed]:  [0m[1] expected to be > than [0]:  seed 15 node stage_one_ledger must have multiple entries
[32m    [Passed]:  [0m[1] expected to be > than [0]:  seed 15 node ridge_black_market must have multiple entries
[32m    [Passed]:  [0m[1] expected to be > than [0]:  seed 15 node refinement_hollow must have multiple entries
[32m    [Passed]:  [0m[3] expected to be > than [0]:  seed 15 node greedy_wanderer must have multiple entries
[32m    [Passed]:  [0m[2] expected to be > than [0]:  seed 15 node caravan_missing_goods must have multiple entries
[32m    [Passed]:  [0m[7] expected to be > than [0]:  seed 15 node black_mud_marsh must have multiple entries
[32m    [Passed]:  [0m[4] expected to be > than [0]:  seed 15 node faction_guard_checkpoint must have multiple entries
[32m    [Passed]:  [0m[1] expected to be > than [0]:  seed 15 node herbalist_commission must have multiple entries
[32m    [Passed]:  [0m[2] expected to be > than [0]:  seed 15 node mist_shrine must have multiple entries
[32m    [Passed]:  [0m[2] expected to be > than [0]:  seed 15 node earth_vein_contest must have multiple entries
[32m    [Passed]:  [0m[1] expected to be > than [0]:  seed 15 node poison_fog_vein must have multiple entries
[32m    [Passed]:  [0m[4] expected to be > than [0]:  seed 15 node final_boss_stand must have multiple entries
[32m    [Passed]:  [0m[1] expected to be > than [0]:  seed 16 node cultivation_spring must have multiple entries
[32m    [Passed]:  [0m[1] expected to be > than [0]:  seed 16 node refinement_hollow must have multiple entries
[32m    [Passed]:  [0m[1] expected to be > than [0]:  seed 16 node ridge_black_market must have multiple entries
[32m    [Passed]:  [0m[5] expected to be > than [0]:  seed 16 node greedy_wanderer must have multiple entries
[32m    [Passed]:  [0m[2] expected to be > than [0]:  seed 16 node caravan_missing_goods must have multiple entries
[32m    [Passed]:  [0m[3] expected to be > than [0]:  seed 16 node black_mud_marsh must have multiple entries
[32m    [Passed]:  [0m[2] expected to be > than [0]:  seed 16 node mist_shrine must have multiple entries
[32m    [Passed]:  [0m[1] expected to be > than [0]:  seed 16 node sealed_earth_vein must have multiple entries
[32m    [Passed]:  [0m[3] expected to be > than [0]:  seed 16 node herbalist_commission must have multiple entries
[32m    [Passed]:  [0m[1] expected to be > than [0]:  seed 16 node earth_vein_contest must have multiple entries
[32m    [Passed]:  [0m[3] expected to be > than [0]:  seed 16 node final_boss_stand must have multiple entries
[32m    [Passed]:  [0m[5] expected to be > than [0]:  seed 16 node poison_fog_vein must have multiple entries
[32m    [Passed]:  [0m[1] expected to be > than [0]:  seed 17 node body_imprint_ritual must have multiple entries
[32m    [Passed]:  [0m[1] expected to be > than [0]:  seed 17 node echo_cave must have multiple entries
[32m    [Passed]:  [0m[1] expected to be > than [0]:  seed 17 node beast_swarm_pass must have multiple entries
[32m    [Passed]:  [0m[1] expected to be > than [0]:  seed 17 node ridge_black_market must have multiple entries
[32m    [Passed]:  [0m[1] expected to be > than [0]:  seed 17 node refinement_hollow must have multiple entries
[32m    [Passed]:  [0m[1] expected to be > than [0]:  seed 17 node moonlit_trail must have multiple entries
[32m    [Passed]:  [0m[5] expected to be > than [0]:  seed 17 node greedy_wanderer must have multiple entries
[32m    [Passed]:  [0m[7] expected to be > than [0]:  seed 17 node caravan_missing_goods must have multiple entries
[32m    [Passed]:  [0m[4] expected to be > than [0]:  seed 17 node black_mud_marsh must have multiple entries
[32m    [Passed]:  [0m[1] expected to be > than [0]:  seed 17 node herbalist_commission must have multiple entries
[32m    [Passed]:  [0m[3] expected to be > than [0]:  seed 17 node faction_guard_checkpoint must have multiple entries
[32m    [Passed]:  [0m[1] expected to be > than [0]:  seed 17 node sealed_earth_vein must have multiple entries
[32m    [Passed]:  [0m[5] expected to be > than [0]:  seed 17 node earth_vein_contest must have multiple entries
[32m    [Passed]:  [0m[3] expected to be > than [0]:  seed 17 node final_boss_stand must have multiple entries
[32m    [Passed]:  [0m[5] expected to be > than [0]:  seed 17 node poison_fog_vein must have multiple entries
[32m    [Passed]:  [0m[1] expected to be > than [0]:  seed 18 node rest_hollow must have multiple entries
[32m    [Passed]:  [0m[1] expected to be > than [0]:  seed 18 node toxic_mountain_path must have multiple entries
[32m    [Passed]:  [0m[1] expected to be > than [0]:  seed 18 node echo_cave must have multiple entries
[32m    [Passed]:  [0m[1] expected to be > than [0]:  seed 18 node ridge_black_market must have multiple entries
[32m    [Passed]:  [0m[1] expected to be > than [0]:  seed 18 node refinement_hollow must have multiple entries
[32m    [Passed]:  [0m[7] expected to be > than [0]:  seed 18 node greedy_wanderer must have multiple entries
[32m    [Passed]:  [0m[4] expected to be > than [0]:  seed 18 node caravan_missing_goods must have multiple entries
[32m    [Passed]:  [0m[3] expected to be > than [0]:  seed 18 node black_mud_marsh must have multiple entries
[32m    [Passed]:  [0m[5] expected to be > than [0]:  seed 18 node sealed_earth_vein must have multiple entries
[32m    [Passed]:  [0m[2] expected to be > than [0]:  seed 18 node faction_guard_checkpoint must have multiple entries
[32m    [Passed]:  [0m[1] expected to be > than [0]:  seed 18 node mist_shrine must have multiple entries
[32m    [Passed]:  [0m[2] expected to be > than [0]:  seed 18 node earth_vein_contest must have multiple entries
[32m    [Passed]:  [0m[4] expected to be > than [0]:  seed 18 node final_boss_stand must have multiple entries
[32m    [Passed]:  [0m[2] expected to be > than [0]:  seed 18 node poison_fog_vein must have multiple entries
[32m    [Passed]:  [0m[1] expected to be > than [0]:  seed 19 node beast_swarm_pass must have multiple entries
[32m    [Passed]:  [0m[1] expected to be > than [0]:  seed 19 node body_imprint_ritual must have multiple entries
[32m    [Passed]:  [0m[1] expected to be > than [0]:  seed 19 node moonlit_trail must have multiple entries
[32m    [Passed]:  [0m[1] expected to be > than [0]:  seed 19 node ridge_black_market must have multiple entries
[32m    [Passed]:  [0m[1] expected to be > than [0]:  seed 19 node refinement_hollow must have multiple entries
[32m    [Passed]:  [0m[6] expected to be > than [0]:  seed 19 node black_mud_marsh must have multiple entries
[32m    [Passed]:  [0m[5] expected to be > than [0]:  seed 19 node greedy_wanderer must have multiple entries
[32m    [Passed]:  [0m[3] expected to be > than [0]:  seed 19 node caravan_missing_goods must have multiple entries
[32m    [Passed]:  [0m[1] expected to be > than [0]:  seed 19 node mist_shrine must have multiple entries
[32m    [Passed]:  [0m[1] expected to be > than [0]:  seed 19 node faction_guard_checkpoint must have multiple entries
[32m    [Passed]:  [0m[3] expected to be > than [0]:  seed 19 node sealed_earth_vein must have multiple entries
[32m    [Passed]:  [0m[2] expected to be > than [0]:  seed 19 node earth_vein_contest must have multiple entries
[32m    [Passed]:  [0m[2] expected to be > than [0]:  seed 19 node final_boss_stand must have multiple entries
[32m    [Passed]:  [0m[3] expected to be > than [0]:  seed 19 node poison_fog_vein must have multiple entries
[32m    [Passed]:  [0m[1] expected to be > than [0]:  seed 20 node ridge_market must have multiple entries
[32m    [Passed]:  [0m[1] expected to be > than [0]:  seed 20 node blood_moss_grove must have multiple entries
[32m    [Passed]:  [0m[1] expected to be > than [0]:  seed 20 node stage_one_ledger must have multiple entries
[32m    [Passed]:  [0m[1] expected to be > than [0]:  seed 20 node ridge_black_market must have multiple entries
[32m    [Passed]:  [0m[1] expected to be > than [0]:  seed 20 node refinement_hollow must have multiple entries
[32m    [Passed]:  [0m[4] expected to be > than [0]:  seed 20 node black_mud_marsh must have multiple entries
[32m    [Passed]:  [0m[3] expected to be > than [0]:  seed 20 node greedy_wanderer must have multiple entries
[32m    [Passed]:  [0m[7] expected to be > than [0]:  seed 20 node caravan_missing_goods must have multiple entries
[32m    [Passed]:  [0m[1] expected to be > than [0]:  seed 20 node faction_guard_checkpoint must have multiple entries
[32m    [Passed]:  [0m[3] expected to be > than [0]:  seed 20 node mist_shrine must have multiple entries
[32m    [Passed]:  [0m[2] expected to be > than [0]:  seed 20 node sealed_earth_vein must have multiple entries
[32m    [Passed]:  [0m[2] expected to be > than [0]:  seed 20 node earth_vein_contest must have multiple entries
[32m    [Passed]:  [0m[2] expected to be > than [0]:  seed 20 node poison_fog_vein must have multiple entries
[32m    [Passed]:  [0m[3] expected to be > than [0]:  seed 20 node final_boss_stand must have multiple entries
* test_anchor_types_are_guaranteed_every_run
[32m    [Passed]:  [0mseed 1 must include a shop node
[32m    [Passed]:  [0mseed 1 must include a refinement node
[32m    [Passed]:  [0mseed 1 must include an inheritance node
[32m    [Passed]:  [0mseed 2 must include a shop node
[32m    [Passed]:  [0mseed 2 must include a refinement node
[32m    [Passed]:  [0mseed 2 must include an inheritance node
[32m    [Passed]:  [0mseed 3 must include a shop node
[32m    [Passed]:  [0mseed 3 must include a refinement node
[32m    [Passed]:  [0mseed 3 must include an inheritance node
[32m    [Passed]:  [0mseed 4 must include a shop node
[32m    [Passed]:  [0mseed 4 must include a refinement node
[32m    [Passed]:  [0mseed 4 must include an inheritance node
[32m    [Passed]:  [0mseed 5 must include a shop node
[32m    [Passed]:  [0mseed 5 must include a refinement node
[32m    [Passed]:  [0mseed 5 must include an inheritance node
[32m    [Passed]:  [0mseed 6 must include a shop node
[32m    [Passed]:  [0mseed 6 must include a refinement node
[32m    [Passed]:  [0mseed 6 must include an inheritance node
[32m    [Passed]:  [0mseed 7 must include a shop node
[32m    [Passed]:  [0mseed 7 must include a refinement node
[32m    [Passed]:  [0mseed 7 must include an inheritance node
[32m    [Passed]:  [0mseed 8 must include a shop node
[32m    [Passed]:  [0mseed 8 must include a refinement node
[32m    [Passed]:  [0mseed 8 must include an inheritance node
[32m    [Passed]:  [0mseed 9 must include a shop node
[32m    [Passed]:  [0mseed 9 must include a refinement node
[32m    [Passed]:  [0mseed 9 must include an inheritance node
[32m    [Passed]:  [0mseed 10 must include a shop node
[32m    [Passed]:  [0mseed 10 must include a refinement node
[32m    [Passed]:  [0mseed 10 must include an inheritance node
[32m    [Passed]:  [0mseed 11 must include a shop node
[32m    [Passed]:  [0mseed 11 must include a refinement node
[32m    [Passed]:  [0mseed 11 must include an inheritance node
[32m    [Passed]:  [0mseed 12 must include a shop node
[32m    [Passed]:  [0mseed 12 must include a refinement node
[32m    [Passed]:  [0mseed 12 must include an inheritance node
[32m    [Passed]:  [0mseed 13 must include a shop node
[32m    [Passed]:  [0mseed 13 must include a refinement node
[32m    [Passed]:  [0mseed 13 must include an inheritance node
[32m    [Passed]:  [0mseed 14 must include a shop node
[32m    [Passed]:  [0mseed 14 must include a refinement node
[32m    [Passed]:  [0mseed 14 must include an inheritance node
[32m    [Passed]:  [0mseed 15 must include a shop node
[32m    [Passed]:  [0mseed 15 must include a refinement node
[32m    [Passed]:  [0mseed 15 must include an inheritance node
[32m    [Passed]:  [0mseed 16 must include a shop node
[32m    [Passed]:  [0mseed 16 must include a refinement node
[32m    [Passed]:  [0mseed 16 must include an inheritance node
[32m    [Passed]:  [0mseed 17 must include a shop node
[32m    [Passed]:  [0mseed 17 must include a refinement node
[32m    [Passed]:  [0mseed 17 must include an inheritance node
[32m    [Passed]:  [0mseed 18 must include a shop node
[32m    [Passed]:  [0mseed 18 must include a refinement node
[32m    [Passed]:  [0mseed 18 must include an inheritance node
[32m    [Passed]:  [0mseed 19 must include a shop node
[32m    [Passed]:  [0mseed 19 must include a refinement node
[32m    [Passed]:  [0mseed 19 must include an inheritance node
[32m    [Passed]:  [0mseed 20 must include a shop node
[32m    [Passed]:  [0mseed 20 must include a refinement node
[32m    [Passed]:  [0mseed 20 must include an inheritance node
* test_hard_anchors_remain_unique_and_terminal
[32m    [Passed]:  [0m[1] expected to equal [1]:  seed 1
[32m    [Passed]:  [0mseed 1
[32m    [Passed]:  [0mseed 1
[32m    [Passed]:  [0mseed 1
[32m    [Passed]:  [0m[1] expected to equal [1]:  seed 2
[32m    [Passed]:  [0mseed 2
[32m    [Passed]:  [0mseed 2
[32m    [Passed]:  [0mseed 2
[32m    [Passed]:  [0m[1] expected to equal [1]:  seed 3
[32m    [Passed]:  [0mseed 3
[32m    [Passed]:  [0mseed 3
[32m    [Passed]:  [0mseed 3
[32m    [Passed]:  [0m[1] expected to equal [1]:  seed 4
[32m    [Passed]:  [0mseed 4
[32m    [Passed]:  [0mseed 4
[32m    [Passed]:  [0mseed 4
[32m    [Passed]:  [0m[1] expected to equal [1]:  seed 5
[32m    [Passed]:  [0mseed 5
[32m    [Passed]:  [0mseed 5
[32m    [Passed]:  [0mseed 5
[32m    [Passed]:  [0m[1] expected to equal [1]:  seed 6
[32m    [Passed]:  [0mseed 6
[32m    [Passed]:  [0mseed 6
[32m    [Passed]:  [0mseed 6
[32m    [Passed]:  [0m[1] expected to equal [1]:  seed 7
[32m    [Passed]:  [0mseed 7
[32m    [Passed]:  [0mseed 7
[32m    [Passed]:  [0mseed 7
[32m    [Passed]:  [0m[1] expected to equal [1]:  seed 8
[32m    [Passed]:  [0mseed 8
[32m    [Passed]:  [0mseed 8
[32m    [Passed]:  [0mseed 8
[32m    [Passed]:  [0m[1] expected to equal [1]:  seed 9
[32m    [Passed]:  [0mseed 9
[32m    [Passed]:  [0mseed 9
[32m    [Passed]:  [0mseed 9
[32m    [Passed]:  [0m[1] expected to equal [1]:  seed 10
[32m    [Passed]:  [0mseed 10
[32m    [Passed]:  [0mseed 10
[32m    [Passed]:  [0mseed 10
* test_first_run_route_stays_fixed
[1m    [INFO]:  [0mArray/Dictionary compared by value.  Use assert_same to compare references.  Use assert_eq_deep to see diff when failing.
[32m    [Passed]:  [0mARRAY(["neutral_wanderer", "ridge_caravan", "beast_swarm_pass", "moonlit_trail", "refineme..._ledger"]) == ARRAY(["neutral_wanderer", "ridge_caravan", "beast_swarm_pass", "moonlit_trail", "refineme..._ledger"])  
[1m6/6 passed.
[0m[4m

res://tests/unit/test_notoriety.gd
[0m* test_kill_neutral_npc_gains_two_notoriety_through_event_log
[32m    [Passed] [0m
[32m    [Passed]:  [0m[2] expected to equal [2]:  
[32m    [Passed]:  [0m["notoriety_gained"] expected to equal ["notoriety_gained"]:  
[1m    [INFO]:  [0mArray/Dictionary compared by value.  Use assert_same to compare references.  Use assert_eq_deep to see diff when failing.
[32m    [Passed]:  [0mARRAY(["kill_neutral_npc"]) == ARRAY(["kill_neutral_npc"])  
* test_breaking_trust_on_leave_gains_one_notoriety
[32m    [Passed]:  [0m[1] expected to equal [1]:  
* test_clean_leave_gains_no_notoriety
[32m    [Passed]:  [0m[0] expected to equal [0]:  
* test_price_rises_ten_percent_per_point_capped_at_sixty_percent
[32m    [Passed] [0m
[32m    [Passed]:  [0m[4] expected to equal [4]:  
[32m    [Passed] [0m
[32m    [Passed]:  [0m[2] expected to equal [2]:  
[32m    [Passed] [0m
[32m    [Passed]:  [0m[2] expected to equal [2]:  
* test_hostile_stance_roll_is_guaranteed_at_high_notoriety_and_absent_at_zero
[32m    [Passed] [0m
[32m    [Passed] [0m
[32m    [Passed] [0m
* test_battle_marks_first_mover_and_enemy_strikes_first
[32m    [Passed]:  [0m["enemy"] expected to equal ["enemy"]:  
[32m    [Passed] [0m
[32m    [Passed] [0m
[32m    [Passed]:  [0m[3] expected to be < than [6]:  
[32m    [Passed]:  [0m["enemy"] expected to equal ["enemy"]:  
[32m    [Passed]:  [0m["player"] expected to equal ["player"]:  
* test_enemy_pre_turn_can_kill_and_finalizes_death
[32m    [Passed] [0m
[32m    [Passed]:  [0m["death"] expected to equal ["death"]:  
[32m    [Passed] [0m
[32m    [Passed]:  [0m["dead"] expected to equal ["dead"]:  
* test_wash_notoriety_pays_lifespan_and_reduces_notoriety
[32m    [Passed] [0m
[32m    [Passed]:  [0m[2] expected to equal [2]:  
[32m    [Passed]:  [0m[50] expected to equal [50]:  
[32m    [Passed]:  [0m["notoriety_washed"] expected to equal ["notoriety_washed"]:  
* test_wash_notoriety_respects_trade_precheck_and_nothing_to_wash
[32m    [Passed] [0m
[32m    [Passed]:  [0m["lifespan_trade_warning"] expected to equal ["lifespan_trade_warning"]:  
[32m    [Passed] [0m
[32m    [Passed]:  [0m["nothing_to_wash"] expected to equal ["nothing_to_wash"]:  
* test_shop_preview_shows_uplifted_price_and_wash_card
[32m    [Passed]:  [0m[8] expected to equal [8]:  
[32m    [Passed] [0m
[32m    [Passed]:  [0m[10] expected to equal [10]:  
[32m    [Passed] [0m
[1m10/10 passed.
[0m[4m

res://tests/unit/test_project_smoke.gd
[0m* test_main_scene_loads
[32m    [Passed]:  [0mExpected [(res://scenes/main.tscn):<PackedScene#-9223371438344366316>(main.tscn)] to be anything but NULL:  
[32m    [Passed]:  [0mExpected [RunController:<Node#598627850006>(run_controller.gd)] to be anything but NULL:  
* test_open_rpg_adapter_returns_local_battle_context
[32m    [Passed]:  [0m["beast_swarm"] expected to equal ["beast_swarm"]:  
[32m    [Passed] [0m
* test_upstream_provenance_and_license_are_present
[32m    [Passed] [0m
[32m    [Passed] [0m
[32m    [Passed] [0m
[32m    [Passed] [0m
[1m3/3 passed.
[0m[4m

res://tests/unit/test_random_seed.gd
[0m* test_distinct_seeds_produce_distinct_routes
[1m    [INFO]:  [0mArray/Dictionary compared by value.  Use assert_not_same to compare references.  Use assert_ne_deep to see diff.
[32m    [Passed]:  [0mARRAY(["neutral_wanderer", "ridge_caravan", "beast_swarm_pass", "moonlit_trail", "refineme..._ledger"]) != ARRAY(["neutral_wanderer", "ridge_caravan", "blood_moss_grove", "toxic_mountain_path", "re..._window"]).
    ["neutral_wanderer", "ridge_caravan", "b...e_ledger"] != ["neutral_wanderer", "ridge_caravan", "b...n_window"]  16 of 18 indexes do not match.  distinct seeds must craft distinct route node sets
* test_same_seed_produces_identical_routes
[32m    [Passed]:  [0m[{ "id": "neutral_wanderer", "stage": "o...indow"] }] == [{ "id": "neutral_wanderer", "stage": "o...indow"] }]
* test_roll_seed_returns_positive_int
[32m    [Passed]:  [0m[1270852198] expected to be > than [0]:  auto-rolled seeds must be positive integers
* test_roll_seed_advances_over_calls
[32m    [Passed]:  [0m[8] expected to be > than [1]:  repeated rolls must not be trivially identical
[1m4/4 passed.
[0m[4m

res://tests/unit/test_rarity_data_model.gd
[0m* test_every_gu_declares_valid_rarity
[32m    [Passed]:  [0mgu small_light_gu needs valid rarity
[32m    [Passed]:  [0mgu trail_eye_gu needs valid rarity
[32m    [Passed]:  [0mgu blood_moss_gu needs valid rarity
[32m    [Passed]:  [0mgu thorn_whip_gu needs valid rarity
[32m    [Passed]:  [0mgu mist_step_gu needs valid rarity
[32m    [Passed]:  [0mgu venom_thread_gu needs valid rarity
[32m    [Passed]:  [0mgu stone_shell_gu needs valid rarity
[32m    [Passed]:  [0mgu shadow_veil_gu needs valid rarity
[32m    [Passed]:  [0mgu pulse_drum_gu needs valid rarity
[32m    [Passed]:  [0mgu moonlight_gu needs valid rarity
[32m    [Passed]:  [0mgu moon_glow_gu needs valid rarity
[32m    [Passed]:  [0mgu phantom_moon_gu needs valid rarity
[32m    [Passed]:  [0mgu moon_shadow_gu needs valid rarity
[32m    [Passed]:  [0mgu blood_droplet_gu needs valid rarity
[32m    [Passed]:  [0mgu blood_bat_gu needs valid rarity
[32m    [Passed]:  [0mgu blood_wing_gu needs valid rarity
[32m    [Passed]:  [0mgu blood_farewell_gu needs valid rarity
[32m    [Passed]:  [0mgu force_gu needs valid rarity
[32m    [Passed]:  [0mgu bear_strength_gu needs valid rarity
[32m    [Passed]:  [0mgu qi_wall_gu needs valid rarity
[32m    [Passed]:  [0mgu gen_blood_attack_001_gu needs valid rarity
[32m    [Passed]:  [0mgu gen_blood_attack_002_gu needs valid rarity
[32m    [Passed]:  [0mgu gen_blood_defense_003_gu needs valid rarity
[32m    [Passed]:  [0mgu gen_blood_movement_004_gu needs valid rarity
[32m    [Passed]:  [0mgu gen_blood_healing_005_gu needs valid rarity
[32m    [Passed]:  [0mgu gen_blood_recon_006_gu needs valid rarity
[32m    [Passed]:  [0mgu gen_blood_logistics_007_gu needs valid rarity
[32m    [Passed]:  [0mgu gen_blood_attack_008_gu needs valid rarity
[32m    [Passed]:  [0mgu gen_blood_attack_009_gu needs valid rarity
[32m    [Passed]:  [0mgu gen_blood_defense_010_gu needs valid rarity
[32m    [Passed]:  [0mgu gen_blood_movement_011_gu needs valid rarity
[32m    [Passed]:  [0mgu gen_blood_healing_012_gu needs valid rarity
[32m    [Passed]:  [0mgu gen_blood_recon_013_gu needs valid rarity
[32m    [Passed]:  [0mgu gen_blood_logistics_014_gu needs valid rarity
[32m    [Passed]:  [0mgu gen_blood_attack_015_gu needs valid rarity
[32m    [Passed]:  [0mgu gen_blood_attack_016_gu needs valid rarity
[32m    [Passed]:  [0mgu gen_blood_defense_017_gu needs valid rarity
[32m    [Passed]:  [0mgu gen_blood_movement_018_gu needs valid rarity
[32m    [Passed]:  [0mgu gen_blood_healing_019_gu needs valid rarity
[32m    [Passed]:  [0mgu gen_blood_recon_020_gu needs valid rarity
[32m    [Passed]:  [0mgu gen_blood_logistics_021_gu needs valid rarity
[32m    [Passed]:  [0mgu gen_blood_attack_022_gu needs valid rarity
[32m    [Passed]:  [0mgu gen_blood_attack_023_gu needs valid rarity
[32m    [Passed]:  [0mgu gen_blood_defense_024_gu needs valid rarity
[32m    [Passed]:  [0mgu gen_blood_movement_025_gu needs valid rarity
[32m    [Passed]:  [0mgu gen_blood_healing_026_gu needs valid rarity
[32m    [Passed]:  [0mgu gen_blood_recon_027_gu needs valid rarity
[32m    [Passed]:  [0mgu gen_blood_logistics_028_gu needs valid rarity
[32m    [Passed]:  [0mgu gen_blood_attack_029_gu needs valid rarity
[32m    [Passed]:  [0mgu gen_blood_attack_030_gu needs valid rarity
[32m    [Passed]:  [0mgu gen_blood_defense_031_gu needs valid rarity
[32m    [Passed]:  [0mgu gen_blood_movement_032_gu needs valid rarity
[32m    [Passed]:  [0mgu gen_blood_healing_033_gu needs valid rarity
[32m    [Passed]:  [0mgu gen_blood_recon_034_gu needs valid rarity
[32m    [Passed]:  [0mgu gen_qi_logistics_035_gu needs valid rarity
[32m    [Passed]:  [0mgu gen_qi_attack_036_gu needs valid rarity
[32m    [Passed]:  [0mgu gen_qi_attack_037_gu needs valid rarity
[32m    [Passed]:  [0mgu gen_qi_defense_038_gu needs valid rarity
[32m    [Passed]:  [0mgu gen_qi_movement_039_gu needs valid rarity
[32m    [Passed]:  [0mgu gen_qi_healing_040_gu needs valid rarity
[32m    [Passed]:  [0mgu gen_qi_recon_041_gu needs valid rarity
[32m    [Passed]:  [0mgu gen_qi_logistics_042_gu needs valid rarity
[32m    [Passed]:  [0mgu gen_qi_attack_043_gu needs valid rarity
[32m    [Passed]:  [0mgu gen_qi_attack_044_gu needs valid rarity
[32m    [Passed]:  [0mgu gen_qi_defense_045_gu needs valid rarity
[32m    [Passed]:  [0mgu gen_qi_movement_046_gu needs valid rarity
[32m    [Passed]:  [0mgu gen_qi_healing_047_gu needs valid rarity
[32m    [Passed]:  [0mgu gen_qi_recon_048_gu needs valid rarity
[32m    [Passed]:  [0mgu gen_qi_logistics_049_gu needs valid rarity
[32m    [Passed]:  [0mgu gen_qi_attack_050_gu needs valid rarity
[32m    [Passed]:  [0mgu gen_qi_attack_051_gu needs valid rarity
[32m    [Passed]:  [0mgu gen_qi_defense_052_gu needs valid rarity
[32m    [Passed]:  [0mgu gen_qi_movement_053_gu needs valid rarity
[32m    [Passed]:  [0mgu gen_qi_healing_054_gu needs valid rarity
[32m    [Passed]:  [0mgu gen_qi_recon_055_gu needs valid rarity
[32m    [Passed]:  [0mgu gen_qi_logistics_056_gu needs valid rarity
[32m    [Passed]:  [0mgu gen_qi_attack_057_gu needs valid rarity
[32m    [Passed]:  [0mgu gen_qi_attack_058_gu needs valid rarity
[32m    [Passed]:  [0mgu gen_qi_defense_059_gu needs valid rarity
[32m    [Passed]:  [0mgu gen_qi_movement_060_gu needs valid rarity
[32m    [Passed]:  [0mgu gen_qi_healing_061_gu needs valid rarity
[32m    [Passed]:  [0mgu gen_qi_recon_062_gu needs valid rarity
[32m    [Passed]:  [0mgu gen_qi_logistics_063_gu needs valid rarity
[32m    [Passed]:  [0mgu gen_qi_attack_064_gu needs valid rarity
[32m    [Passed]:  [0mgu gen_qi_attack_065_gu needs valid rarity
[32m    [Passed]:  [0mgu gen_qi_defense_066_gu needs valid rarity
[32m    [Passed]:  [0mgu gen_qi_movement_067_gu needs valid rarity
[32m    [Passed]:  [0mgu gen_force_healing_068_gu needs valid rarity
[32m    [Passed]:  [0mgu gen_force_recon_069_gu needs valid rarity
[32m    [Passed]:  [0mgu gen_force_logistics_070_gu needs valid rarity
[32m    [Passed]:  [0mgu gen_force_attack_071_gu needs valid rarity
[32m    [Passed]:  [0mgu gen_force_attack_072_gu needs valid rarity
[32m    [Passed]:  [0mgu gen_force_defense_073_gu needs valid rarity
[32m    [Passed]:  [0mgu gen_force_movement_074_gu needs valid rarity
[32m    [Passed]:  [0mgu gen_force_healing_075_gu needs valid rarity
[32m    [Passed]:  [0mgu gen_force_recon_076_gu needs valid rarity
[32m    [Passed]:  [0mgu gen_force_logistics_077_gu needs valid rarity
[32m    [Passed]:  [0mgu gen_force_attack_078_gu needs valid rarity
[32m    [Passed]:  [0mgu gen_force_attack_079_gu needs valid rarity
[32m    [Passed]:  [0mgu gen_force_defense_080_gu needs valid rarity
[32m    [Passed]:  [0mgu gen_force_movement_081_gu needs valid rarity
[32m    [Passed]:  [0mgu gen_force_healing_082_gu needs valid rarity
[32m    [Passed]:  [0mgu gen_force_recon_083_gu needs valid rarity
[32m    [Passed]:  [0mgu gen_force_logistics_084_gu needs valid rarity
[32m    [Passed]:  [0mgu gen_force_attack_085_gu needs valid rarity
[32m    [Passed]:  [0mgu gen_force_attack_086_gu needs valid rarity
[32m    [Passed]:  [0mgu gen_force_defense_087_gu needs valid rarity
[32m    [Passed]:  [0mgu gen_force_movement_088_gu needs valid rarity
[32m    [Passed]:  [0mgu gen_force_healing_089_gu needs valid rarity
[32m    [Passed]:  [0mgu gen_force_recon_090_gu needs valid rarity
[32m    [Passed]:  [0mgu gen_force_logistics_091_gu needs valid rarity
[32m    [Passed]:  [0mgu gen_force_attack_092_gu needs valid rarity
[32m    [Passed]:  [0mgu gen_force_attack_093_gu needs valid rarity
[32m    [Passed]:  [0mgu gen_force_defense_094_gu needs valid rarity
[32m    [Passed]:  [0mgu gen_force_movement_095_gu needs valid rarity
[32m    [Passed]:  [0mgu gen_force_healing_096_gu needs valid rarity
[32m    [Passed]:  [0mgu gen_force_recon_097_gu needs valid rarity
[32m    [Passed]:  [0mgu gen_force_logistics_098_gu needs valid rarity
[32m    [Passed]:  [0mgu gen_force_attack_099_gu needs valid rarity
[32m    [Passed]:  [0mgu gen_force_attack_100_gu needs valid rarity
[32m    [Passed]:  [0mgu gen_soul_defense_101_gu needs valid rarity
[32m    [Passed]:  [0mgu gen_soul_movement_102_gu needs valid rarity
[32m    [Passed]:  [0mgu gen_soul_healing_103_gu needs valid rarity
[32m    [Passed]:  [0mgu gen_soul_recon_104_gu needs valid rarity
[32m    [Passed]:  [0mgu gen_soul_logistics_105_gu needs valid rarity
[32m    [Passed]:  [0mgu gen_soul_attack_106_gu needs valid rarity
[32m    [Passed]:  [0mgu gen_soul_attack_107_gu needs valid rarity
[32m    [Passed]:  [0mgu gen_soul_defense_108_gu needs valid rarity
[32m    [Passed]:  [0mgu gen_soul_movement_109_gu needs valid rarity
[32m    [Passed]:  [0mgu gen_soul_healing_110_gu needs valid rarity
[32m    [Passed]:  [0mgu gen_soul_recon_111_gu needs valid rarity
[32m    [Passed]:  [0mgu gen_soul_logistics_112_gu needs valid rarity
[32m    [Passed]:  [0mgu gen_soul_attack_113_gu needs valid rarity
[32m    [Passed]:  [0mgu gen_soul_attack_114_gu needs valid rarity
[32m    [Passed]:  [0mgu gen_soul_defense_115_gu needs valid rarity
[32m    [Passed]:  [0mgu gen_soul_movement_116_gu needs valid rarity
[32m    [Passed]:  [0mgu gen_soul_healing_117_gu needs valid rarity
[32m    [Passed]:  [0mgu gen_soul_recon_118_gu needs valid rarity
[32m    [Passed]:  [0mgu gen_soul_logistics_119_gu needs valid rarity
[32m    [Passed]:  [0mgu gen_soul_attack_120_gu needs valid rarity
[32m    [Passed]:  [0mgu gen_soul_attack_121_gu needs valid rarity
[32m    [Passed]:  [0mgu gen_soul_defense_122_gu needs valid rarity
[32m    [Passed]:  [0mgu gen_soul_movement_123_gu needs valid rarity
[32m    [Passed]:  [0mgu gen_soul_healing_124_gu needs valid rarity
[32m    [Passed]:  [0mgu gen_soul_recon_125_gu needs valid rarity
[32m    [Passed]:  [0mgu gen_soul_logistics_126_gu needs valid rarity
[32m    [Passed]:  [0mgu gen_soul_attack_127_gu needs valid rarity
[32m    [Passed]:  [0mgu gen_soul_attack_128_gu needs valid rarity
[32m    [Passed]:  [0mgu gen_soul_defense_129_gu needs valid rarity
[32m    [Passed]:  [0mgu gen_soul_movement_130_gu needs valid rarity
[32m    [Passed]:  [0mgu gen_soul_healing_131_gu needs valid rarity
[32m    [Passed]:  [0mgu gen_soul_recon_132_gu needs valid rarity
[32m    [Passed]:  [0mgu gen_soul_logistics_133_gu needs valid rarity
[32m    [Passed]:  [0mgu gen_soul_attack_134_gu needs valid rarity
[32m    [Passed]:  [0mgu gen_soul_attack_135_gu needs valid rarity
[32m    [Passed]:  [0mgu gen_soul_defense_136_gu needs valid rarity
[32m    [Passed]:  [0mgu gen_soul_movement_137_gu needs valid rarity
[32m    [Passed]:  [0mgu gen_soul_healing_138_gu needs valid rarity
[32m    [Passed]:  [0mgu gen_soul_recon_139_gu needs valid rarity
[32m    [Passed]:  [0mgu gen_soul_logistics_140_gu needs valid rarity
[32m    [Passed]:  [0mgu gen_refine_attack_141_gu needs valid rarity
[32m    [Passed]:  [0mgu gen_refine_attack_142_gu needs valid rarity
[32m    [Passed]:  [0mgu gen_refine_defense_143_gu needs valid rarity
[32m    [Passed]:  [0mgu gen_refine_movement_144_gu needs valid rarity
[32m    [Passed]:  [0mgu gen_refine_healing_145_gu needs valid rarity
[32m    [Passed]:  [0mgu gen_refine_recon_146_gu needs valid rarity
[32m    [Passed]:  [0mgu gen_refine_logistics_147_gu needs valid rarity
[32m    [Passed]:  [0mgu gen_refine_attack_148_gu needs valid rarity
[32m    [Passed]:  [0mgu gen_refine_attack_149_gu needs valid rarity
[32m    [Passed]:  [0mgu gen_refine_defense_150_gu needs valid rarity
[32m    [Passed]:  [0mgu gen_refine_movement_151_gu needs valid rarity
[32m    [Passed]:  [0mgu gen_refine_healing_152_gu needs valid rarity
[32m    [Passed]:  [0mgu gen_refine_recon_153_gu needs valid rarity
[32m    [Passed]:  [0mgu gen_refine_logistics_154_gu needs valid rarity
[32m    [Passed]:  [0mgu gen_refine_attack_155_gu needs valid rarity
[32m    [Passed]:  [0mgu gen_refine_attack_156_gu needs valid rarity
[32m    [Passed]:  [0mgu gen_refine_defense_157_gu needs valid rarity
[32m    [Passed]:  [0mgu gen_refine_movement_158_gu needs valid rarity
[32m    [Passed]:  [0mgu gen_refine_healing_159_gu needs valid rarity
[32m    [Passed]:  [0mgu gen_refine_recon_160_gu needs valid rarity
[32m    [Passed]:  [0mgu gen_refine_logistics_161_gu needs valid rarity
[32m    [Passed]:  [0mgu gen_refine_attack_162_gu needs valid rarity
[32m    [Passed]:  [0mgu gen_refine_attack_163_gu needs valid rarity
[32m    [Passed]:  [0mgu gen_refine_defense_164_gu needs valid rarity
[32m    [Passed]:  [0mgu gen_refine_movement_165_gu needs valid rarity
[32m    [Passed]:  [0mgu gen_refine_healing_166_gu needs valid rarity
[32m    [Passed]:  [0mgu gen_refine_recon_167_gu needs valid rarity
[32m    [Passed]:  [0mgu gen_refine_logistics_168_gu needs valid rarity
[32m    [Passed]:  [0mgu gen_refine_attack_169_gu needs valid rarity
[32m    [Passed]:  [0mgu gen_refine_attack_170_gu needs valid rarity
[32m    [Passed]:  [0mgu gen_refine_defense_171_gu needs valid rarity
[32m    [Passed]:  [0mgu gen_refine_movement_172_gu needs valid rarity
[32m    [Passed]:  [0mgu gen_refine_healing_173_gu needs valid rarity
[32m    [Passed]:  [0mgu gen_refine_recon_174_gu needs valid rarity
[32m    [Passed]:  [0mgu gen_refine_logistics_175_gu needs valid rarity
[32m    [Passed]:  [0mgu gen_refine_attack_176_gu needs valid rarity
[32m    [Passed]:  [0mgu gen_refine_attack_177_gu needs valid rarity
[32m    [Passed]:  [0mgu gen_refine_defense_178_gu needs valid rarity
[32m    [Passed]:  [0mgu gen_refine_movement_179_gu needs valid rarity
[32m    [Passed]:  [0mgu gen_refine_healing_180_gu needs valid rarity
* test_every_card_declares_valid_rarity
[32m    [Passed]:  [0mcard light_probe needs valid rarity
[32m    [Passed]:  [0mcard stone_guard needs valid rarity
[32m    [Passed]:  [0mcard moonlight_strike needs valid rarity
[32m    [Passed]:  [0mcard moonlight_return needs valid rarity
[32m    [Passed]:  [0mcard blood_moss_relief needs valid rarity
[32m    [Passed]:  [0mcard thorn_strike needs valid rarity
[32m    [Passed]:  [0mcard thorn_bind needs valid rarity
[32m    [Passed]:  [0mcard blood_droplet_shot needs valid rarity
[32m    [Passed]:  [0mcard blood_bat_bite needs valid rarity
[32m    [Passed]:  [0mcard blood_wing_escape needs valid rarity
[32m    [Passed]:  [0mcard farewell_grip needs valid rarity
[32m    [Passed]:  [0mcard power_blow needs valid rarity
[32m    [Passed]:  [0mcard bear_vitality needs valid rarity
[32m    [Passed]:  [0mcard qi_bulwark needs valid rarity
[32m    [Passed]:  [0mcard scout_eye needs valid rarity
[32m    [Passed]:  [0mcard venom_snare needs valid rarity
[32m    [Passed]:  [0mcard pulse_wave needs valid rarity
[32m    [Passed]:  [0mcard shadow_haze needs valid rarity
[32m    [Passed]:  [0mcard moon_glow_flare needs valid rarity
[32m    [Passed]:  [0mcard gen_blood_attack_001_card needs valid rarity
[32m    [Passed]:  [0mcard gen_blood_attack_002_card needs valid rarity
[32m    [Passed]:  [0mcard gen_blood_defense_003_card needs valid rarity
[32m    [Passed]:  [0mcard gen_blood_movement_004_card needs valid rarity
[32m    [Passed]:  [0mcard gen_blood_healing_005_card needs valid rarity
[32m    [Passed]:  [0mcard gen_blood_recon_006_card needs valid rarity
[32m    [Passed]:  [0mcard gen_blood_logistics_007_card needs valid rarity
[32m    [Passed]:  [0mcard gen_blood_attack_008_card needs valid rarity
[32m    [Passed]:  [0mcard gen_blood_attack_009_card needs valid rarity
[32m    [Passed]:  [0mcard gen_blood_defense_010_card needs valid rarity
[32m    [Passed]:  [0mcard gen_blood_movement_011_card needs valid rarity
[32m    [Passed]:  [0mcard gen_blood_healing_012_card needs valid rarity
[32m    [Passed]:  [0mcard gen_blood_recon_013_card needs valid rarity
[32m    [Passed]:  [0mcard gen_blood_logistics_014_card needs valid rarity
[32m    [Passed]:  [0mcard gen_blood_attack_015_card needs valid rarity
[32m    [Passed]:  [0mcard gen_blood_attack_016_card needs valid rarity
[32m    [Passed]:  [0mcard gen_blood_defense_017_card needs valid rarity
[32m    [Passed]:  [0mcard gen_blood_movement_018_card needs valid rarity
[32m    [Passed]:  [0mcard gen_blood_healing_019_card needs valid rarity
[32m    [Passed]:  [0mcard gen_blood_recon_020_card needs valid rarity
[32m    [Passed]:  [0mcard gen_blood_logistics_021_card needs valid rarity
[32m    [Passed]:  [0mcard gen_blood_attack_022_card needs valid rarity
[32m    [Passed]:  [0mcard gen_blood_attack_023_card needs valid rarity
[32m    [Passed]:  [0mcard gen_blood_defense_024_card needs valid rarity
[32m    [Passed]:  [0mcard gen_blood_movement_025_card needs valid rarity
[32m    [Passed]:  [0mcard gen_blood_healing_026_card needs valid rarity
[32m    [Passed]:  [0mcard gen_blood_recon_027_card needs valid rarity
[32m    [Passed]:  [0mcard gen_blood_logistics_028_card needs valid rarity
[32m    [Passed]:  [0mcard gen_blood_attack_029_card needs valid rarity
[32m    [Passed]:  [0mcard gen_blood_attack_030_card needs valid rarity
[32m    [Passed]:  [0mcard gen_blood_defense_031_card needs valid rarity
[32m    [Passed]:  [0mcard gen_blood_movement_032_card needs valid rarity
[32m    [Passed]:  [0mcard gen_blood_healing_033_card needs valid rarity
[32m    [Passed]:  [0mcard gen_blood_recon_034_card needs valid rarity
[32m    [Passed]:  [0mcard gen_qi_logistics_035_card needs valid rarity
[32m    [Passed]:  [0mcard gen_qi_attack_036_card needs valid rarity
[32m    [Passed]:  [0mcard gen_qi_attack_037_card needs valid rarity
[32m    [Passed]:  [0mcard gen_qi_defense_038_card needs valid rarity
[32m    [Passed]:  [0mcard gen_qi_movement_039_card needs valid rarity
[32m    [Passed]:  [0mcard gen_qi_healing_040_card needs valid rarity
[32m    [Passed]:  [0mcard gen_qi_recon_041_card needs valid rarity
[32m    [Passed]:  [0mcard gen_qi_logistics_042_card needs valid rarity
[32m    [Passed]:  [0mcard gen_qi_attack_043_card needs valid rarity
[32m    [Passed]:  [0mcard gen_qi_attack_044_card needs valid rarity
[32m    [Passed]:  [0mcard gen_qi_defense_045_card needs valid rarity
[32m    [Passed]:  [0mcard gen_qi_movement_046_card needs valid rarity
[32m    [Passed]:  [0mcard gen_qi_healing_047_card needs valid rarity
[32m    [Passed]:  [0mcard gen_qi_recon_048_card needs valid rarity
[32m    [Passed]:  [0mcard gen_qi_logistics_049_card needs valid rarity
[32m    [Passed]:  [0mcard gen_qi_attack_050_card needs valid rarity
[32m    [Passed]:  [0mcard gen_qi_attack_051_card needs valid rarity
[32m    [Passed]:  [0mcard gen_qi_defense_052_card needs valid rarity
[32m    [Passed]:  [0mcard gen_qi_movement_053_card needs valid rarity
[32m    [Passed]:  [0mcard gen_qi_healing_054_card needs valid rarity
[32m    [Passed]:  [0mcard gen_qi_recon_055_card needs valid rarity
[32m    [Passed]:  [0mcard gen_qi_logistics_056_card needs valid rarity
[32m    [Passed]:  [0mcard gen_qi_attack_057_card needs valid rarity
[32m    [Passed]:  [0mcard gen_qi_attack_058_card needs valid rarity
[32m    [Passed]:  [0mcard gen_qi_defense_059_card needs valid rarity
[32m    [Passed]:  [0mcard gen_qi_movement_060_card needs valid rarity
[32m    [Passed]:  [0mcard gen_qi_healing_061_card needs valid rarity
[32m    [Passed]:  [0mcard gen_qi_recon_062_card needs valid rarity
[32m    [Passed]:  [0mcard gen_qi_logistics_063_card needs valid rarity
[32m    [Passed]:  [0mcard gen_qi_attack_064_card needs valid rarity
[32m    [Passed]:  [0mcard gen_qi_attack_065_card needs valid rarity
[32m    [Passed]:  [0mcard gen_qi_defense_066_card needs valid rarity
[32m    [Passed]:  [0mcard gen_qi_movement_067_card needs valid rarity
[32m    [Passed]:  [0mcard gen_force_healing_068_card needs valid rarity
[32m    [Passed]:  [0mcard gen_force_recon_069_card needs valid rarity
[32m    [Passed]:  [0mcard gen_force_logistics_070_card needs valid rarity
[32m    [Passed]:  [0mcard gen_force_attack_071_card needs valid rarity
[32m    [Passed]:  [0mcard gen_force_attack_072_card needs valid rarity
[32m    [Passed]:  [0mcard gen_force_defense_073_card needs valid rarity
[32m    [Passed]:  [0mcard gen_force_movement_074_card needs valid rarity
[32m    [Passed]:  [0mcard gen_force_healing_075_card needs valid rarity
[32m    [Passed]:  [0mcard gen_force_recon_076_card needs valid rarity
[32m    [Passed]:  [0mcard gen_force_logistics_077_card needs valid rarity
[32m    [Passed]:  [0mcard gen_force_attack_078_card needs valid rarity
[32m    [Passed]:  [0mcard gen_force_attack_079_card needs valid rarity
[32m    [Passed]:  [0mcard gen_force_defense_080_card needs valid rarity
[32m    [Passed]:  [0mcard gen_force_movement_081_card needs valid rarity
[32m    [Passed]:  [0mcard gen_force_healing_082_card needs valid rarity
[32m    [Passed]:  [0mcard gen_force_recon_083_card needs valid rarity
[32m    [Passed]:  [0mcard gen_force_logistics_084_card needs valid rarity
[32m    [Passed]:  [0mcard gen_force_attack_085_card needs valid rarity
[32m    [Passed]:  [0mcard gen_force_attack_086_card needs valid rarity
[32m    [Passed]:  [0mcard gen_force_defense_087_card needs valid rarity
[32m    [Passed]:  [0mcard gen_force_movement_088_card needs valid rarity
[32m    [Passed]:  [0mcard gen_force_healing_089_card needs valid rarity
[32m    [Passed]:  [0mcard gen_force_recon_090_card needs valid rarity
[32m    [Passed]:  [0mcard gen_force_logistics_091_card needs valid rarity
[32m    [Passed]:  [0mcard gen_force_attack_092_card needs valid rarity
[32m    [Passed]:  [0mcard gen_force_attack_093_card needs valid rarity
[32m    [Passed]:  [0mcard gen_force_defense_094_card needs valid rarity
[32m    [Passed]:  [0mcard gen_force_movement_095_card needs valid rarity
[32m    [Passed]:  [0mcard gen_force_healing_096_card needs valid rarity
[32m    [Passed]:  [0mcard gen_force_recon_097_card needs valid rarity
[32m    [Passed]:  [0mcard gen_force_logistics_098_card needs valid rarity
[32m    [Passed]:  [0mcard gen_force_attack_099_card needs valid rarity
[32m    [Passed]:  [0mcard gen_force_attack_100_card needs valid rarity
[32m    [Passed]:  [0mcard gen_soul_defense_101_card needs valid rarity
[32m    [Passed]:  [0mcard gen_soul_movement_102_card needs valid rarity
[32m    [Passed]:  [0mcard gen_soul_healing_103_card needs valid rarity
[32m    [Passed]:  [0mcard gen_soul_recon_104_card needs valid rarity
[32m    [Passed]:  [0mcard gen_soul_logistics_105_card needs valid rarity
[32m    [Passed]:  [0mcard gen_soul_attack_106_card needs valid rarity
[32m    [Passed]:  [0mcard gen_soul_attack_107_card needs valid rarity
[32m    [Passed]:  [0mcard gen_soul_defense_108_card needs valid rarity
[32m    [Passed]:  [0mcard gen_soul_movement_109_card needs valid rarity
[32m    [Passed]:  [0mcard gen_soul_healing_110_card needs valid rarity
[32m    [Passed]:  [0mcard gen_soul_recon_111_card needs valid rarity
[32m    [Passed]:  [0mcard gen_soul_logistics_112_card needs valid rarity
[32m    [Passed]:  [0mcard gen_soul_attack_113_card needs valid rarity
[32m    [Passed]:  [0mcard gen_soul_attack_114_card needs valid rarity
[32m    [Passed]:  [0mcard gen_soul_defense_115_card needs valid rarity
[32m    [Passed]:  [0mcard gen_soul_movement_116_card needs valid rarity
[32m    [Passed]:  [0mcard gen_soul_healing_117_card needs valid rarity
[32m    [Passed]:  [0mcard gen_soul_recon_118_card needs valid rarity
[32m    [Passed]:  [0mcard gen_soul_logistics_119_card needs valid rarity
[32m    [Passed]:  [0mcard gen_soul_attack_120_card needs valid rarity
[32m    [Passed]:  [0mcard gen_soul_attack_121_card needs valid rarity
[32m    [Passed]:  [0mcard gen_soul_defense_122_card needs valid rarity
[32m    [Passed]:  [0mcard gen_soul_movement_123_card needs valid rarity
[32m    [Passed]:  [0mcard gen_soul_healing_124_card needs valid rarity
[32m    [Passed]:  [0mcard gen_soul_recon_125_card needs valid rarity
[32m    [Passed]:  [0mcard gen_soul_logistics_126_card needs valid rarity
[32m    [Passed]:  [0mcard gen_soul_attack_127_card needs valid rarity
[32m    [Passed]:  [0mcard gen_soul_attack_128_card needs valid rarity
[32m    [Passed]:  [0mcard gen_soul_defense_129_card needs valid rarity
[32m    [Passed]:  [0mcard gen_soul_movement_130_card needs valid rarity
[32m    [Passed]:  [0mcard gen_soul_healing_131_card needs valid rarity
[32m    [Passed]:  [0mcard gen_soul_recon_132_card needs valid rarity
[32m    [Passed]:  [0mcard gen_soul_logistics_133_card needs valid rarity
[32m    [Passed]:  [0mcard gen_soul_attack_134_card needs valid rarity
[32m    [Passed]:  [0mcard gen_soul_attack_135_card needs valid rarity
[32m    [Passed]:  [0mcard gen_soul_defense_136_card needs valid rarity
[32m    [Passed]:  [0mcard gen_soul_movement_137_card needs valid rarity
[32m    [Passed]:  [0mcard gen_soul_healing_138_card needs valid rarity
[32m    [Passed]:  [0mcard gen_soul_recon_139_card needs valid rarity
[32m    [Passed]:  [0mcard gen_soul_logistics_140_card needs valid rarity
[32m    [Passed]:  [0mcard gen_refine_attack_141_card needs valid rarity
[32m    [Passed]:  [0mcard gen_refine_attack_142_card needs valid rarity
[32m    [Passed]:  [0mcard gen_refine_defense_143_card needs valid rarity
[32m    [Passed]:  [0mcard gen_refine_movement_144_card needs valid rarity
[32m    [Passed]:  [0mcard gen_refine_healing_145_card needs valid rarity
[32m    [Passed]:  [0mcard gen_refine_recon_146_card needs valid rarity
[32m    [Passed]:  [0mcard gen_refine_logistics_147_card needs valid rarity
[32m    [Passed]:  [0mcard gen_refine_attack_148_card needs valid rarity
[32m    [Passed]:  [0mcard gen_refine_attack_149_card needs valid rarity
[32m    [Passed]:  [0mcard gen_refine_defense_150_card needs valid rarity
[32m    [Passed]:  [0mcard gen_refine_movement_151_card needs valid rarity
[32m    [Passed]:  [0mcard gen_refine_healing_152_card needs valid rarity
[32m    [Passed]:  [0mcard gen_refine_recon_153_card needs valid rarity
[32m    [Passed]:  [0mcard gen_refine_logistics_154_card needs valid rarity
[32m    [Passed]:  [0mcard gen_refine_attack_155_card needs valid rarity
[32m    [Passed]:  [0mcard gen_refine_attack_156_card needs valid rarity
[32m    [Passed]:  [0mcard gen_refine_defense_157_card needs valid rarity
[32m    [Passed]:  [0mcard gen_refine_movement_158_card needs valid rarity
[32m    [Passed]:  [0mcard gen_refine_healing_159_card needs valid rarity
[32m    [Passed]:  [0mcard gen_refine_recon_160_card needs valid rarity
[32m    [Passed]:  [0mcard gen_refine_logistics_161_card needs valid rarity
[32m    [Passed]:  [0mcard gen_refine_attack_162_card needs valid rarity
[32m    [Passed]:  [0mcard gen_refine_attack_163_card needs valid rarity
[32m    [Passed]:  [0mcard gen_refine_defense_164_card needs valid rarity
[32m    [Passed]:  [0mcard gen_refine_movement_165_card needs valid rarity
[32m    [Passed]:  [0mcard gen_refine_healing_166_card needs valid rarity
[32m    [Passed]:  [0mcard gen_refine_recon_167_card needs valid rarity
[32m    [Passed]:  [0mcard gen_refine_logistics_168_card needs valid rarity
[32m    [Passed]:  [0mcard gen_refine_attack_169_card needs valid rarity
[32m    [Passed]:  [0mcard gen_refine_attack_170_card needs valid rarity
[32m    [Passed]:  [0mcard gen_refine_defense_171_card needs valid rarity
[32m    [Passed]:  [0mcard gen_refine_movement_172_card needs valid rarity
[32m    [Passed]:  [0mcard gen_refine_healing_173_card needs valid rarity
[32m    [Passed]:  [0mcard gen_refine_recon_174_card needs valid rarity
[32m    [Passed]:  [0mcard gen_refine_logistics_175_card needs valid rarity
[32m    [Passed]:  [0mcard gen_refine_attack_176_card needs valid rarity
[32m    [Passed]:  [0mcard gen_refine_attack_177_card needs valid rarity
[32m    [Passed]:  [0mcard gen_refine_defense_178_card needs valid rarity
[32m    [Passed]:  [0mcard gen_refine_movement_179_card needs valid rarity
[32m    [Passed]:  [0mcard gen_refine_healing_180_card needs valid rarity
* test_every_relic_declares_valid_rarity
[32m    [Passed]:  [0mrelic jade_cicada_shell needs valid rarity
[32m    [Passed]:  [0mrelic hungry_vine_token needs valid rarity
* test_validate_rejects_missing_rarity
[32m    [Passed] [0m
* test_validate_rejects_unknown_rarity
[32m    [Passed] [0m
* test_validate_rejects_loot_bucket_rarity_mismatch
[32m    [Passed] [0m
* test_validate_rejects_positive_weight_on_empty_bucket
[32m    [Passed] [0m
* test_elite_pool_buckets_match_declared_rarity
[32m    [Passed]:  [0mbucket common is a known rarity
[32m    [Passed]:  [0m["common"] expected to equal ["common"]:  
[32m    [Passed]:  [0mbucket rare is a known rarity
[32m    [Passed]:  [0m["rare"] expected to equal ["rare"]:  
[32m    [Passed]:  [0mbucket epic is a known rarity
[32m    [Passed]:  [0m["epic"] expected to equal ["epic"]:  
* test_elite_weights_lock_legendary_at_zero
[32m    [Passed]:  [0mearly-layer legendary weight must be zero or absent
* test_tiered_roll_stays_within_positive_weight_buckets
[32m    [Passed] [0m
[32m    [Passed]:  [0mseed 2 produced off-pool gu stone_shell_gu
* test_same_seed_yields_identical_tiered_roll
[32m    [Passed]:  [0m{ "material_ids": ["beast_blood"], "gu_i..._id": "" } == { "material_ids": ["beast_blood"], "gu_i..._id": "" }
[1m11/11 passed.
[0m[4m

res://tests/unit/test_relic_hook_resolver.gd
[0m* test_no_relics_makes_battle_and_feeding_noops
[32m    [Passed]:  [0m[0] expected to equal [0]:  
[32m    [Passed]:  [0m[0] expected to equal [0]:  
[32m    [Passed]:  [0m[0] expected to equal [0]:  
* test_real_relics_pass_catalog_validation
[1m    [INFO]:  [0mArray/Dictionary compared by value.  Use assert_same to compare references.  Use assert_eq_deep to see diff when failing.
[32m    [Passed]:  [0mARRAY([]) == ARRAY([])  
* test_hungry_vine_token_adds_feeding_pressure_through_query
[32m    [Passed]:  [0m[1] expected to equal [1]:  
[32m    [Passed]:  [0m[2] expected to equal [2]:  
* test_battle_start_grant_first_turn_energy_sets_real_energy_pool
[32m    [Passed]:  [0m[1] expected to equal [1]:  
[32m    [Passed]:  [0m[1] expected to equal [1]:  
* test_first_turn_energy_lets_player_spend_one_card_beyond_essence_then_blocks
[32m    [Passed]:  [0m["ongoing"] expected to equal ["ongoing"]:  
[32m    [Passed]:  [0m[0] expected to equal [0]:  
[32m    [Passed]:  [0m[0] expected to equal [0]:  
[32m    [Passed] [0m
[32m    [Passed]:  [0m[0] expected to equal [0]:  
* test_end_turn_clears_action_energy_after_first_turn
[32m    [Passed]:  [0m[0] expected to equal [0]:  
* test_draw_extra_card_hook_increases_hand_on_draw
[32m    [Passed]:  [0m[3] expected to equal [3]:  
[32m    [Passed]:  [0m[1] expected to be > than [0]:  
* test_play_card_gain_essence_hook_refunds_through_event_log
[32m    [Passed]:  [0m[4] expected to equal [4]:  
[32m    [Passed]:  [0m["relic_gain_essence_on_play"] expected to equal ["relic_gain_essence_on_play"]:  
* test_take_damage_reduction_prevents_harm_and_ignores_final_blow
[32m    [Passed]:  [0m[6] expected to equal [6]:  
[32m    [Passed] [0m
* test_multiple_relics_accumulate_in_stable_relic_order
[32m    [Passed]:  [0m[2] expected to equal [2]:  
* test_validate_rejects_unknown_trigger_and_effect_kind
[32m    [Passed]:  [0mrelic bad_relic missing rarity
    relic bad_relic references unknown trigger on_unknown
    relic bad_relic references unknown effect kind explode_universe
    shop offer barter_unknown_gu rewards missing relic jade_cicada_shell
[32m    [Passed]:  [0mrelic bad_relic missing rarity
    relic bad_relic references unknown trigger on_unknown
    relic bad_relic references unknown effect kind explode_universe
    shop offer barter_unknown_gu rewards missing relic jade_cicada_shell
* test_validate_rejects_non_integer_effect_amount
[32m    [Passed]:  [0mrelic bad_relic missing rarity
    relic bad_relic effect amount must be a non-negative integer
    shop offer barter_unknown_gu rewards missing relic jade_cicada_shell
[1m12/12 passed.
[0m[4m

res://tests/unit/test_removal_channels.gd
[0m* test_remove_card_destroys_instance_charges_and_counts
[32m    [Passed] [0m
[32m    [Passed]:  [0m["dead"] expected to equal ["dead"]:  
[32m    [Passed] [0m
[32m    [Passed]:  [0m[80] expected to equal [80]:  
[32m    [Passed]:  [0m["1"] expected to equal ["1"]:  
[32m    [Passed]:  [0m["svc_remove_card"] expected to equal ["svc_remove_card"]:  
[32m    [Passed]:  [0m["gu_removed_by_service"] expected to equal ["gu_removed_by_service"]:  
* test_remove_card_price_escalates_then_hits_limit
[32m    [Passed] [0m
[32m    [Passed]:  [0m[880] expected to equal [880]:  
[32m    [Passed] [0m
[32m    [Passed]:  [0m[730] expected to equal [730]:  
[32m    [Passed]:  [0m["2"] expected to equal ["2"]:  
[32m    [Passed] [0m
[32m    [Passed]:  [0m["service_limit_exceeded"] expected to equal ["service_limit_exceeded"]:  
[32m    [Passed]:  [0m[730] expected to equal [730]:  
[32m    [Passed]:  [0m["2"] expected to equal ["2"]:  
* test_remove_card_rejects_unknown_instance_and_short_stone
[32m    [Passed] [0m
[32m    [Passed]:  [0m["gu_instance_unavailable"] expected to equal ["gu_instance_unavailable"]:  
[32m    [Passed] [0m
[32m    [Passed]:  [0m["insufficient_stone"] expected to equal ["insufficient_stone"]:  
[32m    [Passed]:  [0m[119] expected to equal [119]:  
[32m    [Passed] [0m
* test_remove_imprint_removes_non_meta_relic_and_cleans_stale_meta_rules
[32m    [Passed] [0m
[1m    [INFO]:  [0mArray/Dictionary compared by value.  Use assert_same to compare references.  Use assert_eq_deep to see diff when failing.
[32m    [Passed]:  [0mARRAY([]) == ARRAY([])  
[32m    [Passed] [0m
[32m    [Passed]:  [0m[150] expected to equal [150]:  
[32m    [Passed]:  [0m["1"] expected to equal ["1"]:  
[32m    [Passed]:  [0m["svc_remove_imprint"] expected to equal ["svc_remove_imprint"]:  
* test_remove_imprint_rejects_meta_grade_and_unowned
[32m    [Passed] [0m
[32m    [Passed]:  [0m["meta_rule_not_removable"] expected to equal ["meta_rule_not_removable"]:  
[32m    [Passed] [0m
[32m    [Passed]:  [0m[500] expected to equal [500]:  
[32m    [Passed] [0m
[32m    [Passed]:  [0m["relic_not_owned"] expected to equal ["relic_not_owned"]:  
* test_remove_curse_shares_service_pool_and_escalates
[32m    [Passed] [0m
[32m    [Passed]:  [0m[492] expected to equal [492]:  
[32m    [Passed]:  [0m["1"] expected to equal ["1"]:  
[32m    [Passed]:  [0m["svc_remove_curse"] expected to equal ["svc_remove_curse"]:  
[32m    [Passed]:  [0m["curse_removal_paid"] expected to equal ["curse_removal_paid"]:  
[32m    [Passed]:  [0m["curse_removed"] expected to equal ["curse_removed"]:  
[32m    [Passed] [0m
[32m    [Passed]:  [0m[485] expected to equal [485]:  
[32m    [Passed]:  [0m["2"] expected to equal ["2"]:  
[32m    [Passed] [0m
[32m    [Passed]:  [0m["service_limit_exceeded"] expected to equal ["service_limit_exceeded"]:  
* test_rest_mode_removes_gu_free_and_consumes_visit
[32m    [Passed] [0m
[32m    [Passed]:  [0m["dead"] expected to equal ["dead"]:  
[32m    [Passed]:  [0m[12] expected to equal [12]:  
[32m    [Passed]:  [0m[4] expected to equal [4]:  
[32m    [Passed]:  [0m[2] expected to equal [2]:  
[32m    [Passed] [0m
[32m    [Passed]:  [0m["used"] expected to equal ["used"]:  
[32m    [Passed]:  [0m["true"] expected to equal ["true"]:  
[32m    [Passed]:  [0m["rest_removed_gu"] expected to equal ["rest_removed_gu"]:  
[32m    [Passed] [0m
[32m    [Passed]:  [0m["rest_mode_already_used"] expected to equal ["rest_mode_already_used"]:  
[32m    [Passed] [0m
[32m    [Passed]:  [0m["rest_already_used"] expected to equal ["rest_already_used"]:  
* test_rest_mode_removes_imprint_free
[32m    [Passed] [0m
[1m    [INFO]:  [0mArray/Dictionary compared by value.  Use assert_same to compare references.  Use assert_eq_deep to see diff when failing.
[32m    [Passed]:  [0mARRAY([]) == ARRAY([])  
[32m    [Passed]:  [0m[12] expected to equal [12]:  
[32m    [Passed] [0m
[32m    [Passed]:  [0m["rest_removed_imprint"] expected to equal ["rest_removed_imprint"]:  
* test_rest_mode_removes_curse_free
[32m    [Passed] [0m
[32m    [Passed] [0m
[32m    [Passed]:  [0m[12] expected to equal [12]:  
[32m    [Passed] [0m
* test_rest_mode_validates_targets_before_consuming_visit
[32m    [Passed] [0m
[32m    [Passed]:  [0m["curse_not_present"] expected to equal ["curse_not_present"]:  
[32m    [Passed]:  [0m[""] expected to equal [""]:  
[32m    [Passed] [0m
[32m    [Passed]:  [0m["unsupported_rest_mode"] expected to equal ["unsupported_rest_mode"]:  
* test_cursed_gu_blocks_destroy_and_gain_backlash_curse
[32m    [Passed] [0m
[32m    [Passed]:  [0m["cursed_gu_not_directly_droppable"] expected to equal ["cursed_gu_not_directly_droppable"]:  
[32m    [Passed]:  [0m["refined"] expected to equal ["refined"]:  
[32m    [Passed]:  [0m[1] expected to equal [1]:  
[32m    [Passed]:  [0m["forced_drop"] expected to equal ["forced_drop"]:  
[32m    [Passed]:  [0m["curse_gained"] expected to equal ["curse_gained"]:  
* test_cursed_gu_blocks_paid_removal_without_charge_or_count
[32m    [Passed] [0m
[32m    [Passed]:  [0m["cursed_gu_not_directly_droppable"] expected to equal ["cursed_gu_not_directly_droppable"]:  
[32m    [Passed]:  [0m[500] expected to equal [500]:  
[32m    [Passed]:  [0m["refined"] expected to equal ["refined"]:  
[32m    [Passed] [0m
[32m    [Passed]:  [0m[1] expected to equal [1]:  
* test_catalog_validates_service_limits_and_can_direct_drop
[1m    [INFO]:  [0mArray/Dictionary compared by value.  Use assert_same to compare references.  Use assert_eq_deep to see diff when failing.
[32m    [Passed]:  [0mARRAY([]) == ARRAY([])  
[32m    [Passed]:  [0m[1] expected to equal [1]:  
[32m    [Passed]:  [0m[1] expected to equal [1]:  
[32m    [Passed]:  [0m[1] expected to equal [1]:  
* test_display_text_distinguishes_removal_from_pool_exclusion
[32m    [Passed]:  [0m[11] expected to be > than [0]:  
[32m    [Passed]:  [0m[16] expected to be > than [0]:  
[32m    [Passed]:  [0m["绉婚櫎锛堜粠铔婂泭鍒犻櫎杩欏彧锛?] expected to not equal ["姹犳帓闄わ紙鏈眬涓嶅啀鍒峰嚭锛屽皻鏈疄瑁咃級"]:  
[32m    [Passed] [0m
[32m    [Passed] [0m
[1m14/14 passed.
[0m[4m

res://tests/unit/test_resolver_ascension.gd
[0m* test_ascension_returns_success_for_prepared_state
[32m    [Passed] [0m
[32m    [Passed]:  [0m["success"] expected to equal ["success"]:  
* test_ascension_returns_risky_success_when_requirements_met_with_high_risk
[32m    [Passed]:  [0m["risky_success"] expected to equal ["risky_success"]:  
* test_ascension_returns_survived_failure_for_missing_heaven_earth_qi
[32m    [Passed]:  [0m["survived_failure"] expected to equal ["survived_failure"]:  
* test_invalid_command_does_not_mutate_state
[32m    [Passed] [0m
[1m    [INFO]:  [0mArray/Dictionary compared by value.  Use assert_same to compare references.  Use assert_eq_deep to see diff when failing.
[32m    [Passed]:  [0mDICTIONARY({ "seed": 101, "stage": "one", "cultivation": 1, "essence": 3, "essence_capacit...active" }) == DICTIONARY({ "seed": 101, "stage": "one", "cultivation": 1, "essence": 3, "essence_capacit...active" })  
[1m4/4 passed.
[0m[4m

res://tests/unit/test_resolver_resources.gd
[0m* test_body_imprint_changes_rule_and_logs_its_lifespan_cost
[32m    [Passed] [0m
[32m    [Passed]:  [0m[1] expected to equal [1]:  
[32m    [Passed]:  [0m["body_imprint_cost"] expected to equal ["body_imprint_cost"]:  
[32m    [Passed] [0m
* test_iron_bone_defense_has_authored_stealth_drawback
[32m    [Passed] [0m
[32m    [Passed] [0m
[32m    [Passed] [0m
* test_buy_opportunity_rejects_generic_attribute_purchase
[32m    [Passed] [0m
[32m    [Passed]:  [0m[12] expected to equal [12]:  
[32m    [Passed]:  [0m[1] expected to equal [1]:  
* test_every_standard_encounter_action_returns_a_visible_consequence
[32m    [Passed]:  [0maccept
[32m    [Passed]:  [0m["accept"] expected to equal ["accept"]:  accept
[32m    [Passed]:  [0maccept
[32m    [Passed]:  [0maccept
[32m    [Passed]:  [0mally
[32m    [Passed]:  [0m["ally"] expected to equal ["ally"]:  ally
[32m    [Passed]:  [0mally
[32m    [Passed]:  [0mally
[32m    [Passed]:  [0mbuy_information
[32m    [Passed]:  [0m["buy_information"] expected to equal ["buy_information"]:  buy_information
[32m    [Passed]:  [0mbuy_information
[32m    [Passed]:  [0mbuy_information
[32m    [Passed]:  [0mclaim
[32m    [Passed]:  [0m["claim"] expected to equal ["claim"]:  claim
[32m    [Passed]:  [0mclaim
[32m    [Passed]:  [0mclaim
[32m    [Passed]:  [0mcross
[32m    [Passed]:  [0m["cross"] expected to equal ["cross"]:  cross
[32m    [Passed]:  [0mcross
[32m    [Passed]:  [0mcross
[32m    [Passed]:  [0mdeceive
[32m    [Passed]:  [0m["deceive"] expected to equal ["deceive"]:  deceive
[32m    [Passed]:  [0mdeceive
[32m    [Passed]:  [0mdeceive
[32m    [Passed]:  [0mharvest
[32m    [Passed]:  [0m["harvest"] expected to equal ["harvest"]:  harvest
[32m    [Passed]:  [0mharvest
[32m    [Passed]:  [0mharvest
[32m    [Passed]:  [0minspect
[32m    [Passed]:  [0m["inspect"] expected to equal ["inspect"]:  inspect
[32m    [Passed]:  [0minspect
[32m    [Passed]:  [0minspect
[32m    [Passed]:  [0mleave
[32m    [Passed]:  [0m["leave"] expected to equal ["leave"]:  leave
[32m    [Passed]:  [0mleave
[32m    [Passed]:  [0mleave
[32m    [Passed]:  [0mlure
[32m    [Passed]:  [0m["lure"] expected to equal ["lure"]:  lure
[32m    [Passed]:  [0mlure
[32m    [Passed]:  [0mlure
[32m    [Passed]:  [0mmeditate
[32m    [Passed]:  [0m["meditate"] expected to equal ["meditate"]:  meditate
[32m    [Passed]:  [0mmeditate
[32m    [Passed]:  [0mmeditate
[32m    [Passed]:  [0mopen
[32m    [Passed]:  [0m["open"] expected to equal ["open"]:  open
[32m    [Passed]:  [0mopen
[32m    [Passed]:  [0mopen
[32m    [Passed]:  [0mprepare
[32m    [Passed]:  [0m["prepare"] expected to equal ["prepare"]:  prepare
[32m    [Passed]:  [0mprepare
[32m    [Passed]:  [0mprepare
[32m    [Passed]:  [0mretreat
[32m    [Passed]:  [0m["retreat"] expected to equal ["retreat"]:  retreat
[32m    [Passed]:  [0mretreat
[32m    [Passed]:  [0mretreat
[32m    [Passed]:  [0mscout
[32m    [Passed]:  [0m["scout"] expected to equal ["scout"]:  scout
[32m    [Passed]:  [0mscout
[32m    [Passed]:  [0mscout
[32m    [Passed]:  [0mscheme
[32m    [Passed]:  [0m["scheme"] expected to equal ["scheme"]:  scheme
[32m    [Passed]:  [0mscheme
[32m    [Passed]:  [0mscheme
[32m    [Passed]:  [0mtake_imprint
[32m    [Passed]:  [0m["take_imprint"] expected to equal ["take_imprint"]:  take_imprint
[32m    [Passed]:  [0mtake_imprint
[32m    [Passed]:  [0mtake_imprint
[32m    [Passed]:  [0mtrade
[32m    [Passed]:  [0m["trade"] expected to equal ["trade"]:  trade
[32m    [Passed]:  [0mtrade
[32m    [Passed]:  [0mtrade
[32m    [Passed]:  [0mwithdraw
[32m    [Passed]:  [0m["withdraw"] expected to equal ["withdraw"]:  withdraw
[32m    [Passed]:  [0mwithdraw
[32m    [Passed]:  [0mwithdraw
[32m    [Passed]:  [0mwork
[32m    [Passed]:  [0m["work"] expected to equal ["work"]:  work
[32m    [Passed]:  [0mwork
[32m    [Passed]:  [0mwork
[1m4/4 passed.
[0m[4m

res://tests/unit/test_rest_node.gd
[0m* test_rest_recovers_health_and_essence_without_lifespan
[32m    [Passed] [0m
[32m    [Passed]:  [0m[6] expected to equal [6]:  
[32m    [Passed]:  [0m[4] expected to equal [4]:  
[32m    [Passed]:  [0m[60] expected to equal [60]:  
[32m    [Passed]:  [0m["rest_recovered"] expected to equal ["rest_recovered"]:  
* test_rest_recovers_only_once_per_node
[32m    [Passed] [0m
[32m    [Passed]:  [0m["rest_already_used"] expected to equal ["rest_already_used"]:  
[32m    [Passed]:  [0m[6] expected to equal [6]:  
* test_rest_is_rejected_outside_rest_node
[32m    [Passed] [0m
[32m    [Passed]:  [0m["not_rest_node"] expected to equal ["not_rest_node"]:  
* test_rest_preview_shows_card_and_blocks_after_use
[32m    [Passed] [0m
[32m    [Passed]:  [0m[""] expected to equal [""]:  
[32m    [Passed] [0m
[1m4/4 passed.
[0m[4m

res://tests/unit/test_result_feed.gd
[0m* test_entry_preserves_action_changes_and_visible_facts
[32m    [Passed]:  [0m["deceive"] expected to equal ["deceive"]:  
[32m    [Passed]:  [0m["contact_deceive_success"] expected to equal ["contact_deceive_success"]:  
[32m    [Passed]:  [0m[2] expected to equal [2]:  
[1m    [INFO]:  [0mArray/Dictionary compared by value.  Use assert_same to compare references.  Use assert_eq_deep to see diff when failing.
[32m    [Passed]:  [0mARRAY(["wanderer_misdirected"]) == ARRAY(["wanderer_misdirected"])  
[1m1/1 passed.
[0m[4m

res://tests/unit/test_run_state.gd
[0m* test_new_run_has_small_light_gu_and_initial_resources
[1m    [INFO]:  [0mArray/Dictionary compared by value.  Use assert_same to compare references.  Use assert_eq_deep to see diff when failing.
[32m    [Passed]:  [0mARRAY(["small_light_gu"]) == ARRAY(["small_light_gu"])  
[1m    [INFO]:  [0mArray/Dictionary compared by value.  Use assert_same to compare references.  Use assert_eq_deep to see diff when failing.
[32m    [Passed]:  [0mARRAY(["small_light_gu"]) == ARRAY(["small_light_gu"])  
[32m    [Passed]:  [0m[12] expected to equal [12]:  
[32m    [Passed]:  [0m[3] expected to equal [3]:  
[32m    [Passed]:  [0m[1] expected to equal [1]:  
[32m    [Passed]:  [0m["event_0000"] expected to equal ["event_0000"]:  
* test_append_event_returns_new_state_without_changing_old_state
[32m    [Passed]:  [0m[12] expected to equal [12]:  
[32m    [Passed]:  [0m[1] expected to equal [1]:  
[32m    [Passed]:  [0m[9] expected to equal [9]:  
[32m    [Passed]:  [0m[2] expected to equal [2]:  
[32m    [Passed]:  [0m["buy_information"] expected to equal ["buy_information"]:  
[32m    [Passed]:  [0m["event_0001"] expected to equal ["event_0001"]:  
* test_save_data_preserves_event_log_order
[32m    [Passed]:  [0m[101] expected to equal [101]:  
[32m    [Passed]:  [0m[2] expected to equal [2]:  
[32m    [Passed]:  [0m["event_0000"] expected to equal ["event_0000"]:  
[32m    [Passed]:  [0m["event_0001"] expected to equal ["event_0001"]:  
[1m3/3 passed.
[0m[4m

res://tests/unit/test_save_repository.gd
[0m* test_saved_reply_is_replayed_without_gateway_call
[32m    [Passed]:  [0m["绠′簨鏀朵笅璐﹀唽璇佹嵁锛屼负浣犳墦寮€涓€鏉℃湁浜虹収鐪嬬殑璺€?] expected to equal ["绠′簨鏀朵笅璐﹀唽璇佹嵁锛屼负浣犳墦寮€涓€鏉℃湁浜虹収鐪嬬殑璺€?]:  
[32m    [Passed]:  [0m[0] expected to equal [0]:  
* test_save_round_trip_preserves_active_encounter_session
[32m    [Passed]:  [0m[4] expected to equal [4]:  
[32m    [Passed]:  [0m["neutral_wanderer"] expected to equal ["neutral_wanderer"]:  
[32m    [Passed]:  [0m["contact_deceive_success"] expected to equal ["contact_deceive_success"]:  
* test_load_rejects_save_with_non_contiguous_event_ids
[32m    [Passed] [0m
* test_load_rejects_save_with_tampered_state_checksum
[32m    [Passed] [0m
* test_load_rejects_save_without_checksum
[32m    [Passed] [0m
[1m5/5 passed.
[0m[4m

res://tests/unit/test_school_framework.gd
[0m* test_real_catalog_passes_school_validation
[1m    [INFO]:  [0mArray/Dictionary compared by value.  Use assert_same to compare references.  Use assert_eq_deep to see diff when failing.
[32m    [Passed]:  [0mARRAY([]) == ARRAY([])  
* test_validation_rejects_missing_and_unknown_school
[32m    [Passed] [0m
[32m    [Passed] [0m
* test_school_starter_injection_on_new_run
[32m    [Passed]:  [0m["blood"] expected to equal ["blood"]:  
[32m    [Passed] [0m
[32m    [Passed] [0m
[32m    [Passed] [0m
* test_school_survives_save_data_and_copy
[32m    [Passed]:  [0m["qi"] expected to equal ["qi"]:  
[32m    [Passed]:  [0m["qi"] expected to equal ["qi"]:  
* test_force_power_grants_once_and_boosts_punch
[32m    [Passed] [0m
[32m    [Passed]:  [0m[1] expected to equal [1]:  
[32m    [Passed]:  [0m["force_power_gained"] expected to equal ["force_power_gained"]:  
[32m    [Passed] [0m
[32m    [Passed]:  [0m["force_imprint_repeated"] expected to equal ["force_imprint_repeated"]:  
[32m    [Passed]:  [0m[1] expected to equal [1]:  
* test_blood_stack_and_material_helpers
[32m    [Passed]:  [0m[0] expected to equal [0]:  
[32m    [Passed]:  [0m[3] expected to equal [3]:  
[32m    [Passed]:  [0m[3] expected to equal [3]:  
[32m    [Passed]:  [0m[5] expected to equal [5]:  
[32m    [Passed]:  [0m[3] expected to equal [3]:  
* test_title_view_exposes_three_school_buttons
[32m    [Passed]:  [0mExpected [@Button@222:<Button#671206087310>] to be anything but NULL:  
[32m    [Passed]:  [0mExpected [@Button@223:<Button#671256418961>] to be anything but NULL:  
[32m    [Passed]:  [0mExpected [@Button@224:<Button#671306750612>] to be anything but NULL:  
[1m7/7 passed.
[0m[4m

res://tests/unit/test_school_starter_data.gd
[0m* test_three_schools_each_have_five_starters
[32m    [Passed]:  [0m[5] expected to equal [5]:  blood must have exactly five starters
[32m    [Passed]:  [0mblood starter missing gu blood_moss_gu
[32m    [Passed]:  [0mblood starter list has duplicates
[32m    [Passed]:  [0mblood starter missing gu blood_droplet_gu
[32m    [Passed]:  [0mblood starter list has duplicates
[32m    [Passed]:  [0mblood starter missing gu blood_bat_gu
[32m    [Passed]:  [0mblood starter list has duplicates
[32m    [Passed]:  [0mblood starter missing gu blood_wing_gu
[32m    [Passed]:  [0mblood starter list has duplicates
[32m    [Passed]:  [0mblood starter missing gu blood_farewell_gu
[32m    [Passed]:  [0mblood starter list has duplicates
[32m    [Passed]:  [0m[5] expected to equal [5]:  qi must have exactly five starters
[32m    [Passed]:  [0mqi starter missing gu small_light_gu
[32m    [Passed]:  [0mqi starter list has duplicates
[32m    [Passed]:  [0mqi starter missing gu trail_eye_gu
[32m    [Passed]:  [0mqi starter list has duplicates
[32m    [Passed]:  [0mqi starter missing gu venom_thread_gu
[32m    [Passed]:  [0mqi starter list has duplicates
[32m    [Passed]:  [0mqi starter missing gu shadow_veil_gu
[32m    [Passed]:  [0mqi starter list has duplicates
[32m    [Passed]:  [0mqi starter missing gu qi_wall_gu
[32m    [Passed]:  [0mqi starter list has duplicates
[32m    [Passed]:  [0m[5] expected to equal [5]:  force must have exactly five starters
[32m    [Passed]:  [0mforce starter missing gu thorn_whip_gu
[32m    [Passed]:  [0mforce starter list has duplicates
[32m    [Passed]:  [0mforce starter missing gu stone_shell_gu
[32m    [Passed]:  [0mforce starter list has duplicates
[32m    [Passed]:  [0mforce starter missing gu force_gu
[32m    [Passed]:  [0mforce starter list has duplicates
[32m    [Passed]:  [0mforce starter missing gu bear_strength_gu
[32m    [Passed]:  [0mforce starter list has duplicates
[32m    [Passed]:  [0mforce starter missing gu mist_step_gu
[32m    [Passed]:  [0mforce starter list has duplicates
* test_starters_belong_to_their_school
[32m    [Passed]:  [0m["blood"] expected to equal ["blood"]:  
[32m    [Passed]:  [0m["blood"] expected to equal ["blood"]:  
[32m    [Passed]:  [0m["blood"] expected to equal ["blood"]:  
[32m    [Passed]:  [0m["blood"] expected to equal ["blood"]:  
[32m    [Passed]:  [0m["blood"] expected to equal ["blood"]:  
[32m    [Passed]:  [0m["qi"] expected to equal ["qi"]:  
[32m    [Passed]:  [0m["qi"] expected to equal ["qi"]:  
[32m    [Passed]:  [0m["qi"] expected to equal ["qi"]:  
[32m    [Passed]:  [0m["qi"] expected to equal ["qi"]:  
[32m    [Passed]:  [0m["qi"] expected to equal ["qi"]:  
[32m    [Passed]:  [0m["force"] expected to equal ["force"]:  
[32m    [Passed]:  [0m["force"] expected to equal ["force"]:  
[32m    [Passed]:  [0m["force"] expected to equal ["force"]:  
[32m    [Passed]:  [0m["force"] expected to equal ["force"]:  
[32m    [Passed]:  [0m["force"] expected to equal ["force"]:  
* test_starter_roles_are_valid_and_cover_core_roles
[32m    [Passed]:  [0mblood starter has invalid role healing
[32m    [Passed]:  [0mblood starter has invalid role attack
[32m    [Passed]:  [0mblood starter has invalid role attack
[32m    [Passed]:  [0mblood starter has invalid role movement
[32m    [Passed]:  [0mblood starter has invalid role attack
[32m    [Passed]:  [0mblood starters need an attack role
[32m    [Passed]:  [0mqi starter has invalid role attack
[32m    [Passed]:  [0mqi starter has invalid role recon
[32m    [Passed]:  [0mqi starter has invalid role attack
[32m    [Passed]:  [0mqi starter has invalid role movement
[32m    [Passed]:  [0mqi starter has invalid role defense
[32m    [Passed]:  [0mqi starters need an attack role
[32m    [Passed]:  [0mforce starter has invalid role attack
[32m    [Passed]:  [0mforce starter has invalid role defense
[32m    [Passed]:  [0mforce starter has invalid role attack
[32m    [Passed]:  [0mforce starter has invalid role healing
[32m    [Passed]:  [0mforce starter has invalid role movement
[32m    [Passed]:  [0mforce starters need an attack role
[32m    [Passed]:  [0mblood starters need healing
[32m    [Passed]:  [0mqi starters need defense
[32m    [Passed]:  [0mqi starters need recon
[32m    [Passed]:  [0mforce starters need defense
* test_starter_blueprints_exist_as_cards
[32m    [Passed]:  [0mgu small_light_gu references missing card light_probe
[32m    [Passed]:  [0mcard light_probe must source from gu small_light_gu
[32m    [Passed]:  [0mgu trail_eye_gu references missing card scout_eye
[32m    [Passed]:  [0mcard scout_eye must source from gu trail_eye_gu
[32m    [Passed]:  [0mgu blood_moss_gu references missing card blood_moss_relief
[32m    [Passed]:  [0mcard blood_moss_relief must source from gu blood_moss_gu
[32m    [Passed]:  [0mgu thorn_whip_gu references missing card thorn_strike
[32m    [Passed]:  [0mcard thorn_strike must source from gu thorn_whip_gu
[32m    [Passed]:  [0mgu thorn_whip_gu references missing card thorn_bind
[32m    [Passed]:  [0mcard thorn_bind must source from gu thorn_whip_gu
[32m    [Passed]:  [0mgu venom_thread_gu references missing card venom_snare
[32m    [Passed]:  [0mcard venom_snare must source from gu venom_thread_gu
[32m    [Passed]:  [0mgu stone_shell_gu references missing card stone_guard
[32m    [Passed]:  [0mcard stone_guard must source from gu stone_shell_gu
[32m    [Passed]:  [0mgu shadow_veil_gu references missing card shadow_haze
[32m    [Passed]:  [0mcard shadow_haze must source from gu shadow_veil_gu
[32m    [Passed]:  [0mgu pulse_drum_gu references missing card pulse_wave
[32m    [Passed]:  [0mcard pulse_wave must source from gu pulse_drum_gu
[32m    [Passed]:  [0mgu moonlight_gu references missing card moonlight_strike
[32m    [Passed]:  [0mcard moonlight_strike must source from gu moonlight_gu
[32m    [Passed]:  [0mgu moon_glow_gu references missing card moon_glow_flare
[32m    [Passed]:  [0mcard moon_glow_flare must source from gu moon_glow_gu
[32m    [Passed]:  [0mgu blood_droplet_gu references missing card blood_droplet_shot
[32m    [Passed]:  [0mcard blood_droplet_shot must source from gu blood_droplet_gu
[32m    [Passed]:  [0mgu blood_bat_gu references missing card blood_bat_bite
[32m    [Passed]:  [0mcard blood_bat_bite must source from gu blood_bat_gu
[32m    [Passed]:  [0mgu blood_wing_gu references missing card blood_wing_escape
[32m    [Passed]:  [0mcard blood_wing_escape must source from gu blood_wing_gu
[32m    [Passed]:  [0mgu blood_farewell_gu references missing card farewell_grip
[32m    [Passed]:  [0mcard farewell_grip must source from gu blood_farewell_gu
[32m    [Passed]:  [0mgu force_gu references missing card power_blow
[32m    [Passed]:  [0mcard power_blow must source from gu force_gu
[32m    [Passed]:  [0mgu bear_strength_gu references missing card bear_vitality
[32m    [Passed]:  [0mcard bear_vitality must source from gu bear_strength_gu
[32m    [Passed]:  [0mgu qi_wall_gu references missing card qi_bulwark
[32m    [Passed]:  [0mcard qi_bulwark must source from gu qi_wall_gu
[32m    [Passed]:  [0mgu gen_blood_attack_001_gu references missing card gen_blood_attack_001_card
[32m    [Passed]:  [0mcard gen_blood_attack_001_card must source from gu gen_blood_attack_001_gu
[32m    [Passed]:  [0mgu gen_blood_attack_002_gu references missing card gen_blood_attack_002_card
[32m    [Passed]:  [0mcard gen_blood_attack_002_card must source from gu gen_blood_attack_002_gu
[32m    [Passed]:  [0mgu gen_blood_defense_003_gu references missing card gen_blood_defense_003_card
[32m    [Passed]:  [0mcard gen_blood_defense_003_card must source from gu gen_blood_defense_003_gu
[32m    [Passed]:  [0mgu gen_blood_movement_004_gu references missing card gen_blood_movement_004_card
[32m    [Passed]:  [0mcard gen_blood_movement_004_card must source from gu gen_blood_movement_004_gu
[32m    [Passed]:  [0mgu gen_blood_healing_005_gu references missing card gen_blood_healing_005_card
[32m    [Passed]:  [0mcard gen_blood_healing_005_card must source from gu gen_blood_healing_005_gu
[32m    [Passed]:  [0mgu gen_blood_recon_006_gu references missing card gen_blood_recon_006_card
[32m    [Passed]:  [0mcard gen_blood_recon_006_card must source from gu gen_blood_recon_006_gu
[32m    [Passed]:  [0mgu gen_blood_logistics_007_gu references missing card gen_blood_logistics_007_card
[32m    [Passed]:  [0mcard gen_blood_logistics_007_card must source from gu gen_blood_logistics_007_gu
[32m    [Passed]:  [0mgu gen_blood_attack_008_gu references missing card gen_blood_attack_008_card
[32m    [Passed]:  [0mcard gen_blood_attack_008_card must source from gu gen_blood_attack_008_gu
[32m    [Passed]:  [0mgu gen_blood_attack_009_gu references missing card gen_blood_attack_009_card
[32m    [Passed]:  [0mcard gen_blood_attack_009_card must source from gu gen_blood_attack_009_gu
[32m    [Passed]:  [0mgu gen_blood_defense_010_gu references missing card gen_blood_defense_010_card
[32m    [Passed]:  [0mcard gen_blood_defense_010_card must source from gu gen_blood_defense_010_gu
[32m    [Passed]:  [0mgu gen_blood_movement_011_gu references missing card gen_blood_movement_011_card
[32m    [Passed]:  [0mcard gen_blood_movement_011_card must source from gu gen_blood_movement_011_gu
[32m    [Passed]:  [0mgu gen_blood_healing_012_gu references missing card gen_blood_healing_012_card
[32m    [Passed]:  [0mcard gen_blood_healing_012_card must source from gu gen_blood_healing_012_gu
[32m    [Passed]:  [0mgu gen_blood_recon_013_gu references missing card gen_blood_recon_013_card
[32m    [Passed]:  [0mcard gen_blood_recon_013_card must source from gu gen_blood_recon_013_gu
[32m    [Passed]:  [0mgu gen_blood_logistics_014_gu references missing card gen_blood_logistics_014_card
[32m    [Passed]:  [0mcard gen_blood_logistics_014_card must source from gu gen_blood_logistics_014_gu
[32m    [Passed]:  [0mgu gen_blood_attack_015_gu references missing card gen_blood_attack_015_card
[32m    [Passed]:  [0mcard gen_blood_attack_015_card must source from gu gen_blood_attack_015_gu
[32m    [Passed]:  [0mgu gen_blood_attack_016_gu references missing card gen_blood_attack_016_card
[32m    [Passed]:  [0mcard gen_blood_attack_016_card must source from gu gen_blood_attack_016_gu
[32m    [Passed]:  [0mgu gen_blood_defense_017_gu references missing card gen_blood_defense_017_card
[32m    [Passed]:  [0mcard gen_blood_defense_017_card must source from gu gen_blood_defense_017_gu
[32m    [Passed]:  [0mgu gen_blood_movement_018_gu references missing card gen_blood_movement_018_card
[32m    [Passed]:  [0mcard gen_blood_movement_018_card must source from gu gen_blood_movement_018_gu
[32m    [Passed]:  [0mgu gen_blood_healing_019_gu references missing card gen_blood_healing_019_card
[32m    [Passed]:  [0mcard gen_blood_healing_019_card must source from gu gen_blood_healing_019_gu
[32m    [Passed]:  [0mgu gen_blood_recon_020_gu references missing card gen_blood_recon_020_card
[32m    [Passed]:  [0mcard gen_blood_recon_020_card must source from gu gen_blood_recon_020_gu
[32m    [Passed]:  [0mgu gen_blood_logistics_021_gu references missing card gen_blood_logistics_021_card
[32m    [Passed]:  [0mcard gen_blood_logistics_021_card must source from gu gen_blood_logistics_021_gu
[32m    [Passed]:  [0mgu gen_blood_attack_022_gu references missing card gen_blood_attack_022_card
[32m    [Passed]:  [0mcard gen_blood_attack_022_card must source from gu gen_blood_attack_022_gu
[32m    [Passed]:  [0mgu gen_blood_attack_023_gu references missing card gen_blood_attack_023_card
[32m    [Passed]:  [0mcard gen_blood_attack_023_card must source from gu gen_blood_attack_023_gu
[32m    [Passed]:  [0mgu gen_blood_defense_024_gu references missing card gen_blood_defense_024_card
[32m    [Passed]:  [0mcard gen_blood_defense_024_card must source from gu gen_blood_defense_024_gu
[32m    [Passed]:  [0mgu gen_blood_movement_025_gu references missing card gen_blood_movement_025_card
[32m    [Passed]:  [0mcard gen_blood_movement_025_card must source from gu gen_blood_movement_025_gu
[32m    [Passed]:  [0mgu gen_blood_healing_026_gu references missing card gen_blood_healing_026_card
[32m    [Passed]:  [0mcard gen_blood_healing_026_card must source from gu gen_blood_healing_026_gu
[32m    [Passed]:  [0mgu gen_blood_recon_027_gu references missing card gen_blood_recon_027_card
[32m    [Passed]:  [0mcard gen_blood_recon_027_card must source from gu gen_blood_recon_027_gu
[32m    [Passed]:  [0mgu gen_blood_logistics_028_gu references missing card gen_blood_logistics_028_card
[32m    [Passed]:  [0mcard gen_blood_logistics_028_card must source from gu gen_blood_logistics_028_gu
[32m    [Passed]:  [0mgu gen_blood_attack_029_gu references missing card gen_blood_attack_029_card
[32m    [Passed]:  [0mcard gen_blood_attack_029_card must source from gu gen_blood_attack_029_gu
[32m    [Passed]:  [0mgu gen_blood_attack_030_gu references missing card gen_blood_attack_030_card
[32m    [Passed]:  [0mcard gen_blood_attack_030_card must source from gu gen_blood_attack_030_gu
[32m    [Passed]:  [0mgu gen_blood_defense_031_gu references missing card gen_blood_defense_031_card
[32m    [Passed]:  [0mcard gen_blood_defense_031_card must source from gu gen_blood_defense_031_gu
[32m    [Passed]:  [0mgu gen_blood_movement_032_gu references missing card gen_blood_movement_032_card
[32m    [Passed]:  [0mcard gen_blood_movement_032_card must source from gu gen_blood_movement_032_gu
[32m    [Passed]:  [0mgu gen_blood_healing_033_gu references missing card gen_blood_healing_033_card
[32m    [Passed]:  [0mcard gen_blood_healing_033_card must source from gu gen_blood_healing_033_gu
[32m    [Passed]:  [0mgu gen_blood_recon_034_gu references missing card gen_blood_recon_034_card
[32m    [Passed]:  [0mcard gen_blood_recon_034_card must source from gu gen_blood_recon_034_gu
[32m    [Passed]:  [0mgu gen_qi_logistics_035_gu references missing card gen_qi_logistics_035_card
[32m    [Passed]:  [0mcard gen_qi_logistics_035_card must source from gu gen_qi_logistics_035_gu
[32m    [Passed]:  [0mgu gen_qi_attack_036_gu references missing card gen_qi_attack_036_card
[32m    [Passed]:  [0mcard gen_qi_attack_036_card must source from gu gen_qi_attack_036_gu
[32m    [Passed]:  [0mgu gen_qi_attack_037_gu references missing card gen_qi_attack_037_card
[32m    [Passed]:  [0mcard gen_qi_attack_037_card must source from gu gen_qi_attack_037_gu
[32m    [Passed]:  [0mgu gen_qi_defense_038_gu references missing card gen_qi_defense_038_card
[32m    [Passed]:  [0mcard gen_qi_defense_038_card must source from gu gen_qi_defense_038_gu
[32m    [Passed]:  [0mgu gen_qi_movement_039_gu references missing card gen_qi_movement_039_card
[32m    [Passed]:  [0mcard gen_qi_movement_039_card must source from gu gen_qi_movement_039_gu
[32m    [Passed]:  [0mgu gen_qi_healing_040_gu references missing card gen_qi_healing_040_card
[32m    [Passed]:  [0mcard gen_qi_healing_040_card must source from gu gen_qi_healing_040_gu
[32m    [Passed]:  [0mgu gen_qi_recon_041_gu references missing card gen_qi_recon_041_card
[32m    [Passed]:  [0mcard gen_qi_recon_041_card must source from gu gen_qi_recon_041_gu
[32m    [Passed]:  [0mgu gen_qi_logistics_042_gu references missing card gen_qi_logistics_042_card
[32m    [Passed]:  [0mcard gen_qi_logistics_042_card must source from gu gen_qi_logistics_042_gu
[32m    [Passed]:  [0mgu gen_qi_attack_043_gu references missing card gen_qi_attack_043_card
[32m    [Passed]:  [0mcard gen_qi_attack_043_card must source from gu gen_qi_attack_043_gu
[32m    [Passed]:  [0mgu gen_qi_attack_044_gu references missing card gen_qi_attack_044_card
[32m    [Passed]:  [0mcard gen_qi_attack_044_card must source from gu gen_qi_attack_044_gu
[32m    [Passed]:  [0mgu gen_qi_defense_045_gu references missing card gen_qi_defense_045_card
[32m    [Passed]:  [0mcard gen_qi_defense_045_card must source from gu gen_qi_defense_045_gu
[32m    [Passed]:  [0mgu gen_qi_movement_046_gu references missing card gen_qi_movement_046_card
[32m    [Passed]:  [0mcard gen_qi_movement_046_card must source from gu gen_qi_movement_046_gu
[32m    [Passed]:  [0mgu gen_qi_healing_047_gu references missing card gen_qi_healing_047_card
[32m    [Passed]:  [0mcard gen_qi_healing_047_card must source from gu gen_qi_healing_047_gu
[32m    [Passed]:  [0mgu gen_qi_recon_048_gu references missing card gen_qi_recon_048_card
[32m    [Passed]:  [0mcard gen_qi_recon_048_card must source from gu gen_qi_recon_048_gu
[32m    [Passed]:  [0mgu gen_qi_logistics_049_gu references missing card gen_qi_logistics_049_card
[32m    [Passed]:  [0mcard gen_qi_logistics_049_card must source from gu gen_qi_logistics_049_gu
[32m    [Passed]:  [0mgu gen_qi_attack_050_gu references missing card gen_qi_attack_050_card
[32m    [Passed]:  [0mcard gen_qi_attack_050_card must source from gu gen_qi_attack_050_gu
[32m    [Passed]:  [0mgu gen_qi_attack_051_gu references missing card gen_qi_attack_051_card
[32m    [Passed]:  [0mcard gen_qi_attack_051_card must source from gu gen_qi_attack_051_gu
[32m    [Passed]:  [0mgu gen_qi_defense_052_gu references missing card gen_qi_defense_052_card
[32m    [Passed]:  [0mcard gen_qi_defense_052_card must source from gu gen_qi_defense_052_gu
[32m    [Passed]:  [0mgu gen_qi_movement_053_gu references missing card gen_qi_movement_053_card
[32m    [Passed]:  [0mcard gen_qi_movement_053_card must source from gu gen_qi_movement_053_gu
[32m    [Passed]:  [0mgu gen_qi_healing_054_gu references missing card gen_qi_healing_054_card
[32m    [Passed]:  [0mcard gen_qi_healing_054_card must source from gu gen_qi_healing_054_gu
[32m    [Passed]:  [0mgu gen_qi_recon_055_gu references missing card gen_qi_recon_055_card
[32m    [Passed]:  [0mcard gen_qi_recon_055_card must source from gu gen_qi_recon_055_gu
[32m    [Passed]:  [0mgu gen_qi_logistics_056_gu references missing card gen_qi_logistics_056_card
[32m    [Passed]:  [0mcard gen_qi_logistics_056_card must source from gu gen_qi_logistics_056_gu
[32m    [Passed]:  [0mgu gen_qi_attack_057_gu references missing card gen_qi_attack_057_card
[32m    [Passed]:  [0mcard gen_qi_attack_057_card must source from gu gen_qi_attack_057_gu
[32m    [Passed]:  [0mgu gen_qi_attack_058_gu references missing card gen_qi_attack_058_card
[32m    [Passed]:  [0mcard gen_qi_attack_058_card must source from gu gen_qi_attack_058_gu
[32m    [Passed]:  [0mgu gen_qi_defense_059_gu references missing card gen_qi_defense_059_card
[32m    [Passed]:  [0mcard gen_qi_defense_059_card must source from gu gen_qi_defense_059_gu
[32m    [Passed]:  [0mgu gen_qi_movement_060_gu references missing card gen_qi_movement_060_card
[32m    [Passed]:  [0mcard gen_qi_movement_060_card must source from gu gen_qi_movement_060_gu
[32m    [Passed]:  [0mgu gen_qi_healing_061_gu references missing card gen_qi_healing_061_card
[32m    [Passed]:  [0mcard gen_qi_healing_061_card must source from gu gen_qi_healing_061_gu
[32m    [Passed]:  [0mgu gen_qi_recon_062_gu references missing card gen_qi_recon_062_card
[32m    [Passed]:  [0mcard gen_qi_recon_062_card must source from gu gen_qi_recon_062_gu
[32m    [Passed]:  [0mgu gen_qi_logistics_063_gu references missing card gen_qi_logistics_063_card
[32m    [Passed]:  [0mcard gen_qi_logistics_063_card must source from gu gen_qi_logistics_063_gu
[32m    [Passed]:  [0mgu gen_qi_attack_064_gu references missing card gen_qi_attack_064_card
[32m    [Passed]:  [0mcard gen_qi_attack_064_card must source from gu gen_qi_attack_064_gu
[32m    [Passed]:  [0mgu gen_qi_attack_065_gu references missing card gen_qi_attack_065_card
[32m    [Passed]:  [0mcard gen_qi_attack_065_card must source from gu gen_qi_attack_065_gu
[32m    [Passed]:  [0mgu gen_qi_defense_066_gu references missing card gen_qi_defense_066_card
[32m    [Passed]:  [0mcard gen_qi_defense_066_card must source from gu gen_qi_defense_066_gu
[32m    [Passed]:  [0mgu gen_qi_movement_067_gu references missing card gen_qi_movement_067_card
[32m    [Passed]:  [0mcard gen_qi_movement_067_card must source from gu gen_qi_movement_067_gu
[32m    [Passed]:  [0mgu gen_force_healing_068_gu references missing card gen_force_healing_068_card
[32m    [Passed]:  [0mcard gen_force_healing_068_card must source from gu gen_force_healing_068_gu
[32m    [Passed]:  [0mgu gen_force_recon_069_gu references missing card gen_force_recon_069_card
[32m    [Passed]:  [0mcard gen_force_recon_069_card must source from gu gen_force_recon_069_gu
[32m    [Passed]:  [0mgu gen_force_logistics_070_gu references missing card gen_force_logistics_070_card
[32m    [Passed]:  [0mcard gen_force_logistics_070_card must source from gu gen_force_logistics_070_gu
[32m    [Passed]:  [0mgu gen_force_attack_071_gu references missing card gen_force_attack_071_card
[32m    [Passed]:  [0mcard gen_force_attack_071_card must source from gu gen_force_attack_071_gu
[32m    [Passed]:  [0mgu gen_force_attack_072_gu references missing card gen_force_attack_072_card
[32m    [Passed]:  [0mcard gen_force_attack_072_card must source from gu gen_force_attack_072_gu
[32m    [Passed]:  [0mgu gen_force_defense_073_gu references missing card gen_force_defense_073_card
[32m    [Passed]:  [0mcard gen_force_defense_073_card must source from gu gen_force_defense_073_gu
[32m    [Passed]:  [0mgu gen_force_movement_074_gu references missing card gen_force_movement_074_card
[32m    [Passed]:  [0mcard gen_force_movement_074_card must source from gu gen_force_movement_074_gu
[32m    [Passed]:  [0mgu gen_force_healing_075_gu references missing card gen_force_healing_075_card
[32m    [Passed]:  [0mcard gen_force_healing_075_card must source from gu gen_force_healing_075_gu
[32m    [Passed]:  [0mgu gen_force_recon_076_gu references missing card gen_force_recon_076_card
[32m    [Passed]:  [0mcard gen_force_recon_076_card must source from gu gen_force_recon_076_gu
[32m    [Passed]:  [0mgu gen_force_logistics_077_gu references missing card gen_force_logistics_077_card
[32m    [Passed]:  [0mcard gen_force_logistics_077_card must source from gu gen_force_logistics_077_gu
[32m    [Passed]:  [0mgu gen_force_attack_078_gu references missing card gen_force_attack_078_card
[32m    [Passed]:  [0mcard gen_force_attack_078_card must source from gu gen_force_attack_078_gu
[32m    [Passed]:  [0mgu gen_force_attack_079_gu references missing card gen_force_attack_079_card
[32m    [Passed]:  [0mcard gen_force_attack_079_card must source from gu gen_force_attack_079_gu
[32m    [Passed]:  [0mgu gen_force_defense_080_gu references missing card gen_force_defense_080_card
[32m    [Passed]:  [0mcard gen_force_defense_080_card must source from gu gen_force_defense_080_gu
[32m    [Passed]:  [0mgu gen_force_movement_081_gu references missing card gen_force_movement_081_card
[32m    [Passed]:  [0mcard gen_force_movement_081_card must source from gu gen_force_movement_081_gu
[32m    [Passed]:  [0mgu gen_force_healing_082_gu references missing card gen_force_healing_082_card
[32m    [Passed]:  [0mcard gen_force_healing_082_card must source from gu gen_force_healing_082_gu
[32m    [Passed]:  [0mgu gen_force_recon_083_gu references missing card gen_force_recon_083_card
[32m    [Passed]:  [0mcard gen_force_recon_083_card must source from gu gen_force_recon_083_gu
[32m    [Passed]:  [0mgu gen_force_logistics_084_gu references missing card gen_force_logistics_084_card
[32m    [Passed]:  [0mcard gen_force_logistics_084_card must source from gu gen_force_logistics_084_gu
[32m    [Passed]:  [0mgu gen_force_attack_085_gu references missing card gen_force_attack_085_card
[32m    [Passed]:  [0mcard gen_force_attack_085_card must source from gu gen_force_attack_085_gu
[32m    [Passed]:  [0mgu gen_force_attack_086_gu references missing card gen_force_attack_086_card
[32m    [Passed]:  [0mcard gen_force_attack_086_card must source from gu gen_force_attack_086_gu
[32m    [Passed]:  [0mgu gen_force_defense_087_gu references missing card gen_force_defense_087_card
[32m    [Passed]:  [0mcard gen_force_defense_087_card must source from gu gen_force_defense_087_gu
[32m    [Passed]:  [0mgu gen_force_movement_088_gu references missing card gen_force_movement_088_card
[32m    [Passed]:  [0mcard gen_force_movement_088_card must source from gu gen_force_movement_088_gu
[32m    [Passed]:  [0mgu gen_force_healing_089_gu references missing card gen_force_healing_089_card
[32m    [Passed]:  [0mcard gen_force_healing_089_card must source from gu gen_force_healing_089_gu
[32m    [Passed]:  [0mgu gen_force_recon_090_gu references missing card gen_force_recon_090_card
[32m    [Passed]:  [0mcard gen_force_recon_090_card must source from gu gen_force_recon_090_gu
[32m    [Passed]:  [0mgu gen_force_logistics_091_gu references missing card gen_force_logistics_091_card
[32m    [Passed]:  [0mcard gen_force_logistics_091_card must source from gu gen_force_logistics_091_gu
[32m    [Passed]:  [0mgu gen_force_attack_092_gu references missing card gen_force_attack_092_card
[32m    [Passed]:  [0mcard gen_force_attack_092_card must source from gu gen_force_attack_092_gu
[32m    [Passed]:  [0mgu gen_force_attack_093_gu references missing card gen_force_attack_093_card
[32m    [Passed]:  [0mcard gen_force_attack_093_card must source from gu gen_force_attack_093_gu
[32m    [Passed]:  [0mgu gen_force_defense_094_gu references missing card gen_force_defense_094_card
[32m    [Passed]:  [0mcard gen_force_defense_094_card must source from gu gen_force_defense_094_gu
[32m    [Passed]:  [0mgu gen_force_movement_095_gu references missing card gen_force_movement_095_card
[32m    [Passed]:  [0mcard gen_force_movement_095_card must source from gu gen_force_movement_095_gu
[32m    [Passed]:  [0mgu gen_force_healing_096_gu references missing card gen_force_healing_096_card
[32m    [Passed]:  [0mcard gen_force_healing_096_card must source from gu gen_force_healing_096_gu
[32m    [Passed]:  [0mgu gen_force_recon_097_gu references missing card gen_force_recon_097_card
[32m    [Passed]:  [0mcard gen_force_recon_097_card must source from gu gen_force_recon_097_gu
[32m    [Passed]:  [0mgu gen_force_logistics_098_gu references missing card gen_force_logistics_098_card
[32m    [Passed]:  [0mcard gen_force_logistics_098_card must source from gu gen_force_logistics_098_gu
[32m    [Passed]:  [0mgu gen_force_attack_099_gu references missing card gen_force_attack_099_card
[32m    [Passed]:  [0mcard gen_force_attack_099_card must source from gu gen_force_attack_099_gu
[32m    [Passed]:  [0mgu gen_force_attack_100_gu references missing card gen_force_attack_100_card
[32m    [Passed]:  [0mcard gen_force_attack_100_card must source from gu gen_force_attack_100_gu
[32m    [Passed]:  [0mgu gen_soul_defense_101_gu references missing card gen_soul_defense_101_card
[32m    [Passed]:  [0mcard gen_soul_defense_101_card must source from gu gen_soul_defense_101_gu
[32m    [Passed]:  [0mgu gen_soul_movement_102_gu references missing card gen_soul_movement_102_card
[32m    [Passed]:  [0mcard gen_soul_movement_102_card must source from gu gen_soul_movement_102_gu
[32m    [Passed]:  [0mgu gen_soul_healing_103_gu references missing card gen_soul_healing_103_card
[32m    [Passed]:  [0mcard gen_soul_healing_103_card must source from gu gen_soul_healing_103_gu
[32m    [Passed]:  [0mgu gen_soul_recon_104_gu references missing card gen_soul_recon_104_card
[32m    [Passed]:  [0mcard gen_soul_recon_104_card must source from gu gen_soul_recon_104_gu
[32m    [Passed]:  [0mgu gen_soul_logistics_105_gu references missing card gen_soul_logistics_105_card
[32m    [Passed]:  [0mcard gen_soul_logistics_105_card must source from gu gen_soul_logistics_105_gu
[32m    [Passed]:  [0mgu gen_soul_attack_106_gu references missing card gen_soul_attack_106_card
[32m    [Passed]:  [0mcard gen_soul_attack_106_card must source from gu gen_soul_attack_106_gu
[32m    [Passed]:  [0mgu gen_soul_attack_107_gu references missing card gen_soul_attack_107_card
[32m    [Passed]:  [0mcard gen_soul_attack_107_card must source from gu gen_soul_attack_107_gu
[32m    [Passed]:  [0mgu gen_soul_defense_108_gu references missing card gen_soul_defense_108_card
[32m    [Passed]:  [0mcard gen_soul_defense_108_card must source from gu gen_soul_defense_108_gu
[32m    [Passed]:  [0mgu gen_soul_movement_109_gu references missing card gen_soul_movement_109_card
[32m    [Passed]:  [0mcard gen_soul_movement_109_card must source from gu gen_soul_movement_109_gu
[32m    [Passed]:  [0mgu gen_soul_healing_110_gu references missing card gen_soul_healing_110_card
[32m    [Passed]:  [0mcard gen_soul_healing_110_card must source from gu gen_soul_healing_110_gu
[32m    [Passed]:  [0mgu gen_soul_recon_111_gu references missing card gen_soul_recon_111_card
[32m    [Passed]:  [0mcard gen_soul_recon_111_card must source from gu gen_soul_recon_111_gu
[32m    [Passed]:  [0mgu gen_soul_logistics_112_gu references missing card gen_soul_logistics_112_card
[32m    [Passed]:  [0mcard gen_soul_logistics_112_card must source from gu gen_soul_logistics_112_gu
[32m    [Passed]:  [0mgu gen_soul_attack_113_gu references missing card gen_soul_attack_113_card
[32m    [Passed]:  [0mcard gen_soul_attack_113_card must source from gu gen_soul_attack_113_gu
[32m    [Passed]:  [0mgu gen_soul_attack_114_gu references missing card gen_soul_attack_114_card
[32m    [Passed]:  [0mcard gen_soul_attack_114_card must source from gu gen_soul_attack_114_gu
[32m    [Passed]:  [0mgu gen_soul_defense_115_gu references missing card gen_soul_defense_115_card
[32m    [Passed]:  [0mcard gen_soul_defense_115_card must source from gu gen_soul_defense_115_gu
[32m    [Passed]:  [0mgu gen_soul_movement_116_gu references missing card gen_soul_movement_116_card
[32m    [Passed]:  [0mcard gen_soul_movement_116_card must source from gu gen_soul_movement_116_gu
[32m    [Passed]:  [0mgu gen_soul_healing_117_gu references missing card gen_soul_healing_117_card
[32m    [Passed]:  [0mcard gen_soul_healing_117_card must source from gu gen_soul_healing_117_gu
[32m    [Passed]:  [0mgu gen_soul_recon_118_gu references missing card gen_soul_recon_118_card
[32m    [Passed]:  [0mcard gen_soul_recon_118_card must source from gu gen_soul_recon_118_gu
[32m    [Passed]:  [0mgu gen_soul_logistics_119_gu references missing card gen_soul_logistics_119_card
[32m    [Passed]:  [0mcard gen_soul_logistics_119_card must source from gu gen_soul_logistics_119_gu
[32m    [Passed]:  [0mgu gen_soul_attack_120_gu references missing card gen_soul_attack_120_card
[32m    [Passed]:  [0mcard gen_soul_attack_120_card must source from gu gen_soul_attack_120_gu
[32m    [Passed]:  [0mgu gen_soul_attack_121_gu references missing card gen_soul_attack_121_card
[32m    [Passed]:  [0mcard gen_soul_attack_121_card must source from gu gen_soul_attack_121_gu
[32m    [Passed]:  [0mgu gen_soul_defense_122_gu references missing card gen_soul_defense_122_card
[32m    [Passed]:  [0mcard gen_soul_defense_122_card must source from gu gen_soul_defense_122_gu
[32m    [Passed]:  [0mgu gen_soul_movement_123_gu references missing card gen_soul_movement_123_card
[32m    [Passed]:  [0mcard gen_soul_movement_123_card must source from gu gen_soul_movement_123_gu
[32m    [Passed]:  [0mgu gen_soul_healing_124_gu references missing card gen_soul_healing_124_card
[32m    [Passed]:  [0mcard gen_soul_healing_124_card must source from gu gen_soul_healing_124_gu
[32m    [Passed]:  [0mgu gen_soul_recon_125_gu references missing card gen_soul_recon_125_card
[32m    [Passed]:  [0mcard gen_soul_recon_125_card must source from gu gen_soul_recon_125_gu
[32m    [Passed]:  [0mgu gen_soul_logistics_126_gu references missing card gen_soul_logistics_126_card
[32m    [Passed]:  [0mcard gen_soul_logistics_126_card must source from gu gen_soul_logistics_126_gu
[32m    [Passed]:  [0mgu gen_soul_attack_127_gu references missing card gen_soul_attack_127_card
[32m    [Passed]:  [0mcard gen_soul_attack_127_card must source from gu gen_soul_attack_127_gu
[32m    [Passed]:  [0mgu gen_soul_attack_128_gu references missing card gen_soul_attack_128_card
[32m    [Passed]:  [0mcard gen_soul_attack_128_card must source from gu gen_soul_attack_128_gu
[32m    [Passed]:  [0mgu gen_soul_defense_129_gu references missing card gen_soul_defense_129_card
[32m    [Passed]:  [0mcard gen_soul_defense_129_card must source from gu gen_soul_defense_129_gu
[32m    [Passed]:  [0mgu gen_soul_movement_130_gu references missing card gen_soul_movement_130_card
[32m    [Passed]:  [0mcard gen_soul_movement_130_card must source from gu gen_soul_movement_130_gu
[32m    [Passed]:  [0mgu gen_soul_healing_131_gu references missing card gen_soul_healing_131_card
[32m    [Passed]:  [0mcard gen_soul_healing_131_card must source from gu gen_soul_healing_131_gu
[32m    [Passed]:  [0mgu gen_soul_recon_132_gu references missing card gen_soul_recon_132_card
[32m    [Passed]:  [0mcard gen_soul_recon_132_card must source from gu gen_soul_recon_132_gu
[32m    [Passed]:  [0mgu gen_soul_logistics_133_gu references missing card gen_soul_logistics_133_card
[32m    [Passed]:  [0mcard gen_soul_logistics_133_card must source from gu gen_soul_logistics_133_gu
[32m    [Passed]:  [0mgu gen_soul_attack_134_gu references missing card gen_soul_attack_134_card
[32m    [Passed]:  [0mcard gen_soul_attack_134_card must source from gu gen_soul_attack_134_gu
[32m    [Passed]:  [0mgu gen_soul_attack_135_gu references missing card gen_soul_attack_135_card
[32m    [Passed]:  [0mcard gen_soul_attack_135_card must source from gu gen_soul_attack_135_gu
[32m    [Passed]:  [0mgu gen_soul_defense_136_gu references missing card gen_soul_defense_136_card
[32m    [Passed]:  [0mcard gen_soul_defense_136_card must source from gu gen_soul_defense_136_gu
[32m    [Passed]:  [0mgu gen_soul_movement_137_gu references missing card gen_soul_movement_137_card
[32m    [Passed]:  [0mcard gen_soul_movement_137_card must source from gu gen_soul_movement_137_gu
[32m    [Passed]:  [0mgu gen_soul_healing_138_gu references missing card gen_soul_healing_138_card
[32m    [Passed]:  [0mcard gen_soul_healing_138_card must source from gu gen_soul_healing_138_gu
[32m    [Passed]:  [0mgu gen_soul_recon_139_gu references missing card gen_soul_recon_139_card
[32m    [Passed]:  [0mcard gen_soul_recon_139_card must source from gu gen_soul_recon_139_gu
[32m    [Passed]:  [0mgu gen_soul_logistics_140_gu references missing card gen_soul_logistics_140_card
[32m    [Passed]:  [0mcard gen_soul_logistics_140_card must source from gu gen_soul_logistics_140_gu
[32m    [Passed]:  [0mgu gen_refine_attack_141_gu references missing card gen_refine_attack_141_card
[32m    [Passed]:  [0mcard gen_refine_attack_141_card must source from gu gen_refine_attack_141_gu
[32m    [Passed]:  [0mgu gen_refine_attack_142_gu references missing card gen_refine_attack_142_card
[32m    [Passed]:  [0mcard gen_refine_attack_142_card must source from gu gen_refine_attack_142_gu
[32m    [Passed]:  [0mgu gen_refine_defense_143_gu references missing card gen_refine_defense_143_card
[32m    [Passed]:  [0mcard gen_refine_defense_143_card must source from gu gen_refine_defense_143_gu
[32m    [Passed]:  [0mgu gen_refine_movement_144_gu references missing card gen_refine_movement_144_card
[32m    [Passed]:  [0mcard gen_refine_movement_144_card must source from gu gen_refine_movement_144_gu
[32m    [Passed]:  [0mgu gen_refine_healing_145_gu references missing card gen_refine_healing_145_card
[32m    [Passed]:  [0mcard gen_refine_healing_145_card must source from gu gen_refine_healing_145_gu
[32m    [Passed]:  [0mgu gen_refine_recon_146_gu references missing card gen_refine_recon_146_card
[32m    [Passed]:  [0mcard gen_refine_recon_146_card must source from gu gen_refine_recon_146_gu
[32m    [Passed]:  [0mgu gen_refine_logistics_147_gu references missing card gen_refine_logistics_147_card
[32m    [Passed]:  [0mcard gen_refine_logistics_147_card must source from gu gen_refine_logistics_147_gu
[32m    [Passed]:  [0mgu gen_refine_attack_148_gu references missing card gen_refine_attack_148_card
[32m    [Passed]:  [0mcard gen_refine_attack_148_card must source from gu gen_refine_attack_148_gu
[32m    [Passed]:  [0mgu gen_refine_attack_149_gu references missing card gen_refine_attack_149_card
[32m    [Passed]:  [0mcard gen_refine_attack_149_card must source from gu gen_refine_attack_149_gu
[32m    [Passed]:  [0mgu gen_refine_defense_150_gu references missing card gen_refine_defense_150_card
[32m    [Passed]:  [0mcard gen_refine_defense_150_card must source from gu gen_refine_defense_150_gu
[32m    [Passed]:  [0mgu gen_refine_movement_151_gu references missing card gen_refine_movement_151_card
[32m    [Passed]:  [0mcard gen_refine_movement_151_card must source from gu gen_refine_movement_151_gu
[32m    [Passed]:  [0mgu gen_refine_healing_152_gu references missing card gen_refine_healing_152_card
[32m    [Passed]:  [0mcard gen_refine_healing_152_card must source from gu gen_refine_healing_152_gu
[32m    [Passed]:  [0mgu gen_refine_recon_153_gu references missing card gen_refine_recon_153_card
[32m    [Passed]:  [0mcard gen_refine_recon_153_card must source from gu gen_refine_recon_153_gu
[32m    [Passed]:  [0mgu gen_refine_logistics_154_gu references missing card gen_refine_logistics_154_card
[32m    [Passed]:  [0mcard gen_refine_logistics_154_card must source from gu gen_refine_logistics_154_gu
[32m    [Passed]:  [0mgu gen_refine_attack_155_gu references missing card gen_refine_attack_155_card
[32m    [Passed]:  [0mcard gen_refine_attack_155_card must source from gu gen_refine_attack_155_gu
[32m    [Passed]:  [0mgu gen_refine_attack_156_gu references missing card gen_refine_attack_156_card
[32m    [Passed]:  [0mcard gen_refine_attack_156_card must source from gu gen_refine_attack_156_gu
[32m    [Passed]:  [0mgu gen_refine_defense_157_gu references missing card gen_refine_defense_157_card
[32m    [Passed]:  [0mcard gen_refine_defense_157_card must source from gu gen_refine_defense_157_gu
[32m    [Passed]:  [0mgu gen_refine_movement_158_gu references missing card gen_refine_movement_158_card
[32m    [Passed]:  [0mcard gen_refine_movement_158_card must source from gu gen_refine_movement_158_gu
[32m    [Passed]:  [0mgu gen_refine_healing_159_gu references missing card gen_refine_healing_159_card
[32m    [Passed]:  [0mcard gen_refine_healing_159_card must source from gu gen_refine_healing_159_gu
[32m    [Passed]:  [0mgu gen_refine_recon_160_gu references missing card gen_refine_recon_160_card
[32m    [Passed]:  [0mcard gen_refine_recon_160_card must source from gu gen_refine_recon_160_gu
[32m    [Passed]:  [0mgu gen_refine_logistics_161_gu references missing card gen_refine_logistics_161_card
[32m    [Passed]:  [0mcard gen_refine_logistics_161_card must source from gu gen_refine_logistics_161_gu
[32m    [Passed]:  [0mgu gen_refine_attack_162_gu references missing card gen_refine_attack_162_card
[32m    [Passed]:  [0mcard gen_refine_attack_162_card must source from gu gen_refine_attack_162_gu
[32m    [Passed]:  [0mgu gen_refine_attack_163_gu references missing card gen_refine_attack_163_card
[32m    [Passed]:  [0mcard gen_refine_attack_163_card must source from gu gen_refine_attack_163_gu
[32m    [Passed]:  [0mgu gen_refine_defense_164_gu references missing card gen_refine_defense_164_card
[32m    [Passed]:  [0mcard gen_refine_defense_164_card must source from gu gen_refine_defense_164_gu
[32m    [Passed]:  [0mgu gen_refine_movement_165_gu references missing card gen_refine_movement_165_card
[32m    [Passed]:  [0mcard gen_refine_movement_165_card must source from gu gen_refine_movement_165_gu
[32m    [Passed]:  [0mgu gen_refine_healing_166_gu references missing card gen_refine_healing_166_card
[32m    [Passed]:  [0mcard gen_refine_healing_166_card must source from gu gen_refine_healing_166_gu
[32m    [Passed]:  [0mgu gen_refine_recon_167_gu references missing card gen_refine_recon_167_card
[32m    [Passed]:  [0mcard gen_refine_recon_167_card must source from gu gen_refine_recon_167_gu
[32m    [Passed]:  [0mgu gen_refine_logistics_168_gu references missing card gen_refine_logistics_168_card
[32m    [Passed]:  [0mcard gen_refine_logistics_168_card must source from gu gen_refine_logistics_168_gu
[32m    [Passed]:  [0mgu gen_refine_attack_169_gu references missing card gen_refine_attack_169_card
[32m    [Passed]:  [0mcard gen_refine_attack_169_card must source from gu gen_refine_attack_169_gu
[32m    [Passed]:  [0mgu gen_refine_attack_170_gu references missing card gen_refine_attack_170_card
[32m    [Passed]:  [0mcard gen_refine_attack_170_card must source from gu gen_refine_attack_170_gu
[32m    [Passed]:  [0mgu gen_refine_defense_171_gu references missing card gen_refine_defense_171_card
[32m    [Passed]:  [0mcard gen_refine_defense_171_card must source from gu gen_refine_defense_171_gu
[32m    [Passed]:  [0mgu gen_refine_movement_172_gu references missing card gen_refine_movement_172_card
[32m    [Passed]:  [0mcard gen_refine_movement_172_card must source from gu gen_refine_movement_172_gu
[32m    [Passed]:  [0mgu gen_refine_healing_173_gu references missing card gen_refine_healing_173_card
[32m    [Passed]:  [0mcard gen_refine_healing_173_card must source from gu gen_refine_healing_173_gu
[32m    [Passed]:  [0mgu gen_refine_recon_174_gu references missing card gen_refine_recon_174_card
[32m    [Passed]:  [0mcard gen_refine_recon_174_card must source from gu gen_refine_recon_174_gu
[32m    [Passed]:  [0mgu gen_refine_logistics_175_gu references missing card gen_refine_logistics_175_card
[32m    [Passed]:  [0mcard gen_refine_logistics_175_card must source from gu gen_refine_logistics_175_gu
[32m    [Passed]:  [0mgu gen_refine_attack_176_gu references missing card gen_refine_attack_176_card
[32m    [Passed]:  [0mcard gen_refine_attack_176_card must source from gu gen_refine_attack_176_gu
[32m    [Passed]:  [0mgu gen_refine_attack_177_gu references missing card gen_refine_attack_177_card
[32m    [Passed]:  [0mcard gen_refine_attack_177_card must source from gu gen_refine_attack_177_gu
[32m    [Passed]:  [0mgu gen_refine_defense_178_gu references missing card gen_refine_defense_178_card
[32m    [Passed]:  [0mcard gen_refine_defense_178_card must source from gu gen_refine_defense_178_gu
[32m    [Passed]:  [0mgu gen_refine_movement_179_gu references missing card gen_refine_movement_179_card
[32m    [Passed]:  [0mcard gen_refine_movement_179_card must source from gu gen_refine_movement_179_gu
[32m    [Passed]:  [0mgu gen_refine_healing_180_gu references missing card gen_refine_healing_180_card
[32m    [Passed]:  [0mcard gen_refine_healing_180_card must source from gu gen_refine_healing_180_gu
* test_starter_injection_grants_five_gu
[32m    [Passed]:  [0m[6] expected to equal [6]:  
[32m    [Passed] [0m
[32m    [Passed] [0m
[32m    [Passed] [0m
[32m    [Passed] [0m
[32m    [Passed] [0m
* test_new_starter_battle_effects_resolve
[32m    [Passed]:  [0m[2] expected to equal [2]:  gu blood_droplet_gu damage
[32m    [Passed]:  [0m[2] expected to equal [2]:  gu blood_droplet_gu heal
[32m    [Passed]:  [0m[3] expected to equal [3]:  gu blood_bat_gu damage
[32m    [Passed]:  [0m[1] expected to equal [1]:  gu blood_bat_gu heal
[32m    [Passed]:  [0m[2] expected to equal [2]:  gu force_gu damage
[32m    [Passed]:  [0m[2] expected to equal [2]:  gu force_gu heal
[32m    [Passed]:  [0m[4] expected to equal [4]:  gu bear_strength_gu damage
[32m    [Passed]:  [0m[1] expected to equal [1]:  gu bear_strength_gu heal
[32m    [Passed] [0m
[32m    [Passed] [0m
[32m    [Passed]:  [0m[1] expected to equal [1]:  
[32m    [Passed] [0m
[1m6/6 passed.
[0m[4m

res://tests/unit/test_soul_capacity.gd
[0m* test_battle_ops_cap_equals_soul_value_with_floor_one
[32m    [Passed]:  [0m[4] expected to equal [4]:  
[32m    [Passed]:  [0m[1] expected to equal [1]:  
[32m    [Passed]:  [0m[1] expected to equal [1]:  
* test_craft_cap_steps_follow_approved_table
[32m    [Passed]:  [0m[2] expected to equal [2]:  
[32m    [Passed]:  [0m[2] expected to equal [2]:  
[32m    [Passed]:  [0m[3] expected to equal [3]:  
[32m    [Passed]:  [0m[3] expected to equal [3]:  
[32m    [Passed]:  [0m[4] expected to equal [4]:  
[32m    [Passed]:  [0m[4] expected to equal [4]:  
* test_craft_cap_reads_cultivator_soul
[32m    [Passed]:  [0m[3] expected to equal [3]:  
[32m    [Passed]:  [0m[4] expected to equal [4]:  
* test_battle_dict_exposes_soul_ops_cap_for_preview_parity
[32m    [Passed]:  [0m[4] expected to equal [4]:  
* test_backlash_over_limit_uses_soul_value_as_cap
[32m    [Passed]:  [0m[3] expected to equal [3]:  
[32m    [Passed]:  [0m["battle_soul_backlash"] expected to equal ["battle_soul_backlash"]:  
* test_free_mix_inputs_over_craft_cap_are_rejected
[32m    [Passed] [0m
[32m    [Passed]:  [0m["refinement_capacity_exceeded"] expected to equal ["refinement_capacity_exceeded"]:  
* test_free_mix_inputs_within_craft_cap_are_accepted
[32m    [Passed] [0m
* test_fixed_recipe_over_craft_cap_rejected_then_allowed_at_higher_soul
[32m    [Passed] [0m
[32m    [Passed]:  [0m["refinement_capacity_exceeded"] expected to equal ["refinement_capacity_exceeded"]:  
[32m    [Passed] [0m
[32m    [Passed]:  [0m["refinement_succeeded"] expected to equal ["refinement_succeeded"]:  
* test_combine_recipe_over_craft_cap_rejected_before_input_validation
[32m    [Passed] [0m
[32m    [Passed]:  [0m["refinement_capacity_exceeded"] expected to equal ["refinement_capacity_exceeded"]:  
[1m9/9 passed.
[0m[4m

res://tests/unit/test_trade_death_precheck.gd
[0m* test_lifespan_deal_to_zero_is_rejected_without_spend
[32m    [Passed] [0m
[32m    [Passed]:  [0m["lifespan_trade_warning"] expected to equal ["lifespan_trade_warning"]:  
[32m    [Passed]:  [0m[1] expected to equal [1]:  
* test_lifespan_deal_keeping_one_is_accepted_and_logged
[32m    [Passed] [0m
[32m    [Passed]:  [0m[1] expected to equal [1]:  
[32m    [Passed]:  [0m["shop_lifespan_deal_paid"] expected to equal ["shop_lifespan_deal_paid"]:  
* test_lifespan_deal_preview_blocks_death_trade_and_shows_projection
[32m    [Passed] [0m
[32m    [Passed]:  [0mExpected '鏀粯鍚庡鍏冨皢鑰楀敖锛堝墿浣?0锛夛紝浜ゆ槗琚姝€? to contain '瀵垮厓', match_case=true
[32m    [Passed]:  [0mExpected '["鏀粯 1 瀵垮厓锛堟敮浠樺悗鍓╀綑 0锛夛紱瀵垮厓褰掗浂浼氬綋鍦烘浜°€?]' to contain '鍓╀綑 0', match_case=true
* test_lifespan_deal_preview_allows_trade_that_keeps_one
[32m    [Passed] [0m
[32m    [Passed]:  [0mExpected '["鏀粯 1 瀵垮厓锛堟敮浠樺悗鍓╀綑 1锛夛紱瀵垮厓褰掗浂浼氬綋鍦烘浜°€?]' to contain '鍓╀綑 1', match_case=true
[1m4/4 passed.
[0m[4m

res://tests/unit/test_v2_battle_resolver.gd
[0m* test_battle_makes_every_refined_gu_available_without_slot_cap
[1m    [INFO]:  [0mArray/Dictionary compared by value.  Use assert_same to compare references.  Use assert_eq_deep to see diff when failing.
[32m    [Passed]:  [0mARRAY(["small_light_gu", "thorn_whip_gu", "stone_shell_gu", "mist_step_gu", "blood_moss_gu...moss_gu"]) == ARRAY(["small_light_gu", "thorn_whip_gu", "stone_shell_gu", "mist_step_gu", "blood_moss_gu...moss_gu"])  
* test_deceiving_neutral_wanderer_changes_future_reward_without_battle
[32m    [Passed] [0m
[32m    [Passed] [0m
[32m    [Passed]:  [0m[14] expected to equal [14]:  
* test_battle_rejects_action_card_from_stale_state_version
[32m    [Passed] [0m
[1m    [INFO]:  [0mArray/Dictionary compared by value.  Use assert_same to compare references.  Use assert_eq_deep to see diff when failing.
[32m    [Passed]:  [0mARRAY(["battle_action_stale"]) == ARRAY(["battle_action_stale"])  
[32m    [Passed]:  [0m[<RefCounted#-9223371339945993053>(run_state.gd)] expected to equal [<RefCounted#-9223371339945993053>(run_state.gd)]:  
* test_battle_rejects_action_when_expected_phase_has_changed
[32m    [Passed] [0m
[1m    [INFO]:  [0mArray/Dictionary compared by value.  Use assert_same to compare references.  Use assert_eq_deep to see diff when failing.
[32m    [Passed]:  [0mARRAY(["battle_phase_stale"]) == ARRAY(["battle_phase_stale"])  
[1m4/4 passed.
[0m[4m

res://tests/unit/test_v2_economy_resolver.gd
[0m* test_caravan_exchange_replaces_two_low_rank_gu_with_a_rare_gu
[32m    [Passed] [0m
[32m    [Passed] [0m
[32m    [Passed] [0m
* test_refinement_roll_is_determined_by_run_state_not_by_client_command
[32m    [Passed] [0m
[1m    [INFO]:  [0mArray/Dictionary compared by value.  Use assert_same to compare references.  Use assert_eq_deep to see diff when failing.
[32m    [Passed]:  [0mARRAY(["pulse_drum_gu"]) == ARRAY(["pulse_drum_gu"])  
[32m    [Passed]:  [0m["refinement_succeeded"] expected to equal ["refinement_succeeded"]:  
* test_refinement_roll_uses_project_seeded_rng_sequence
[32m    [Passed]:  [0m[18] expected to equal [18]:  
* test_cultivation_window_spends_stone_and_breaks_through_to_rank_two
[32m    [Passed] [0m
[32m    [Passed]:  [0m[2] expected to equal [2]:  
[32m    [Passed]:  [0m[7] expected to equal [7]:  
[32m    [Passed]:  [0m[4] expected to equal [4]:  
* test_stage_ledger_blocks_progress_until_paid_or_adjusted
[32m    [Passed] [0m
[32m    [Passed]:  [0m["feeding_shortfall"] expected to equal ["feeding_shortfall"]:  
[32m    [Passed]:  [0m[1] expected to equal [1]:  
[1m5/5 passed.
[0m[4m

res://tests/unit/test_v2_first_slice_flow.gd
[0m* test_seed_101_caravan_branch_requires_a_full_field_route_before_stage_ledger
[1m    [INFO]:  [0mArray/Dictionary compared by value.  Use assert_same to compare references.  Use assert_eq_deep to see diff when failing.
[32m    [Passed]:  [0mARRAY(["neutral_wanderer", "ridge_caravan"]) == ARRAY(["neutral_wanderer", "ridge_caravan"])  
[1m    [INFO]:  [0mArray/Dictionary compared by value.  Use assert_same to compare references.  Use assert_eq_deep to see diff when failing.
[32m    [Passed]:  [0mARRAY([]) == ARRAY([])  
[1m    [INFO]:  [0mArray/Dictionary compared by value.  Use assert_same to compare references.  Use assert_eq_deep to see diff when failing.
[32m    [Passed]:  [0mARRAY([]) == ARRAY([])  
[1m    [INFO]:  [0mArray/Dictionary compared by value.  Use assert_same to compare references.  Use assert_eq_deep to see diff when failing.
[32m    [Passed]:  [0mARRAY(["refinement_hollow", "cultivation_spring", "village_short_work"]) == ARRAY(["refinement_hollow", "cultivation_spring", "village_short_work"])  
[1m    [INFO]:  [0mArray/Dictionary compared by value.  Use assert_same to compare references.  Use assert_eq_deep to see diff when failing.
[32m    [Passed]:  [0mARRAY(["toxic_mountain_path"]) == ARRAY(["toxic_mountain_path"])  
[1m    [INFO]:  [0mArray/Dictionary compared by value.  Use assert_same to compare references.  Use assert_eq_deep to see diff when failing.
[32m    [Passed]:  [0mARRAY(["ridge_market"]) == ARRAY(["ridge_market"])  
[1m    [INFO]:  [0mArray/Dictionary compared by value.  Use assert_same to compare references.  Use assert_eq_deep to see diff when failing.
[32m    [Passed]:  [0mARRAY(["stage_one_ledger"]) == ARRAY(["stage_one_ledger"])  
* test_tree_columns_group_branches_by_graph_depth
[1m    [INFO]:  [0mArray/Dictionary compared by value.  Use assert_same to compare references.  Use assert_eq_deep to see diff when failing.
[32m    [Passed]:  [0mARRAY(["neutral_wanderer", "ridge_caravan"]) == ARRAY(["neutral_wanderer", "ridge_caravan"])  
[1m    [INFO]:  [0mArray/Dictionary compared by value.  Use assert_same to compare references.  Use assert_eq_deep to see diff when failing.
[32m    [Passed]:  [0mARRAY(["beast_swarm_pass", "moonlit_trail", "refinement_hollow", "cultivation_spring", "vi...rt_work"]) == ARRAY(["beast_swarm_pass", "moonlit_trail", "refinement_hollow", "cultivation_spring", "vi...rt_work"])  
[1m    [INFO]:  [0mArray/Dictionary compared by value.  Use assert_same to compare references.  Use assert_eq_deep to see diff when failing.
[32m    [Passed]:  [0mARRAY(["toxic_mountain_path", "blood_moss_grove", "flooded_cave", "ridge_black_market", "b..._ritual"]) == ARRAY(["toxic_mountain_path", "blood_moss_grove", "flooded_cave", "ridge_black_market", "b..._ritual"])  
[1m    [INFO]:  [0mArray/Dictionary compared by value.  Use assert_same to compare references.  Use assert_eq_deep to see diff when failing.
[32m    [Passed]:  [0mARRAY(["ridge_market", "echo_cave", "stage_one_ledger"]) == ARRAY(["ridge_market", "echo_cave", "stage_one_ledger"])  
* test_controller_rejects_travel_to_a_node_outside_current_branch
[32m    [Passed] [0m
[32m    [Passed]:  [0m["unreachable_route_node"] expected to equal ["unreachable_route_node"]:  
* test_controller_returns_to_map_after_explicit_node_leave
[32m    [Passed] [0m
[32m    [Passed]:  [0m["Map"] expected to equal ["Map"]:  
[1m    [INFO]:  [0mArray/Dictionary compared by value.  Use assert_same to compare references.  Use assert_eq_deep to see diff when failing.
[32m    [Passed]:  [0mARRAY(["refinement_hollow", "cultivation_spring", "village_short_work"]) == ARRAY(["refinement_hollow", "cultivation_spring", "village_short_work"])  
* test_controller_leaving_an_encounter_abandons_the_node_and_keeps_route_playable
[32m    [Passed] [0m
[32m    [Passed]:  [0m["Map"] expected to equal ["Map"]:  
[32m    [Passed]:  [0m["abandoned"] expected to equal ["abandoned"]:  
[1m    [INFO]:  [0mArray/Dictionary compared by value.  Use assert_same to compare references.  Use assert_eq_deep to see diff when failing.
[32m    [Passed]:  [0mARRAY(["refinement_hollow", "cultivation_spring", "village_short_work"]) == ARRAY(["refinement_hollow", "cultivation_spring", "village_short_work"])  
* test_standard_encounter_action_stays_in_the_active_session
[32m    [Passed] [0m
[32m    [Passed]:  [0m["Encounter"] expected to equal ["Encounter"]:  
[32m    [Passed] [0m
[32m    [Passed]:  [0m["cultivation_spring"] expected to equal ["cultivation_spring"]:  
* test_battle_victory_returns_to_the_encounter_for_post_battle_handling
[32m    [Passed]:  [0m["victory"] expected to equal ["victory"]:  
[32m    [Passed]:  [0m["Encounter"] expected to equal ["Encounter"]:  
[32m    [Passed]:  [0m["post_battle"] expected to equal ["post_battle"]:  
[32m    [Passed] [0m
[1m7/7 passed.
[0m[4m

res://tests/unit/test_v2_map_generator.gd
[0m* test_only_connected_visible_nodes_are_reachable
[1m    [INFO]:  [0mArray/Dictionary compared by value.  Use assert_same to compare references.  Use assert_eq_deep to see diff when failing.
[32m    [Passed]:  [0mARRAY(["neutral_wanderer", "ridge_caravan"]) == ARRAY(["neutral_wanderer", "ridge_caravan"])  
* test_fog_reveals_the_current_choice_layer_and_one_layer_ahead
[1m    [INFO]:  [0mArray/Dictionary compared by value.  Use assert_same to compare references.  Use assert_eq_deep to see diff when failing.
[32m    [Passed]:  [0mARRAY(["neutral_wanderer", "ridge_caravan", "beast_swarm_pass", "moonlit_trail", "refineme...rt_work"]) == ARRAY(["neutral_wanderer", "ridge_caravan", "beast_swarm_pass", "moonlit_trail", "refineme...rt_work"])  
[32m    [Passed] [0m
[32m    [Passed] [0m
[32m    [Passed] [0m
* test_route_tree_hides_nodes_outside_the_visible_fog_layers
[32m    [Passed]:  [0m[7] expected to equal [7]:  
[32m    [Passed]:  [0m["涓珛鏁ｄ慨
    [鎺ヨЕ]"] expected to not equal ["鏈槑鍦板甫"]:  
[32m    [Passed]:  [0m["灞辫剨鍟嗛槦
    [鍟嗛槦]"] expected to not equal ["鏈槑鍦板甫"]:  
[32m    [Passed]:  [0m["鍏界兢闅樺彛
    [浜ら攱]"] expected to not equal ["鏈槑鍦板甫"]:  
[32m    [Passed]:  [0m["鏈堜笅灏忓緞
    [浼犳壙]"] expected to not equal ["鏈槑鍦板甫"]:  
[32m    [Passed]:  [0m["鐐艰泭鐭崇┐
    [鐐艰泭]"] expected to not equal ["鏈槑鍦板甫"]:  
[32m    [Passed]:  [0m["淇灞辨硥
    [淇]"] expected to not equal ["鏈槑鍦板甫"]:  
[32m    [Passed]:  [0m["灞辨潙鐭伐
    [甯傞泦]"] expected to not equal ["鏈槑鍦板甫"]:  
[1m3/3 passed.
[0m[4m

res://tests/unit/test_v2_run_state.gd
[0m* test_new_v2_run_records_bing_aptitude_and_next_feeding
[32m    [Passed]:  [0m["bing"] expected to equal ["bing"]:  
[32m    [Passed]:  [0m[4] expected to equal [4]:  
[32m    [Passed]:  [0m[1] expected to equal [1]:  
[1m1/1 passed.
[0m[4m

res://tests/unit/test_v3_battle_card_actions.gd
[0m* test_playing_card_moves_only_cached_instances_without_rebuilding_full_deck
[32m    [Passed] [0m
[32m    [Passed]:  [0m["5eacb2b90aa2b2eccddb5fd30e3fdc2898d5342e553b4a15e2e813ffedab5ae6"] expected to equal ["5eacb2b90aa2b2eccddb5fd30e3fdc2898d5342e553b4a15e2e813ffedab5ae6"]:  
[1m    [INFO]:  [0mArray/Dictionary compared by value.  Use assert_same to compare references.  Use assert_eq_deep to see diff when failing.
[32m    [Passed]:  [0mARRAY([{ "instance_id": "gu_001:light_probe:0", "definition_id": "light_probe", "source_gu...el": 0 }]) == ARRAY([{ "instance_id": "gu_001:light_probe:0", "definition_id": "light_probe", "source_gu...el": 0 }])  
[32m    [Passed]:  [0m[1] expected to equal [1]:  
* test_unrelated_run_event_does_not_invalidate_current_battle_hand
[32m    [Passed] [0m
* test_stale_battle_hand_version_is_rejected_atomically
[32m    [Passed] [0m
[1m    [INFO]:  [0mArray/Dictionary compared by value.  Use assert_same to compare references.  Use assert_eq_deep to see diff when failing.
[32m    [Passed]:  [0mARRAY(["battle_hand_stale"]) == ARRAY(["battle_hand_stale"])  
[32m    [Passed]:  [0m[<RefCounted#-9223371320937407154>(run_state.gd)] expected to equal [<RefCounted#-9223371320937407154>(run_state.gd)]:  
* test_battle_preview_reads_hand_and_uses_battle_local_version
[32m    [Passed]:  [0m[0] expected to equal [0]:  
[1m    [INFO]:  [0mArray/Dictionary compared by value.  Use assert_same to compare references.  Use assert_eq_deep to see diff when failing.
[32m    [Passed]:  [0mDICTIONARY({  }) == DICTIONARY({  })  
[32m    [Passed]:  [0m[1] expected to equal [1]:  
[1m    [INFO]:  [0mArray/Dictionary compared by value.  Use assert_same to compare references.  Use assert_eq_deep to see diff when failing.
[32m    [Passed]:  [0mARRAY(["灏忓厜寮圭収涓晫鎵嬶紝浼ゆ晫骞剁収鍑哄紓鐘躲€?]) == ARRAY(["灏忓厜寮圭収涓晫鎵嬶紝浼ゆ晫骞剁収鍑哄紓鐘躲€?])  
* test_battle_starts_with_a_limited_hand_and_keeps_remaining_cards_in_draw_pile
[32m    [Passed]:  [0m[3] expected to equal [3]:  
[32m    [Passed]:  [0m[2] expected to equal [2]:  
[32m    [Passed]:  [0m[1] expected to equal [1]:  
* test_end_turn_discards_remaining_hand_then_refills_from_cached_piles
[32m    [Passed] [0m
[32m    [Passed]:  [0m[2] expected to equal [2]:  
[32m    [Passed]:  [0m[3] expected to equal [3]:  
[32m    [Passed]:  [0m[1] expected to be > than [0]:  
[1m6/6 passed.
[0m[4m

res://tests/unit/test_v3_battle_preview_risks.gd
[0m* test_duration_card_preview_exposes_soul_control_overflow_before_submission
[32m    [Passed]:  [0mExpected '["褰撳墠榄傞瓌鏃犳硶鎵垮彈杩欐骞跺彂鍌姩锛屼細瑙﹀彂榄傞瓌鍙嶅櫖銆?]' to contain '榄傞瓌', match_case=true
[32m    [Passed]:  [0mExpected '["褰撳墠榄傞瓌鏃犳硶鎵垮彈杩欐骞跺彂鍌姩锛屼細瑙﹀彂榄傞瓌鍙嶅櫖銆?]' to contain '鍙嶅櫖', match_case=true
* test_higher_rank_card_preview_exposes_known_rank_backlash_before_submission
[32m    [Passed]:  [0mExpected '["浠ヤ綆淇负鍌姩楂樿浆铔婁細瑙﹀彂宸茬煡鍙嶅櫖锛屾崯浼ゆ皵琛€涓庨瓊榄勩€?]' to contain '楂樿浆', match_case=true
[32m    [Passed]:  [0mExpected '["浠ヤ綆淇负鍌姩楂樿浆铔婁細瑙﹀彂宸茬煡鍙嶅櫖锛屾崯浼ゆ皵琛€涓庨瓊榄勩€?]' to contain '鍙嶅櫖', match_case=true
[1m2/2 passed.
[0m[4m

res://tests/unit/test_v3_deck_builder.gd
[0m* test_deck_hash_is_stable_until_gu_or_card_override_changes
[32m    [Passed]:  [0mExpected [(res://scripts/domain/deck_builder.gd):<GDScript#-9223371966742788240>] to be anything but NULL:  DeckBuilder should exist as a pure domain helper
[32m    [Passed]:  [0m["5eacb2b90aa2b2eccddb5fd30e3fdc2898d5342e553b4a15e2e813ffedab5ae6"] expected to equal ["5eacb2b90aa2b2eccddb5fd30e3fdc2898d5342e553b4a15e2e813ffedab5ae6"]:  
[32m    [Passed]:  [0m["5eacb2b90aa2b2eccddb5fd30e3fdc2898d5342e553b4a15e2e813ffedab5ae6"] expected to not equal ["5bd1364fbb2135753c8910cc83d12630e38421ccdb7a7b6663e56949e753768e"]:  
* test_opening_gu_generates_cards_without_hard_coded_deck
[32m    [Passed]:  [0mExpected [(res://scripts/domain/deck_builder.gd):<GDScript#-9223371966742788240>] to be anything but NULL:  DeckBuilder should exist as a pure domain helper
[1m    [INFO]:  [0mArray/Dictionary compared by value.  Use assert_same to compare references.  Use assert_eq_deep to see diff when failing.
[32m    [Passed]:  [0mARRAY(["light_probe"]) == ARRAY(["light_probe"])  
[1m    [INFO]:  [0mArray/Dictionary compared by value.  Use assert_same to compare references.  Use assert_eq_deep to see diff when failing.
[32m    [Passed]:  [0mARRAY(["gu_001"]) == ARRAY(["gu_001"])  
* test_kill_move_requires_ordered_source_gu_and_pending_state_contract
[32m    [Passed]:  [0mmoonlight_return should be loaded as a data-driven card
[1m    [INFO]:  [0mArray/Dictionary compared by value.  Use assert_same to compare references.  Use assert_eq_deep to see diff when failing.
[32m    [Passed]:  [0mARRAY(["moonlight_gu", "small_light_gu"]) == ARRAY(["moonlight_gu", "small_light_gu"])  
[32m    [Passed]:  [0m["same_turn"] expected to equal ["same_turn"]:  
* test_catalog_rejects_missing_card_metadata_references
[32m    [Passed] [0m
[32m    [Passed] [0m
[32m    [Passed] [0m
[32m    [Passed] [0m
[1m4/4 passed.
[0m[4m

res://tests/unit/test_v3_gu_lifecycle.gd
[0m* test_many_gu_are_allowed_but_feeding_need_scales_by_instances
[32m    [Passed]:  [0m[12] expected to equal [12]:  
* test_unfed_gu_becomes_weakened_then_dies_deterministically
[32m    [Passed] [0m
[32m    [Passed]:  [0m["weakened"] expected to equal ["weakened"]:  
[32m    [Passed] [0m
[32m    [Passed]:  [0m["dead"] expected to equal ["dead"]:  
* test_disabling_battle_card_keeps_source_gu_but_destroying_gu_removes_future_cards
[32m    [Passed] [0m
[32m    [Passed] [0m
[32m    [Passed]:  [0m["dead"] expected to equal ["dead"]:  
[32m    [Passed] [0m
* test_lifespan_depletion_marks_run_dead_and_discards_temporary_assets
[32m    [Passed] [0m
[32m    [Passed]:  [0m["dead"] expected to equal ["dead"]:  
[32m    [Passed] [0m
[32m    [Passed] [0m
[32m    [Passed] [0m
[32m    [Passed] [0m
[1m    [INFO]:  [0mArray/Dictionary compared by value.  Use assert_same to compare references.  Use assert_eq_deep to see diff when failing.
[32m    [Passed]:  [0mARRAY([]) == ARRAY([])  
[32m    [Passed] [0m
[32m    [Passed]:  [0m["run_ended"] expected to equal ["run_ended"]:  
[32m    [Passed] [0m
[32m    [Passed]:  [0m["terminal_run"] expected to equal ["terminal_run"]:  
* test_terminal_run_produces_no_action_cards
[32m    [Passed] [0m
* test_battle_death_finalizes_run_and_clears_temporary_assets
[32m    [Passed]:  [0m["death"] expected to equal ["death"]:  
[32m    [Passed]:  [0m["dead"] expected to equal ["dead"]:  
[32m    [Passed] [0m
[32m    [Passed] [0m
[32m    [Passed] [0m
[32m    [Passed]:  [0m["run_ended"] expected to equal ["run_ended"]:  
[32m    [Passed] [0m
[32m    [Passed] [0m
[1m    [INFO]:  [0mArray/Dictionary compared by value.  Use assert_same to compare references.  Use assert_eq_deep to see diff when failing.
[32m    [Passed]:  [0mARRAY(["terminal_run"]) == ARRAY(["terminal_run"])  
* test_rank_backlash_death_also_finalizes_run
[32m    [Passed]:  [0m[0] expected to equal [0]:  
[32m    [Passed]:  [0m["dead"] expected to equal ["dead"]:  
[32m    [Passed] [0m
[32m    [Passed] [0m
[32m    [Passed]:  [0m["run_ended"] expected to equal ["run_ended"]:  
[1m7/7 passed.
[0m[4m

res://tests/unit/test_v3_market_event_relic.gd
[0m* test_lifespan_market_deal_shows_known_cost_and_blocks_death_trade
[32m    [Passed]:  [0m[1] expected to equal [1]:  
[32m    [Passed] [0m
[32m    [Passed]:  [0m["active"] expected to equal ["active"]:  
[32m    [Passed]:  [0m[1] expected to equal [1]:  
* test_barter_preview_keeps_reward_unknown_but_shows_observable_trader_clue
[32m    [Passed]:  [0mExpected '鎹㈠埌鎵嬬殑涓滆タ缁撴灉鏈槑銆? to contain '缁撴灉鏈槑', match_case=true
[32m    [Passed] [0m
[32m    [Passed] [0m
* test_hungry_vine_relic_adds_next_node_feeding_pressure
[32m    [Passed]:  [0m[2] expected to equal [2]:  
* test_echo_cave_accept_pays_known_health_and_delays_hidden_soul_drain
[32m    [Passed] [0m
[32m    [Passed]:  [0m[5] expected to equal [5]:  
[32m    [Passed]:  [0m[1] expected to equal [1]:  
[32m    [Passed]:  [0m[3] expected to equal [3]:  
[32m    [Passed]:  [0m[0] expected to equal [0]:  
[1m4/4 passed.
[0m[4m

res://tests/unit/test_v3_meta_and_terminal_run.gd
[0m* test_meta_progress_records_only_codex_and_death_statistics
[32m    [Passed] [0m
[32m    [Passed] [0m
[1m    [INFO]:  [0mArray/Dictionary compared by value.  Use assert_same to compare references.  Use assert_eq_deep to see diff when failing.
[32m    [Passed]:  [0mARRAY(["small_light_gu"]) == ARRAY(["small_light_gu"])  
[32m    [Passed]:  [0m[1] expected to equal [1]:  
* test_meta_empty_factory_and_terminal_state_are_explicit
[32m    [Passed]:  [0m[0] expected to equal [0]:  
[32m    [Passed] [0m
* test_meta_save_uses_a_separate_global_only_payload
[32m    [Passed] [0m
[32m    [Passed] [0m
[1m    [INFO]:  [0mArray/Dictionary compared by value.  Use assert_same to compare references.  Use assert_eq_deep to see diff when failing.
[32m    [Passed]:  [0mDICTIONARY({ "gu_codex_ids": [], "recipe_codex_ids": [], "relic_codex_ids": [], "inheritan...s": 0 } }) == DICTIONARY({ "gu_codex_ids": [], "recipe_codex_ids": [], "relic_codex_ids": [], "inheritan...s": 0 } })  
* test_discovered_outcome_knowledge_persists_in_meta_save
[1m    [INFO]:  [0mArray/Dictionary compared by value.  Use assert_same to compare references.  Use assert_eq_deep to see diff when failing.
[32m    [Passed]:  [0mARRAY(["mutation_venom"]) == ARRAY(["mutation_venom"])  
[1m4/4 passed.
[0m[4m

res://tests/unit/test_v3_refinement_and_knowledge.gd
[0m* test_fixed_moonlight_recipe_consumes_input_instances_and_outputs_moon_glow
[32m    [Passed] [0m
[32m    [Passed]:  [0m[1] expected to equal [1]:  
[32m    [Passed]:  [0m[0] expected to equal [0]:  
[32m    [Passed]:  [0m[0] expected to equal [0]:  
[32m    [Passed]:  [0m[1] expected to equal [1]:  
[32m    [Passed]:  [0m["moon_glow_gu"] expected to equal ["moon_glow_gu"]:  
[32m    [Passed]:  [0m["refinement_succeeded"] expected to equal ["refinement_succeeded"]:  
* test_fixed_recipe_rejects_without_all_input_instances
[32m    [Passed] [0m
[32m    [Passed]:  [0m["missing_refinement_input"] expected to equal ["missing_refinement_input"]:  
[32m    [Passed] [0m
* test_free_mix_preview_is_vague_before_discovery_and_exact_after_discovery
[32m    [Passed]:  [0mExpected '涔辩偧鐨勭粨鏋滄湭鏄庯細鍙兘铔婅櫕灏芥瘉銆佸偓鐢熺暩鍙橈紝涔熷彲鑳界偢鐐変激韬€? to contain '缁撴灉鏈槑', match_case=true
[32m    [Passed]:  [0mExpected '["宸茬煡锛氳繖绫荤粍鍚堝彲鑳藉偓鐢熷惈姣掔暩鍙樸€?]' to contain '鐣稿彉', match_case=true
* test_free_mix_resolves_seeded_outcome_and_never_accepts_ui_roll
[32m    [Passed] [0m
[32m    [Passed] [0m
[32m    [Passed] [0m
[32m    [Passed]:  [0m["free_mix_explosion"] expected to equal ["free_mix_explosion"]:  
* test_observed_outcomes_accumulate_in_meta_progress_without_duplicates
[1m    [INFO]:  [0mArray/Dictionary compared by value.  Use assert_same to compare references.  Use assert_eq_deep to see diff when failing.
[32m    [Passed]:  [0mARRAY(["mutation_venom"]) == ARRAY(["mutation_venom"])  
[1m    [INFO]:  [0mArray/Dictionary compared by value.  Use assert_same to compare references.  Use assert_eq_deep to see diff when failing.
[32m    [Passed]:  [0mDICTIONARY({  }) == DICTIONARY({  })  
[1m5/5 passed.
[0m[4m

res://tests/unit/test_v3_run_state_gu_instances.gd
[0m* test_new_run_serializes_bing_cultivator_and_unbounded_aperture
[32m    [Passed] [0m
[32m    [Passed]:  [0m["bing"] expected to equal ["bing"]:  
[32m    [Passed]:  [0m[4] expected to equal [4]:  
[32m    [Passed]:  [0m[2] expected to equal [2]:  
[32m    [Passed] [0m
[32m    [Passed] [0m
* test_refined_instance_projection_keeps_legacy_ids_compatible
[1m    [INFO]:  [0mArray/Dictionary compared by value.  Use assert_same to compare references.  Use assert_eq_deep to see diff when failing.
[32m    [Passed]:  [0mARRAY(["small_light_gu", "stone_shell_gu"]) == ARRAY(["small_light_gu", "stone_shell_gu"])  
[32m    [Passed]:  [0m[2] expected to equal [2]:  
* test_save_round_trip_preserves_structured_run_state
[32m    [Passed]:  [0m[3] expected to equal [3]:  
[32m    [Passed]:  [0m[2] expected to equal [2]:  
[32m    [Passed] [0m
[1m3/3 passed.
[0m[4m

res://tests/unit/test_v3_soul_and_backlash.gd
[0m* test_duration_effect_releases_its_source_gu_after_end_turn_expiry
[32m    [Passed] [0m
[32m    [Passed]:  [0m[1] expected to equal [1]:  
[1m    [INFO]:  [0mArray/Dictionary compared by value.  Use assert_same to compare references.  Use assert_eq_deep to see diff when failing.
[32m    [Passed]:  [0mARRAY(["gu_002"]) == ARRAY(["gu_002"])  
[32m    [Passed] [0m
[32m    [Passed] [0m
[32m    [Passed] [0m
* test_soul_control_overflow_applies_backlash_but_keeps_duration_effect_active
[32m    [Passed] [0m
[32m    [Passed]:  [0m[0] expected to be < than [4]:  
[32m    [Passed] [0m
[32m    [Passed] [0m
* test_low_rank_cultivator_using_higher_rank_gu_applies_defined_backlash_factors
[32m    [Passed] [0m
[32m    [Passed]:  [0m[4] expected to equal [4]:  
[32m    [Passed]:  [0m[1] expected to equal [1]:  
[32m    [Passed] [0m
* test_kill_move_sequence_tracks_pending_sources_then_resolves_in_order
[32m    [Passed] [0m
[32m    [Passed]:  [0m["moonlight_return"] expected to equal ["moonlight_return"]:  
[32m    [Passed]:  [0m[1] expected to equal [1]:  
[32m    [Passed] [0m
[32m    [Passed] [0m
[32m    [Passed] [0m
[1m4/4 passed.
[0m[4m

res://tests/unit/test_v3_title_screen.gd
[0m* test_controller_shows_title_before_run_then_starts_on_command
[32m    [Passed]:  [0m["Title"] expected to equal ["Title"]:  
[32m    [Passed]:  [0mExpected [@Control@276:<Control#743197122145>(title_view.gd)] to be anything but NULL:  
[32m    [Passed]:  [0mExpected [@Button@288:<Button#743683661450>] to be anything but NULL:  
[32m    [Passed]:  [0m["Map"] expected to equal ["Map"]:  
[32m    [Passed]:  [0mExpected [<RefCounted#-9223371291828937130>(run_state.gd)] to be anything but NULL:  
* test_title_view_exposes_game_name_and_menu
[32m    [Passed]:  [0mExpected [@Label@350:<Label#748096069440>] to be anything but NULL:  
[32m    [Passed]:  [0mExpected [@Button@358:<Button#748414836563>] to be anything but NULL:  
[32m    [Passed]:  [0mExpected [@Button@361:<Button#748565831516>] to be anything but NULL:  
[33m[WARNING]:  [0mTest script still has children when all tests finisehd.
  @Node@274:<Node#743012572647>(awaiter.gd)
  @Control@276:<Control#743197122145>(title_view.gd)
  Map:<Control#743935319705>(map_view.gd)
  Encounter:<Control#743968874139>(encounter_view.gd)
  Battle:<Control#744002428573>(battle_view.gd)
  Ending:<Control#744035983007>(ending_view.gd)
You can use autofree, autoqfree, add_child_autofree, or add_child_autoqfree to automatically free objects.
[1m2/2 passed.
[0m[4m

res://tests/unit/test_v3_ui_exposure.gd
[0m* test_bind_card_enables_kill_of_stone_wanderer_through_action_cards
[32m    [Passed]:  [0m{ "battle": { "battle_id": "101-1", "deck_generation_hash": "d6f27f23d0806de3487e873528b2e38a7792a50abcacb0f1d8411ee97bef4fc6", "deck_cache": [{ "instance_id": "gu_001:thorn_strike:0", "definition_id": "thorn_strike", "source_gu_instance_ids": ["gu_001"], "upgrade_level": 0 }, { "instance_id": "gu_001:thorn_bind:0", "definition_id": "thorn_bind", "source_gu_instance_ids": ["gu_001"], "upgrade_level": 0 }, { "instance_id": "gu_002:stone_guard:0", "definition_id": "stone_guard", "source_gu_instance_ids": ["gu_002"], "upgrade_level": 0 }], "draw_pile": [{ "instance_id": "gu_001:thorn_strike:0", "definition_id": "thorn_strike", "source_gu_instance_ids": ["gu_001"], "upgrade_level": 0 }], "discard_pile": [{ "instance_id": "gu_001:thorn_bind:0", "definition_id": "thorn_bind", "source_gu_instance_ids": ["gu_001"], "upgrade_level": 0 }], "hand": [{ "instance_id": "gu_002:stone_guard:0", "definition_id": "stone_guard", "source_gu_instance_ids": ["gu_002"], "upgrade_level": 0 }], "exhausted_cards": [], "hand_version": 1, "enemy_kind": "neutral_stone_wanderer", "enemy_hp": 4, "enemy_max_hp": 4, "enemy_essence": 3, "enemy_definition": { "id": "neutral_stone_wanderer", "tier": "common", "hp": 4.0, "essence": 3.0, "clues": ["stone_dust", "steady_stance"], "intent": { "id": "stone_palm", "label": "鎺屽娍钃勮€屾湭鍙?, "damage": 2.0, "speed": 1.0 }, "reactions": [{ "id": "stone_shell", "clue": "stone_dust", "window": "before_damage", "trigger": "direct_strike", "counter_status": "bound", "label": "鐭崇敳鎶よ韩" }] }, "objective": "defeat", "delay_needed": 0, "delay_progress": 0, "terrain": "path", "pursuit": 0, "enemy_control": 0, "available_gu_ids": ["thorn_whip_gu", "stone_shell_gu"], "curses": [], "banished_cards": [], "pending_curse_damage": 0, "sealed_gu_definition_ids": [], "sealed_gu_instance_ids": [], "soul_ops_cap": 4, "first_mover": "player", "blood_stacks": 0, "flags": ["enemy_bound"], "revealed_reactions": [], "visible_intent": { "id": "stone_palm", "label": "鎺屽娍钃勮€屾湭鍙?, "damage": 2.0, "speed": 1.0 }, "clues": ["stone_dust", "steady_stance"], "log": [{ "id": "intent_revealed", "text_key": "intent_revealed", "intent": "stone_palm" }, { "id": "thorn_bind", "gu_id": "thorn_whip_gu", "mode": "bind" }], "inheritance_uses": {  }, "first_turn_energy": 0, "action_energy": 0, "turn": 1, "phase": "player", "final_blow": {  }, "active_gu_instance_ids": ["gu_001"], "active_effect_registry": { "effect.gu_001:thorn_bind:0.1": { "effect_id": "effect.gu_001:thorn_bind:0.1", "source_gu_id": "thorn_whip_gu", "source_gu_instance_ids": ["gu_001"], "remaining_turns": 1, "tick_phase": "end_turn", "occupies_soul_slots": true, "soul_occupancy_gu_ids": ["gu_001"] } }, "pending_kill_move_state": {  }, "context": { "enemy_kind": "neutral_stone_wanderer", "turn_order": ["player", "enemy"] } }, "state": <RefCounted#-9223371287097761967>, "feeds": [], "finished": false, "result": "ongoing", "accepted": true }
[32m    [Passed]:  [0m{ "battle": { "battle_id": "101-1", "deck_generation_hash": "d6f27f23d0806de3487e873528b2e38a7792a50abcacb0f1d8411ee97bef4fc6", "deck_cache": [{ "instance_id": "gu_001:thorn_strike:0", "definition_id": "thorn_strike", "source_gu_instance_ids": ["gu_001"], "upgrade_level": 0 }, { "instance_id": "gu_001:thorn_bind:0", "definition_id": "thorn_bind", "source_gu_instance_ids": ["gu_001"], "upgrade_level": 0 }, { "instance_id": "gu_002:stone_guard:0", "definition_id": "stone_guard", "source_gu_instance_ids": ["gu_002"], "upgrade_level": 0 }], "draw_pile": [{ "instance_id": "gu_001:thorn_bind:0", "definition_id": "thorn_bind", "source_gu_instance_ids": ["gu_001"], "upgrade_level": 0 }], "discard_pile": [{ "instance_id": "gu_001:thorn_strike:0", "definition_id": "thorn_strike", "source_gu_instance_ids": ["gu_001"], "upgrade_level": 0 }], "hand": [{ "instance_id": "gu_002:stone_guard:0", "definition_id": "stone_guard", "source_gu_instance_ids": ["gu_002"], "upgrade_level": 0 }], "exhausted_cards": [], "hand_version": 3, "enemy_kind": "neutral_stone_wanderer", "enemy_hp": 2, "enemy_max_hp": 4, "enemy_essence": 3, "enemy_definition": { "id": "neutral_stone_wanderer", "tier": "common", "hp": 4.0, "essence": 3.0, "clues": ["stone_dust", "steady_stance"], "intent": { "id": "stone_palm", "label": "鎺屽娍钃勮€屾湭鍙?, "damage": 2.0, "speed": 1.0 }, "reactions": [{ "id": "stone_shell", "clue": "stone_dust", "window": "before_damage", "trigger": "direct_strike", "counter_status": "bound", "label": "鐭崇敳鎶よ韩" }] }, "objective": "defeat", "delay_needed": 0, "delay_progress": 0, "terrain": "path", "pursuit": 0, "enemy_control": 0, "available_gu_ids": ["thorn_whip_gu", "stone_shell_gu"], "curses": [], "banished_cards": [], "pending_curse_damage": 0, "sealed_gu_definition_ids": [], "sealed_gu_instance_ids": [], "soul_ops_cap": 4, "first_mover": "player", "blood_stacks": 0, "flags": ["enemy_bound"], "revealed_reactions": [], "visible_intent": { "id": "stone_palm", "label": "鎺屽娍钃勮€屾湭鍙?, "damage": 2.0, "speed": 1.0 }, "clues": ["stone_dust", "steady_stance"], "log": [{ "id": "intent_revealed", "text_key": "intent_revealed", "intent": "stone_palm" }, { "id": "thorn_bind", "gu_id": "thorn_whip_gu", "mode": "bind" }, { "id": "stone_palm", "damage": 2, "source": "enemy", "dodged": false }, { "id": "thorn_strike", "gu_id": "thorn_whip_gu", "mode": "" }], "inheritance_uses": {  }, "first_turn_energy": 0, "action_energy": 0, "turn": 2, "phase": "player", "final_blow": {  }, "active_gu_instance_ids": [], "active_effect_registry": {  }, "pending_kill_move_state": {  }, "context": { "enemy_kind": "neutral_stone_wanderer", "turn_order": ["player", "enemy"] }, "pending_extra_draws": 0 }, "state": <RefCounted#-9223371287030653103>, "feeds": [], "finished": false, "result": "ongoing", "accepted": true }
[32m    [Passed]:  [0m[2] expected to equal [2]:  
[32m    [Passed]:  [0m{ "battle": { "battle_id": "101-1", "deck_generation_hash": "d6f27f23d0806de3487e873528b2e38a7792a50abcacb0f1d8411ee97bef4fc6", "deck_cache": [{ "instance_id": "gu_001:thorn_strike:0", "definition_id": "thorn_strike", "source_gu_instance_ids": ["gu_001"], "upgrade_level": 0 }, { "instance_id": "gu_001:thorn_bind:0", "definition_id": "thorn_bind", "source_gu_instance_ids": ["gu_001"], "upgrade_level": 0 }, { "instance_id": "gu_002:stone_guard:0", "definition_id": "stone_guard", "source_gu_instance_ids": ["gu_002"], "upgrade_level": 0 }], "draw_pile": [{ "instance_id": "gu_002:stone_guard:0", "definition_id": "stone_guard", "source_gu_instance_ids": ["gu_002"], "upgrade_level": 0 }], "discard_pile": [{ "instance_id": "gu_001:thorn_strike:0", "definition_id": "thorn_strike", "source_gu_instance_ids": ["gu_001"], "upgrade_level": 0 }], "hand": [{ "instance_id": "gu_001:thorn_bind:0", "definition_id": "thorn_bind", "source_gu_instance_ids": ["gu_001"], "upgrade_level": 0 }], "exhausted_cards": [], "hand_version": 5, "enemy_kind": "neutral_stone_wanderer", "enemy_hp": 0, "enemy_max_hp": 4, "enemy_essence": 3, "enemy_definition": { "id": "neutral_stone_wanderer", "tier": "common", "hp": 4.0, "essence": 3.0, "clues": ["stone_dust", "steady_stance"], "intent": { "id": "stone_palm", "label": "鎺屽娍钃勮€屾湭鍙?, "damage": 2.0, "speed": 1.0 }, "reactions": [{ "id": "stone_shell", "clue": "stone_dust", "window": "before_damage", "trigger": "direct_strike", "counter_status": "bound", "label": "鐭崇敳鎶よ韩" }] }, "objective": "defeat", "delay_needed": 0, "delay_progress": 0, "terrain": "path", "pursuit": 0, "enemy_control": 0, "available_gu_ids": ["thorn_whip_gu", "stone_shell_gu"], "curses": [], "banished_cards": [], "pending_curse_damage": 0, "sealed_gu_definition_ids": [], "sealed_gu_instance_ids": [], "soul_ops_cap": 4, "first_mover": "player", "blood_stacks": 0, "flags": ["enemy_bound"], "revealed_reactions": [], "visible_intent": { "id": "stone_palm", "label": "鎺屽娍钃勮€屾湭鍙?, "damage": 2.0, "speed": 1.0 }, "clues": ["stone_dust", "steady_stance"], "log": [{ "id": "intent_revealed", "text_key": "intent_revealed", "intent": "stone_palm" }, { "id": "thorn_bind", "gu_id": "thorn_whip_gu", "mode": "bind" }, { "id": "stone_palm", "damage": 2, "source": "enemy", "dodged": false }, { "id": "thorn_strike", "gu_id": "thorn_whip_gu", "mode": "" }, { "id": "stone_palm", "damage": 2, "source": "enemy", "dodged": false }, { "id": "thorn_strike", "gu_id": "thorn_whip_gu", "mode": "" }], "inheritance_uses": {  }, "first_turn_energy": 0, "action_energy": 0, "turn": 3, "phase": "player", "final_blow": {  }, "active_gu_instance_ids": [], "active_effect_registry": {  }, "pending_kill_move_state": {  }, "context": { "enemy_kind": "neutral_stone_wanderer", "turn_order": ["player", "enemy"] }, "pending_extra_draws": 0, "loot": { "material_ids": ["beast_bone"], "gu_id": "" } }, "state": <RefCounted#-9223371286896435371>, "feeds": ["enemy_defeated"], "finished": true, "result": "victory", "accepted": true }
[32m    [Passed]:  [0m[0] expected to equal [0]:  
[32m    [Passed] [0m
[32m    [Passed]:  [0m["victory"] expected to equal ["victory"]:  
* test_first_run_route_wires_black_market_and_echo_cave
[32m    [Passed] [0m
[32m    [Passed] [0m
[32m    [Passed] [0m
[32m    [Passed] [0m
[32m    [Passed] [0m
* test_black_market_offers_moonlight_for_stone
[32m    [Passed] [0m
[32m    [Passed]:  [0m[6] expected to equal [6]:  
[32m    [Passed] [0m
[1m3/3 passed.
[0m[4m

res://tests/unit/test_v3_ui_sync.gd
[0m* test_every_node_type_renders_action_buttons
[32m    [Passed]:  [0m[5] expected to be > than [0]:  node neutral_wanderer (contact) rendered no buttons
[32m    [Passed]:  [0m[4] expected to be > than [0]:  node ridge_caravan (caravan) rendered no buttons
[32m    [Passed]:  [0m[6] expected to be > than [0]:  node refinement_hollow (refinement) rendered no buttons
[32m    [Passed]:  [0m[3] expected to be > than [0]:  node cultivation_spring (cultivation) rendered no buttons
[32m    [Passed]:  [0m[3] expected to be > than [0]:  node stage_one_ledger (ledger) rendered no buttons
[32m    [Passed]:  [0m[7] expected to be > than [0]:  node ridge_black_market (shop) rendered no buttons
[32m    [Passed]:  [0m[3] expected to be > than [0]:  node echo_cave (event) rendered no buttons
[32m    [Passed]:  [0m[4] expected to be > than [0]:  node toxic_mountain_path (hazard) rendered no buttons
[32m    [Passed]:  [0m[3] expected to be > than [0]:  node blood_moss_grove (wild_gu) rendered no buttons
[32m    [Passed]:  [0m[3] expected to be > than [0]:  node village_short_work (market) rendered no buttons
[32m    [Passed]:  [0m[4] expected to be > than [0]:  node moonlit_trail (inheritance) rendered no buttons
[32m    [Passed]:  [0m[4] expected to be > than [0]:  node beast_swarm_pass (combat) rendered no buttons
[32m    [Passed]:  [0m[4] expected to be > than [0]:  node greedy_wanderer (pursuit) rendered no buttons
[32m    [Passed]:  [0m[5] expected to be > than [0]:  node earth_vein_contest (earth_vein) rendered no buttons
[32m    [Passed]:  [0m[4] expected to be > than [0]:  node body_imprint_ritual (seclusion) rendered no buttons
[32m    [Passed]:  [0m[3] expected to be > than [0]:  node herbalist_commission (commission) rendered no buttons
[32m    [Passed]:  [0m[4] expected to be > than [0]:  node ascension_window (ascension) rendered no buttons
* test_battle_view_renders_hand_and_turn_buttons
[32m    [Passed]:  [0m[5] expected to be > than [1]:  
* test_battle_view_renders_hud_bars_intent_and_actions
[32m    [Passed]:  [0mExpected [@Label@819:<Label#773194784469>] to be anything but NULL:  battle view must expose essence hud
[32m    [Passed]:  [0mExpected [@Label@828:<Label#773547106027>] to be anything but NULL:  hud missing 鍏冪煶
[32m    [Passed]:  [0mExpected [@Label@792:<Label#771936493185>] to be anything but NULL:  hud missing 瀵垮厓
[32m    [Passed]:  [0mExpected [@Label@799:<Label#772221705877>] to be anything but NULL:  hud missing 榄傞瓌
[32m    [Passed]:  [0m[2] expected to equal [2]:  hero and enemy health bars expected in battle view
[32m    [Passed]:  [0mExpected [@Label@813:<Label#772892794565>] to be anything but NULL:  battle view must expose enemy intent
* test_battle_view_hud_uses_programmatic_icons
[32m    [Passed]:  [0m[4] expected to equal [4]:  battle hud must render four resource icons
* test_battle_hud_shows_formula_essence_max
[32m    [Passed]:  [0mExpected [@Label@925:<Label#778982923999>] to be anything but NULL:  essence hud must stay
[32m    [Passed]:  [0mExpected [@Label@908:<Label#778160840372>] to be anything but NULL:  hud must use formula essence_max
* test_battle_hud_shows_multitasking_capacity
[32m    [Passed]:  [0mExpected [@Label@962:<Label#781080075948>] to be anything but NULL:  multitasking capacity must be visible
* test_encounter_view_shows_notoriety_when_present
[32m    [Passed]:  [0mExpected [@Label@999:<Label#783328222837>] to be anything but NULL:  notoriety must be visible
[32m    [Passed] [0m
[32m    [Passed]:  [0mExpected [<null>] to be NULL:  zero notoriety stays hidden
* test_map_view_shows_cross_run_codex_unlock_count
[32m    [Passed]:  [0mExpected [@Label@1041:<Label#785995800262>] to be anything but NULL:  codex unlock count must be visible
[32m    [Passed] [0m
* test_gu_orb_renders_for_every_known_gu
[32m    [Passed]:  [0m["small_light_gu"] expected to equal ["small_light_gu"]:  
[32m    [Passed]:  [0m["moonlight_gu"] expected to equal ["moonlight_gu"]:  
[32m    [Passed]:  [0m["moon_glow_gu"] expected to equal ["moon_glow_gu"]:  
[32m    [Passed]:  [0m["phantom_moon_gu"] expected to equal ["phantom_moon_gu"]:  
[32m    [Passed]:  [0m["moon_shadow_gu"] expected to equal ["moon_shadow_gu"]:  
[32m    [Passed]:  [0m["stone_shell_gu"] expected to equal ["stone_shell_gu"]:  
[32m    [Passed]:  [0m["trail_eye_gu"] expected to equal ["trail_eye_gu"]:  
[32m    [Passed]:  [0m["thorn_whip_gu"] expected to equal ["thorn_whip_gu"]:  
[32m    [Passed]:  [0m["blood_moss_gu"] expected to equal ["blood_moss_gu"]:  
[32m    [Passed]:  [0m["mist_step_gu"] expected to equal ["mist_step_gu"]:  
[32m    [Passed]:  [0m["venom_thread_gu"] expected to equal ["venom_thread_gu"]:  
[32m    [Passed]:  [0m["shadow_veil_gu"] expected to equal ["shadow_veil_gu"]:  
[32m    [Passed]:  [0m["pulse_drum_gu"] expected to equal ["pulse_drum_gu"]:  
* test_enemy_catalog_labels_cover_real_enemy_kinds
[32m    [Passed]:  [0m["鐭崇敳鏁ｄ慨"] expected to equal ["鐭崇敳鏁ｄ慨"]:  
[32m    [Passed]:  [0m["灞辫剨鐚庣姮"] expected to equal ["灞辫剨鐚庣姮"]:  
* test_map_view_uses_reference_layout_regions
[32m    [Passed]:  [0mExpected [@Label@1062:<Label#788344610485>] to be anything but NULL:  map must keep the journey title
[32m    [Passed]:  [0mExpected [@Label@1077:<Label#789066030796>] to be anything but NULL:  map must keep the gu satchel panel
[32m    [Passed]:  [0mExpected [@Label@1082:<Label#789250580183>] to be anything but NULL:  map must expose codex regions
[32m    [Passed]:  [0mExpected [@Button@1087:<Button#789435129570>] to be anything but NULL:  save button must exist in bottom command group
* test_map_view_exposes_gu_management_and_save_commands
[32m    [Passed] [0m
[32m    [Passed] [0m
* test_encounter_view_shows_feeding_footer_when_shortfall
[32m    [Passed] [0m
* test_controller_records_and_persists_meta_on_death
[32m    [Passed]:  [0mExpected [<RefCounted#-9223371242839466322>(meta_progress.gd)] to be anything but NULL:  
[32m    [Passed]:  [0m[1] expected to equal [1]:  
* test_run_save_round_trips_through_disk_json
[32m    [Passed]:  [0m[0] expected to equal [0]:  
[32m    [Passed] [0m
[32m    [Passed]:  [0m[4] expected to equal [4]:  
* test_same_encounter_card_cannot_be_applied_twice
[32m    [Passed] [0m
[32m    [Passed] [0m
[32m    [Passed]:  [0mfirst use of the action must succeed
[32m    [Passed]:  [0maction card must be consumed after success
[32m    [Passed]:  [0mconsumed action card must be rejected
[32m    [Passed]:  [0m[22] expected to equal [22]:  second use must not grant rewards again
* test_controller_save_and_load_expose_feedback
[32m    [Passed] [0m
[32m    [Passed] [0m
[32m    [Passed] [0m
[32m    [Passed] [0m
* test_map_view_renders_feedback_line
[32m    [Passed]:  [0mExpected [@Label@1165:<Label#798142504711>] to be anything but NULL:  
* test_encounter_view_keeps_actions_reachable_when_history_grows
[32m    [Passed]:  [0mExpected [@ScrollContainer@1170:<ScrollContainer#798863924923>] to be anything but NULL:  encounter view must scroll to keep buttons reachable
[32m    [Passed]:  [0mExpected [@RichTextLabel@1176:<RichTextLabel#799165914826>] to be anything but NULL:  result history must be height-capped
[1m19/19 passed.
[0m



[33m==============================================
[0m[33m= Run Summary
[0m[33m==============================================
[0m- test_no_duplicate_ids_in_real_catalog
[33m    [Risky]:  [0mDid not assert

Totals
------
Warnings              1

Scripts              65
Tests               390
Passing Tests       389
Risky/Pending         1
Asserts            4054
Time              6.757s


[33m---- 1 pending/risky tests. ----
[0mGUT 9.7.1:  https://github.com/bitwes/Gut/releases/tag/v9.7.1 is now available!

[1m[INFO]:  [0mExiting with code 0
Godot Engine v4.7.2.stable.official.ed1daf0bf - https://godotengine.org

---  GUT  ---
[1m[INFO]:  [0musing [C:/Users/Zachary/AppData/Roaming/Godot/app_userdata/Nanjiang Smoke] for temporary output.
Godot version:  4.7.2
GUT version:  9.6.1
[4m

res://tests/integration/test_first_run_flow.gd
[0m* test_fixed_run_reaches_stage_one_ledger_after_a_full_caravan_branch
[32m    [Passed]:  [0m["Map"] expected to equal ["Map"]:  
[32m    [Passed]:  [0m["Encounter"] expected to equal ["Encounter"]:  
[32m    [Passed]:  [0m["Encounter"] expected to equal ["Encounter"]:  
[32m    [Passed]:  [0m["stage_one_ledger"] expected to equal ["stage_one_ledger"]:  
* test_caravan_dispute_fight_starts_a_faction_guard_battle
[32m    [Passed]:  [0m["Battle"] expected to equal ["Battle"]:  
[32m    [Passed]:  [0m["faction_guard"] expected to equal ["faction_guard"]:  
* test_generic_battle_action_card_routes_once_and_replay_is_rejected
[32m    [Passed] [0m
[32m    [Passed] [0m
[32m    [Passed] [0m
[1m    [INFO]:  [0mArray/Dictionary compared by value.  Use assert_same to compare references.  Use assert_eq_deep to see diff when failing.
[32m    [Passed]:  [0mARRAY(["battle_hand_stale"]) == ARRAY(["battle_hand_stale"])  
[1m    [INFO]:  [0mArray/Dictionary compared by value.  Use assert_same to compare references.  Use assert_eq_deep to see diff when failing.
[32m    [Passed]:  [0mARRAY([{ "instance_id": "gu_001:light_probe:0", "definition_id": "light_probe", "source_gu...el": 0 }]) == ARRAY([{ "instance_id": "gu_001:light_probe:0", "definition_id": "light_probe", "source_gu...el": 0 }])  
[1m3/3 passed.
[0m[4m

res://tests/integration/test_smoke_outcomes.gd
[0m* test_fixed_scenarios_cover_all_three_outcomes_without_llm
[32m    [Passed]:  [0m[8] expected to be > than [0]:  
[32m    [Passed]:  [0m["success"] expected to equal ["success"]:  
[32m    [Passed]:  [0m[8] expected to be > than [0]:  
[32m    [Passed]:  [0m["risky_success"] expected to equal ["risky_success"]:  
[32m    [Passed]:  [0m[8] expected to be > than [0]:  
[32m    [Passed]:  [0m["survived_failure"] expected to equal ["survived_failure"]:  
[1m1/1 passed.
[0m[4m

res://tests/integration/test_v3_roguelike_vertical_slice.gd
[0m* test_duplicate_action_card_submission_is_atomic
[32m    [Passed] [0m
[32m    [Passed] [0m
[32m    [Passed]:  [0m[15] expected to equal [15]:  
* test_first_vertical_slice_travels_fogged_route_to_boss_and_resets_after_death
[32m    [Passed] [0m
[32m    [Passed]:  [0m["dead"] expected to equal ["dead"]:  
[1m    [INFO]:  [0mArray/Dictionary compared by value.  Use assert_same to compare references.  Use assert_eq_deep to see diff when failing.
[32m    [Passed]:  [0mARRAY(["small_light_gu"]) == ARRAY(["small_light_gu"])  
[1m2/2 passed.
[0m



[33m==============================================
[0m[33m= Run Summary
[0m[33m==============================================
[0m
Totals
------
Scripts               3
Tests                 6
Passing Tests         6
Asserts              23
Time              0.486s


[32m---- All tests passed! ----
[0mGUT 9.7.1:  https://github.com/bitwes/Gut/releases/tag/v9.7.1 is now available!

[1m[INFO]:  [0mExiting with code 0
