eid	class	old_vol	old_line	chapter	para	match_len	source_file
E:V1-000468	精确	1	468	1	20	22	lore/wiki/events/qing-mao-mountain.md
E:V1-000470	精确	1	470	1	21	51	lore/wiki/events/qing-mao-mountain.md
E:V1-000488	精确	1	488	1	30	20	lore/wiki/events/qing-mao-mountain.md
E:V1-000492	精确	1	492	1	32	15	lore/wiki/events/qing-mao-mountain.md
E:V1-000530	精确	1	530	1	51	32	lore/wiki/events/qing-mao-mountain.md
E:V1-000532	精确	1	532	1	52	30	lore/wiki/events/qing-mao-mountain.md
E:V1-000554	精确	1	554	1	63	42	lore/wiki/events/qing-mao-mountain.md
E:V1-000608	精确	1	608	2	1	45	lore/wiki/events/qing-mao-mountain.md
E:V1-000656	精确	1	656	2	25	65	lore/wiki/events/qing-mao-mountain.md
E:V1-000704	精确	1	704	2	49	44	lore/wiki/events/qing-mao-mountain.md
E:V1-000872	精确	1	872	3	49	32	lore/wiki/events/qing-mao-mountain.md
E:V1-000916	精确	1	916	4	4	94	lore/wiki/events/qing-mao-mountain.md
E:V1-000918	精确	1	918	4	5	65	lore/wiki/events/qing-mao-mountain.md
E:V1-000924	精确	1	924	4	8	53	lore/wiki/events/qing-mao-mountain.md
E:V1-000926	精确	1	926	4	9	84	lore/wiki/events/qing-mao-mountain.md
E:V1-000930	精确	1	930	4	11	23	lore/wiki/events/qing-mao-mountain.md
E:V1-000938	精确	1	938	4	15	10	lore/wiki/events/qing-mao-mountain.md
E:V1-000940	精确	1	940	4	16	57	lore/wiki/gu/moonlight-gu.md
E:V1-000944	精确	1	944	4	18	37	lore/wiki/events/qing-mao-mountain.md
E:V1-000996	精确	1	996	4	44	14	lore/wiki/world/aptitude-and-aperture.md
E:V1-001002	精确	1	1002	4	47	14	lore/wiki/events/qing-mao-mountain.md
E:V1-001004	精确	1	1004	4	48	33	lore/wiki/world/aptitude-and-aperture.md
E:V1-001154	精确	1	1154	5	45	11	lore/wiki/world/aptitude-and-aperture.md
E:V1-001156	精确	1	1156	5	46	74	lore/wiki/log.md
E:V1-001158	精确	1	1158	5	47	58	lore/wiki/events/qing-mao-mountain.md
E:V1-001182	精确	1	1182	6	1	46	lore/wiki/events/qing-mao-mountain.md
E:V1-001190	精确	1	1190	6	5	10	lore/wiki/tools/benchmark-qms.md
E:V1-001196	精确	1	1196	6	8	26	lore/wiki/events/qing-mao-mountain.md
E:V1-001316	精确	1	1316	6	68	4	lore/wiki/tools/benchmark-qms.md
E:V1-001354	精确	1	1354	7	9	76	lore/wiki/tools/benchmark-100q.md
E:V1-001358	模糊唯一(需复核)	1	1358	7	11	20	lore/wiki/tools/benchmark-xq.md
E:V1-001392	精确	1	1392	7	28	130	lore/wiki/events/qing-mao-mountain.md
E:V1-001416	精确	1	1416	7	40	53	lore/wiki/gu/wine-insect-gu.md
E:V1-001428	精确	1	1428	7	46	55	lore/wiki/characters/fang-yuan.md
E:V1-001452	精确	1	1452	8	1	22	lore/wiki/tools/benchmark-qms.md
E:V1-001472	精确	1	1472	8	11	38	lore/wiki/gu/moonlight-gu.md
E:V1-001474	精确	1	1474	8	12	45	lore/wiki/tools/benchmark-xq.md
E:V1-001480	精确	1	1480	8	15	37	lore/wiki/log.md
E:V1-001484	精确	1	1484	8	17	18	lore/wiki/gu/moonlight-gu.md
E:V1-001488	精确	1	1488	8	19	37	lore/wiki/gu/moon-glow-gu.md
E:V1-001490	精确	1	1490	8	20	72	lore/wiki/gu/moonlight-gu.md
E:V1-001492	精确	1	1492	8	21	27	lore/wiki/gu/moon-glow-gu.md
E:V1-001518	精确	1	1518	8	34	47	lore/wiki/events/qing-mao-mountain.md
E:V1-001520	精确	1	1520	8	35	20	lore/wiki/events/qing-mao-mountain.md
E:V1-001526	精确	1	1526	8	38	31	lore/wiki/world/primeval-essence.md
E:V1-001548	精确	1	1548	8	49	26	lore/wiki/events/qing-mao-mountain.md
E:V1-001660	精确	1	1660	9	17	24	lore/wiki/events/qing-mao-mountain.md
E:V1-001708	精确	1	1708	9	41	11	lore/wiki/events/qing-mao-mountain.md
E:V1-001776	精确	1	1776	9	75	47	lore/wiki/events/qing-mao-mountain.md
E:V1-001818	精确	1	1818	10	19	38	lore/wiki/events/qing-mao-mountain.md
E:V1-001830	精确	1	1830	10	25	35	lore/wiki/rules/refinement.md
E:V1-001840	精确	1	1840	10	30	57	lore/wiki/gu/moonlight-gu.md
E:V1-001858	精确	1	1858	10	39	49	lore/wiki/rules/refinement.md
E:V1-001870	精确	1	1870	10	45	18	lore/wiki/events/qing-mao-mountain.md
E:V1-001872	精确	1	1872	10	46	61	lore/wiki/world/aptitude-and-aperture.md
E:V1-001878	精确	1	1878	10	49	33	lore/wiki/tools/benchmark-qms.md
E:V1-001882	精确	1	1882	10	51	74	lore/wiki/events/qing-mao-mountain.md
E:V1-001890	精确	1	1890	10	55	62	lore/wiki/events/qing-mao-mountain.md
E:V1-001968	精确	1	1968	11	29	37	lore/wiki/events/qing-mao-mountain.md
E:V1-002010	精确	1	2010	11	50	25	lore/wiki/events/qing-mao-mountain.md
E:V1-002114	精确	1	2114	12	28	41	lore/wiki/events/qing-mao-mountain.md
E:V1-002148	精确	1	2148	12	45	38	lore/wiki/events/qing-mao-mountain.md
E:V1-002284	精确	1	2284	13	24	8	lore/wiki/events/qing-mao-mountain.md
E:V1-002394	重复(无法唯一)	1	2394			3	lore/wiki/characters/fang-yuan.md
E:V1-002418	精确	1	2418	14	10	46	lore/wiki/gu/wine-insect-gu.md
E:V1-002458	精确	1	2458	14	30	43	lore/wiki/gu/wine-insect-gu.md
E:V1-002490	精确	1	2490	14	46	14	lore/wiki/events/qing-mao-mountain.md
E:V1-002566	精确	1	2566	14	84	38	lore/wiki/gu/wine-insect-gu.md
E:V1-002594	精确	1	2594	15	9	39	lore/wiki/gu/roster-3.md
E:V1-002630	精确	1	2630	15	27	90	lore/wiki/gu/moonlight-gu.md
E:V1-002636	精确	1	2636	15	30	61	lore/wiki/gu/moonlight-gu.md
E:V1-002640	精确	1	2640	15	32	124	lore/wiki/gu/moonlight-gu.md
E:V1-002644	精确	1	2644	15	34	67	lore/wiki/events/qing-mao-mountain.md
E:V1-002648	精确	1	2648	15	36	127	lore/wiki/2026-09-28-gu-recovery-handoff.md
E:V1-002668	精确	1	2668	15	46	29	lore/wiki/gu/moon-shadow-gu.md
E:V1-002692	精确	1	2692	16	5	33	lore/wiki/characters/fang-yuan.md
E:V1-002702	精确	1	2702	16	10	22	lore/wiki/events/qing-mao-mountain.md
E:V1-002732	精确	1	2732	16	25	19	lore/wiki/characters/fang-yuan.md
E:V1-002736	精确	1	2736	16	27	47	lore/wiki/gu/moon-shadow-gu.md
E:V1-002746	精确	1	2746	16	32	85	lore/wiki/gu/moon-shadow-gu.md
E:V1-002748	精确	1	2748	16	33	20	lore/wiki/gu/moon-shadow-gu.md
E:V1-002752	精确	1	2752	16	35	44	lore/wiki/gu/wine-insect-gu.md
E:V1-002756	精确	1	2756	16	37	26	lore/wiki/gu/wine-insect-gu.md
E:V1-002760	精确	1	2760	16	39	46	lore/wiki/gu/wine-insect-gu.md
E:V1-002812	精确	1	2812	17	1	69	lore/wiki/characters/fang-yuan.md
E:V1-002816	精确	1	2816	17	3	54	lore/wiki/gu/wine-insect-gu.md
E:V1-002878	精确	1	2878	17	34	56	lore/wiki/events/qing-mao-mountain.md
E:V1-002890	精确	1	2890	17	40	51	lore/wiki/tools/benchmark-qms.md
E:V1-002900	精确	1	2900	17	45	73	lore/wiki/gu/wine-insect-gu.md
E:V1-002902	精确	1	2902	17	46	64	lore/wiki/gu/wine-insect-gu.md
E:V1-002910	精确	1	2910	17	50	38	lore/wiki/gu/wine-insect-gu.md
E:V1-002932	精确	1	2932	17	61	24	lore/wiki/gu/wine-insect-gu.md
E:V1-002934	精确	1	2934	17	62	37	lore/wiki/log.md
E:V1-002936	精确	1	2936	17	63	82	lore/wiki/log.md
E:V1-002942	精确	1	2942	17	66	43	lore/wiki/log.md
E:V1-002948	精确	1	2948	17	69	83	lore/wiki/log.md
E:V1-003016	精确	1	3016	18	17	135	lore/wiki/events/qing-mao-mountain.md
E:V1-003134	精确	1	3134	18	76	104	lore/wiki/events/qing-mao-mountain.md
E:V1-003160	精确	1	3160	18	89	48	lore/wiki/log.md
E:V1-003166	精确	1	3166	18	92	36	lore/wiki/log.md
E:V1-003176	精确	1	3176	18	97	19	lore/wiki/characters/fang-yuan.md
E:V1-003208	精确	1	3208	19	6	5	lore/wiki/events/qing-mao-mountain.md
E:V1-003256	精确	1	3256	19	30	40	lore/wiki/gu/spring-autumn-cicada-gu.md
E:V1-003258	精确	1	3258	19	31	68	lore/wiki/gu/gu-relations.md
E:V1-003270	精确	1	3270	19	37	13	lore/wiki/gu/spring-autumn-cicada-gu.md
E:V1-003294	精确	1	3294	19	49	22	lore/wiki/gu/spring-autumn-cicada-gu.md
E:V1-003296	精确	1	3296	19	50	72	lore/wiki/gu/spring-autumn-cicada-gu.md
E:V1-003298	精确	1	3298	19	51	34	lore/wiki/gu/human-atk-1-01-gu.md
E:V1-003334	精确	1	3334	20	2	58	lore/wiki/gu/spring-autumn-cicada-gu.md
E:V1-003340	精确	1	3340	20	5	49	lore/wiki/gu/spring-autumn-cicada-gu.md
E:V1-003354	精确	1	3354	20	12	8	lore/wiki/gu/wine-insect-gu.md
E:V1-003366	精确	1	3366	20	18	32	lore/wiki/log.md
E:V1-003380	精确	1	3380	20	25	36	lore/wiki/AGENTS.md
E:V1-003386	精确	1	3386	20	28	15	lore/wiki/events/qing-mao-mountain.md
E:V1-003388	精确	1	3388	20	29	53	lore/wiki/gu/wine-insect-gu.md
E:V1-003406	精确	1	3406	20	38	8	lore/wiki/characters/fang-yuan.md
E:V1-003460	精确	1	3460	21	1	43	lore/wiki/tools/benchmark-qms.md
E:V1-003500	精确	1	3500	21	21	25	lore/wiki/events/qing-mao-mountain.md
E:V1-003602	精确	1	3602	22	12	126	lore/wiki/log.md
E:V1-003604	精确	1	3604	22	13	33	lore/wiki/gu/moonlight-gu.md
E:V1-003606	精确	1	3606	22	14	51	lore/wiki/gu/moonlight-gu.md
E:V1-003608	精确	1	3608	22	15	51	lore/wiki/world/primeval-essence.md
E:V1-003612	精确	1	3612	22	17	34	lore/wiki/events/qing-mao-mountain.md
E:V1-003634	精确	1	3634	22	28	60	lore/wiki/gu/moon-glow-gu.md
E:V1-003636	精确	1	3636	22	29	46	lore/wiki/events/qing-mao-mountain.md
E:V1-003638	精确	1	3638	22	30	52	lore/wiki/gu/moon-glow-gu.md
E:V1-003668	精确	1	3668	22	45	52	lore/wiki/tools/benchmark-qms.md
E:V1-003726	精确	1	3726	22	74	57	lore/wiki/events/qing-mao-mountain.md
E:V1-003730	精确	1	3730	22	76	23	lore/wiki/gu/moonlight-gu.md
E:V1-003732	精确	1	3732	22	77	17	lore/wiki/tools/benchmark-qms.md
E:V1-003764	精确	1	3764	23	11	10	lore/wiki/events/qing-mao-mountain.md
E:V1-003766	精确	1	3766	23	12	35	lore/wiki/gu/moonlight-gu.md
E:V1-003798	精确	1	3798	23	28	34	lore/wiki/gu/moon-glow-gu.md
E:V1-003811	行号越界/空行	1	3811			0	lore/wiki/tools/benchmark-qms.md
E:V1-003812	精确	1	3812	23	35	82	lore/wiki/log.md
E:V1-003820	精确	1	3820	23	39	19	lore/wiki/events/qing-mao-mountain.md
E:V1-003822	精确	1	3822	23	40	71	lore/wiki/gu/wine-insect-gu.md
E:V1-003834	精确	1	3834	23	46	77	lore/wiki/events/qing-mao-mountain.md
E:V1-003838	精确	1	3838	23	48	34	lore/wiki/characters/fang-yuan.md
E:V1-003840	精确	1	3840	23	49	75	lore/wiki/characters/fang-yuan.md
E:V1-003852	精确	1	3852	23	55	76	lore/wiki/events/qing-mao-mountain.md
E:V1-003858	精确	1	3858	23	58	111	lore/wiki/tools/benchmark-qms.md
E:V1-003864	精确	1	3864	23	61	32	lore/wiki/gu/wine-insect-gu.md
E:V1-003866	精确	1	3866	23	62	26	lore/wiki/gu/wine-insect-gu.md
E:V1-003874	精确	1	3874	23	66	47	lore/wiki/gu/moon-glow-gu.md
E:V1-003886	精确	1	3886	23	72	43	lore/wiki/gu/spring-autumn-cicada-gu.md
E:V1-003887	行号越界/空行	1	3887			0	lore/wiki/world/gu-care-and-refinement.md
E:V1-003888	精确	1	3888	23	73	52	lore/wiki/gu/spring-autumn-cicada-gu.md
E:V1-003900	精确	1	3900	23	79	53	lore/wiki/tools/benchmark-qms.md
E:V1-003902	精确	1	3902	23	80	18	lore/wiki/gu/moonlight-gu.md
E:V1-003910	精确	1	3910	23	84	10	lore/wiki/tools/benchmark-qms.md
E:V1-003924	精确	1	3924	23	91	53	lore/wiki/gu/moonlight-gu.md
E:V1-004006	精确	1	4006	24	38	36	lore/wiki/gu/moonlight-gu.md
E:V1-004012	精确	1	4012	24	41	26	lore/wiki/gu/stone-shell-gu.md
E:V1-004014	精确	1	4014	24	42	115	lore/wiki/gu/moonlight-gu.md
E:V1-004018	精确	1	4018	24	44	37	lore/wiki/events/qing-mao-mountain.md
E:V1-004084	精确	1	4084	25	1	35	lore/wiki/events/qing-mao-mountain.md
E:V1-004144	精确	1	4144	25	31	27	lore/wiki/characters/fang-yuan.md
E:V1-004184	精确	1	4184	25	51	11	lore/wiki/events/qing-mao-mountain.md
E:V1-004236	精确	1	4236	26	2	36	lore/wiki/events/qing-mao-mountain.md
E:V1-004250	精确	1	4250	26	9	26	lore/wiki/events/qing-mao-mountain.md
E:V1-004258	精确	1	4258	26	13	142	lore/wiki/events/qing-mao-mountain.md
E:V1-004260	精确	1	4260	26	14	150	lore/wiki/events/qing-mao-mountain.md
E:V1-004290	精确	1	4290	26	29	97	lore/wiki/events/qing-mao-mountain.md
E:V1-004296	精确	1	4296	26	32	70	lore/wiki/events/qing-mao-mountain.md
E:V1-004300	精确	1	4300	26	34	62	lore/wiki/events/qing-mao-mountain.md
E:V1-004314	精确	1	4314	26	41	38	lore/wiki/characters/fang-yuan.md
E:V1-004338	精确	1	4338	27	10	23	lore/wiki/events/qing-mao-mountain.md
E:V1-004380	精确	1	4380	27	31	49	lore/wiki/events/qing-mao-mountain.md
E:V1-004450	精确	1	4450	27	66	34	lore/wiki/events/qing-mao-mountain.md
E:V1-004504	精确	1	4504	28	24	114	lore/wiki/events/qing-mao-mountain.md
E:V1-004506	精确	1	4506	28	25	15	lore/wiki/events/qing-mao-mountain.md
E:V1-004598	精确	1	4598	28	71	31	lore/wiki/log.md
E:V1-004626	精确	1	4626	29	3	22	lore/wiki/gu/wine-insect-gu.md
E:V1-004656	精确	1	4656	29	18	28	lore/wiki/log.md
E:V1-004658	精确	1	4658	29	19	29	lore/wiki/gu/wine-insect-gu.md
E:V1-004660	精确	1	4660	29	20	15	lore/wiki/gu/wine-insect-gu.md
E:V1-004662	精确	1	4662	29	21	48	lore/wiki/gu/wine-insect-gu.md
E:V1-004666	精确	1	4666	29	23	15	lore/wiki/log.md
E:V1-004668	精确	1	4668	29	24	51	lore/wiki/log.md
E:V1-004672	精确	1	4672	29	26	42	lore/wiki/gu/wine-insect-gu.md
E:V1-004673	行号越界/空行	1	4673			0	lore/wiki/tools/benchmark-xq.md
E:V1-004674	精确	1	4674	29	27	47	lore/wiki/gu/wine-insect-gu.md
E:V1-004676	精确	1	4676	29	28	36	lore/wiki/log.md
E:V1-004678	精确	1	4678	29	29	72	lore/wiki/log.md
E:V1-004706	精确	1	4706	29	43	63	lore/wiki/events/qing-mao-mountain.md
E:V1-004758	精确	1	4758	30	1	6	lore/wiki/tools/benchmark-qms.md
E:V1-004832	精确	1	4832	30	36	5	lore/wiki/events/qing-mao-mountain.md
E:V1-004890	精确	1	4890	31	15	19	lore/wiki/events/qing-mao-mountain.md
E:V1-004906	精确	1	4906	31	23	47	lore/wiki/log.md
E:V1-004952	精确	1	4952	31	46	32	lore/wiki/events/qing-mao-mountain.md
E:V1-004954	精确	1	4954	31	47	24	lore/wiki/events/qing-mao-mountain.md
E:V1-004970	精确	1	4970	31	55	58	lore/wiki/tools/benchmark-xq.md
E:V1-004974	精确	1	4974	31	57	30	lore/wiki/tools/benchmark-qms.md
E:V1-005014	精确	1	5014	32	16	63	lore/wiki/gu/moonlight-gu.md
E:V1-005028	精确	1	5028	32	23	40	lore/wiki/events/qing-mao-mountain.md
E:V1-005036	精确	1	5036	32	27	27	lore/wiki/events/qing-mao-mountain.md
E:V1-005106	精确	1	5106	32	62	49	lore/wiki/events/qing-mao-mountain.md
E:V1-005142	精确	1	5142	33	5	72	lore/wiki/events/qing-mao-mountain.md
E:V1-005196	精确	1	5196	33	32	47	lore/wiki/tools/benchmark-qms.md
E:V1-005222	模糊唯一(需复核)	1	5222	33	45	20	lore/wiki/tools/benchmark-100q.md
E:V1-005228	精确	1	5228	33	48	12	lore/wiki/characters/fang-yuan.md
E:V1-005284	精确	1	5284	34	10	33	lore/wiki/gu/wine-insect-gu.md
E:V1-005286	精确	1	5286	34	11	38	lore/wiki/characters/fang-yuan.md
E:V1-005290	精确	1	5290	34	13	28	lore/wiki/log.md
E:V1-005294	精确	1	5294	34	15	18	lore/wiki/gu/wine-insect-gu.md
E:V1-005296	精确	1	5296	34	16	43	lore/wiki/log.md
E:V1-005300	精确	1	5300	34	18	71	lore/wiki/log.md
E:V1-005322	精确	1	5322	34	29	49	lore/wiki/gu/wine-insect-gu.md
E:V1-005326	精确	1	5326	34	31	69	lore/wiki/gu/wine-insect-gu.md
E:V1-005334	精确	1	5334	34	35	10	lore/wiki/events/qing-mao-mountain.md
E:V1-005382	精确	1	5382	34	59	59	lore/wiki/gu/moonlight-gu.md
E:V1-005390	精确	1	5390	34	63	30	lore/wiki/tools/benchmark-qms.md
E:V1-005420	精确	1	5420	35	4	71	lore/wiki/characters/fang-yuan.md
E:V1-005438	精确	1	5438	35	13	53	lore/wiki/gu/moonlight-gu.md
E:V1-005484	重复(无法唯一)	1	5484			4	lore/wiki/characters/fang-yuan.md
E:V1-005486	精确	1	5486	35	37	52	lore/wiki/events/qing-mao-mountain.md
E:V1-005622	精确	1	5622	36	30	14	lore/wiki/events/qing-mao-mountain.md
E:V1-005670	精确	1	5670	36	54	36	lore/wiki/events/qing-mao-mountain.md
E:V1-005688	精确	1	5688	36	63	46	lore/wiki/events/qing-mao-mountain.md
E:V1-005760	精确	1	5760	37	28	26	lore/wiki/events/qing-mao-mountain.md
E:V1-005804	精确	1	5804	37	50	34	lore/wiki/events/qing-mao-mountain.md
E:V1-005810	精确	1	5810	37	53	10	lore/wiki/events/qing-mao-mountain.md
E:V1-005812	精确	1	5812	37	54	115	lore/wiki/log.md
E:V1-005854	精确	1	5854	38	17	27	lore/wiki/gu/heaven-atk-5-07-gu.md
E:V1-005856	精确	1	5856	38	18	56	lore/wiki/gu/heaven-atk-5-07-gu.md
E:V1-005858	精确	1	5858	38	19	93	lore/wiki/gu/heaven-atk-5-07-gu.md
E:V1-005924	精确	1	5924	38	52	21	lore/wiki/gu/heaven-atk-5-07-gu.md
E:V1-005926	精确	1	5926	38	53	18	lore/wiki/gu/heaven-atk-5-07-gu.md
E:V1-005928	精确	1	5928	38	54	54	lore/wiki/gu/heaven-atk-5-07-gu.md
E:V1-005936	精确	1	5936	38	58	26	lore/wiki/events/qing-mao-mountain.md
E:V1-005944	精确	1	5944	38	62	28	lore/wiki/themes/philosophy.md
E:V1-006008	精确	1	6008	38	94	16	lore/wiki/events/qing-mao-mountain.md
E:V1-006064	精确	1	6064	39	24	64	lore/wiki/events/qing-mao-mountain.md
E:V1-006126	精确	1	6126	39	55	33	lore/wiki/gu/moonlight-gu.md
E:V1-006128	精确	1	6128	39	56	44	lore/wiki/gu/moon-glow-gu.md
E:V1-006130	精确	1	6130	39	57	46	lore/wiki/gu/moon-glow-gu.md
E:V1-006138	精确	1	6138	39	61	30	lore/wiki/gu/moonlight-gu.md
E:V1-006178	精确	1	6178	40	16	51	lore/wiki/events/qing-mao-mountain.md
E:V1-006184	精确	1	6184	40	19	105	lore/wiki/gu/moonlight-gu.md
E:V1-006186	精确	1	6186	40	20	35	lore/wiki/log.md
E:V1-006188	精确	1	6188	40	21	73	lore/wiki/log.md
E:V1-006362	精确	1	6362	41	41	46	lore/wiki/gu/moonlight-gu.md
E:V1-006444	精确	1	6444	42	9	44	lore/wiki/events/qing-mao-mountain.md
E:V1-006542	精确	1	6542	42	58	70	lore/wiki/events/qing-mao-mountain.md
E:V1-006566	精确	1	6566	42	70	47	lore/wiki/events/qing-mao-mountain.md
E:V1-006618	精确	1	6618	43	19	64	lore/wiki/gu/wine-insect-gu.md
E:V1-006630	精确	1	6630	43	25	37	lore/wiki/events/qing-mao-mountain.md
E:V1-006646	精确	1	6646	43	33	28	lore/wiki/events/qing-mao-mountain.md
E:V1-006650	精确	1	6650	43	35	43	lore/wiki/gu/wine-insect-gu.md
E:V1-006664	精确	1	6664	43	42	84	lore/wiki/gu/wine-insect-gu.md
E:V1-006708	精确	1	6708	44	7	59	lore/wiki/gu/moonlight-gu.md
E:V1-006760	精确	1	6760	44	33	47	lore/wiki/events/qing-mao-mountain.md
E:V1-006794	精确	1	6794	44	50	92	lore/wiki/gu/wine-insect-gu.md
E:V1-006816	模糊唯一(需复核)	1	6816	44	61	20	lore/wiki/gu/white-boar-strength-gu.md
E:V1-006818	模糊唯一(需复核)	1	6818	44	62	20	lore/wiki/gu/white-boar-strength-gu.md
E:V1-006820	精确	1	6820	44	63	55	lore/wiki/events/qing-mao-mountain.md
E:V1-006826	模糊唯一(需复核)	1	6826	44	66	20	lore/wiki/gu/white-boar-strength-gu.md
E:V1-006876	精确	1	6876	45	9	58	lore/wiki/events/qing-mao-mountain.md
E:V1-006910	精确	1	6910	45	26	25	lore/wiki/events/qing-mao-mountain.md
E:V1-006972	精确	1	6972	45	57	28	lore/wiki/events/qing-mao-mountain.md
E:V1-007024	精确	1	7024	45	83	101	lore/wiki/events/qing-mao-mountain.md
E:V1-007062	精确	1	7062	46	7	14	lore/wiki/events/qing-mao-mountain.md
E:V1-007114	精确	1	7114	46	33	13	lore/wiki/events/qing-mao-mountain.md
E:V1-007120	精确	1	7120	46	36	67	lore/wiki/world/cultivation-system.md
E:V1-007304	精确	1	7304	48	68	36	lore/wiki/events/qing-mao-mountain.md
E:V1-007386	精确	1	7386	49	11	43	lore/wiki/events/qing-mao-mountain.md
E:V1-007390	精确	1	7390	49	13	44	lore/wiki/events/qing-mao-mountain.md
E:V1-007456	精确	1	7456	49	46	97	lore/wiki/events/qing-mao-mountain.md
E:V1-007578	精确	1	7578	50	11	22	lore/wiki/events/qing-mao-mountain.md
E:V1-007702	精确	1	7702	50	73	44	lore/wiki/events/qing-mao-mountain.md
E:V1-007770	精确	1	7770	51	28	118	lore/wiki/events/qing-mao-mountain.md
E:V1-007774	精确	1	7774	51	30	83	lore/wiki/log.md
E:V1-007776	精确	1	7776	51	31	97	lore/wiki/log.md
E:V1-007780	精确	1	7780	51	33	105	lore/wiki/gu/wine-insect-gu.md
E:V1-007844	精确	1	7844	51	65	26	lore/wiki/gu/wine-insect-gu.md
E:V1-007946	精确	1	7946	52	26	18	lore/wiki/events/qing-mao-mountain.md
E:V1-008110	精确	1	8110	53	16	96	lore/wiki/events/qing-mao-mountain.md
E:V1-008296	精确	1	8296	53	109	23	lore/wiki/events/qing-mao-mountain.md
E:V1-008308	重复(无法唯一)	1	8308			20	lore/wiki/events/qing-mao-mountain.md
E:V1-008376	精确	1	8376	55	31	19	lore/wiki/events/qing-mao-mountain.md
E:V1-008560	精确	1	8560	56	18	55	lore/wiki/events/qing-mao-mountain.md
E:V1-008620	精确	1	8620	56	48	59	lore/wiki/events/qing-mao-mountain.md
E:V1-008704	模糊唯一(需复核)	1	8704	57	11	20	lore/wiki/events/qing-mao-mountain.md
E:V1-008840	精确	1	8840	58	11	49	lore/wiki/events/qing-mao-mountain.md
E:V1-008968	精确	1	8968	58	75	51	lore/wiki/events/qing-mao-mountain.md
E:V1-008996	精确	1	8996	59	7	29	lore/wiki/gu/heaven-atk-5-07-gu.md
E:V1-008998	精确	1	8998	59	8	21	lore/wiki/gu/heaven-atk-5-07-gu.md
E:V1-009002	精确	1	9002	59	10	42	lore/wiki/gu/heaven-atk-5-07-gu.md
E:V1-009004	精确	1	9004	59	11	26	lore/wiki/gu/heaven-atk-5-07-gu.md
E:V1-009008	精确	1	9008	59	13	35	lore/wiki/gu/heaven-atk-5-07-gu.md
E:V1-009014	精确	1	9014	59	16	35	lore/wiki/gu/heaven-atk-5-07-gu.md
E:V1-009020	精确	1	9020	59	19	23	lore/wiki/events/qing-mao-mountain.md
E:V1-009140	精确	1	9140	60	10	131	lore/wiki/events/qing-mao-mountain.md
E:V1-009150	精确	1	9150	60	15	125	lore/wiki/events/qing-mao-mountain.md
E:V1-009262	重复(无法唯一)	1	9262			112	lore/wiki/events/qing-mao-mountain.md
E:V1-009452	精确	1	9452	63	28	59	lore/wiki/events/qing-mao-mountain.md
E:V1-009544	精确	1	9544	63	74	33	lore/wiki/gu/moonlight-gu.md
E:V1-009566	精确	1	9566	64	5	22	lore/wiki/events/qing-mao-mountain.md
E:V1-009580	精确	1	9580	64	12	47	lore/wiki/gu/moonlight-gu.md
E:V1-009598	精确	1	9598	64	21	51	lore/wiki/gu/stone-shell-gu.md
E:V1-009602	精确	1	9602	64	23	28	lore/wiki/gu/stone-shell-gu.md
E:V1-009604	精确	1	9604	64	24	17	lore/wiki/gu/stone-shell-gu.md
E:V1-009610	精确	1	9610	64	27	30	lore/wiki/gu/stone-shell-gu.md
E:V1-009612	精确	1	9612	64	28	47	lore/wiki/log.md
E:V1-009616	精确	1	9616	64	30	68	lore/wiki/gu/jade-skin-gu.md
E:V1-009618	精确	1	9618	64	31	37	lore/wiki/gu/jade-skin-gu.md
E:V1-009620	精确	1	9620	64	32	62	lore/wiki/gu/jade-skin-gu.md
E:V1-009654	精确	1	9654	64	49	33	lore/wiki/log.md
E:V1-009670	精确	1	9670	64	57	13	lore/wiki/gu/white-boar-strength-gu.md
E:V1-009684	精确	1	9684	64	64	74	lore/wiki/gu/jade-skin-gu.md
E:V1-009686	模糊唯一(需复核)	1	9686	64	65	20	lore/wiki/gu/white-boar-strength-gu.md
E:V1-009688	精确	1	9688	64	66	27	lore/wiki/gu/white-boar-strength-gu.md
E:V1-009690	精确	1	9690	64	67	49	lore/wiki/gu/white-boar-strength-gu.md
E:V1-009692	精确	1	9692	64	68	61	lore/wiki/log.md
E:V1-009694	精确	1	9694	64	69	19	lore/wiki/log.md
E:V1-009696	精确	1	9696	64	70	20	lore/wiki/gu/wine-insect-gu.md
E:V1-009698	精确	1	9698	64	71	68	lore/wiki/log.md
E:V1-009700	精确	1	9700	64	72	63	lore/wiki/gu/white-boar-strength-gu.md
E:V1-009704	精确	1	9704	64	74	15	lore/wiki/gu/small-light-gu.md
E:V1-009706	精确	1	9706	64	75	12	lore/wiki/gu/small-light-gu.md
E:V1-009708	精确	1	9708	64	76	24	lore/wiki/gu/small-light-gu.md
E:V1-009710	精确	1	9710	64	77	53	lore/wiki/gu/gu-relations.md
E:V1-009722	精确	1	9722	64	83	38	lore/wiki/events/qing-mao-mountain.md
E:V1-009762	精确	1	9762	65	12	57	lore/wiki/gu/moonlight-gu.md
E:V1-009772	精确	1	9772	65	17	27	lore/wiki/events/qing-mao-mountain.md
E:V1-009774	精确	1	9774	65	18	52	lore/wiki/gu/gu-relations.md
E:V1-009800	精确	1	9800	65	31	49	lore/wiki/gu/jade-skin-gu.md
E:V1-009808	精确	1	9808	65	35	48	lore/wiki/gu/jade-skin-gu.md
E:V1-009814	精确	1	9814	65	38	28	lore/wiki/gu/jade-skin-gu.md
E:V1-009970	精确	1	9970	66	21	24	lore/wiki/events/qing-mao-mountain.md
E:V1-009980	模糊唯一(需复核)	1	9980	66	26	20	lore/wiki/gu/roster-3.md
E:V1-009984	模糊唯一(需复核)	1	9984	66	28	20	lore/wiki/gu/gu-relations.md
E:V1-009986	精确	1	9986	66	29	35	lore/wiki/log.md
E:V1-009988	精确	1	9988	66	30	47	lore/wiki/gu/moonlight-gu.md
E:V1-009992	精确	1	9992	66	32	29	lore/wiki/gu/white-boar-strength-gu.md
E:V1-009994	精确	1	9994	66	33	55	lore/wiki/gu/white-boar-strength-gu.md
E:V1-009998	精确	1	9998	66	35	31	lore/wiki/gu/white-boar-strength-gu.md
E:V1-010002	精确	1	10002	66	37	9	lore/wiki/events/qing-mao-mountain.md
E:V1-010014	精确	1	10014	66	43	13	lore/wiki/events/qing-mao-mountain.md
E:V1-010040	模糊唯一(需复核)	1	10040	66	56	20	lore/wiki/events/qing-mao-mountain.md
E:V1-010044	精确	1	10044	66	58	89	lore/wiki/events/qing-mao-mountain.md
E:V1-010048	精确	1	10048	66	60	39	lore/wiki/events/qing-mao-mountain.md
E:V1-010050	精确	1	10050	66	61	45	lore/wiki/gu/moonlight-gu.md
E:V1-010066	精确	1	10066	66	69	9	lore/wiki/gu/white-boar-strength-gu.md
E:V1-010068	精确	1	10068	66	70	21	lore/wiki/gu/white-boar-strength-gu.md
E:V1-010070	精确	1	10070	66	71	30	lore/wiki/log.md
E:V1-010072	精确	1	10072	66	72	89	lore/wiki/gu/white-boar-strength-gu.md
E:V1-010102	模糊唯一(需复核)	1	10102	67	6	20	lore/wiki/events/qing-mao-mountain.md
E:V1-010116	精确	1	10116	67	13	44	lore/wiki/events/qing-mao-mountain.md
E:V1-010120	精确	1	10120	67	15	37	lore/wiki/events/qing-mao-mountain.md
E:V1-010126	精确	1	10126	67	18	33	lore/wiki/events/qing-mao-mountain.md
E:V1-010182	精确	1	10182	67	46	83	lore/wiki/gu/bear-strength-gu.md
E:V1-010186	精确	1	10186	67	48	32	lore/wiki/gu/bear-strength-gu.md
E:V1-010188	精确	1	10188	67	49	19	lore/wiki/gu/bear-strength-gu.md
E:V1-010422	精确	1	10422	68	80	70	lore/wiki/events/qing-mao-mountain.md
E:V1-010424	精确	1	10424	68	81	20	lore/wiki/events/qing-mao-mountain.md
E:V1-010428	精确	1	10428	68	83	41	lore/wiki/gu/moon-glow-gu.md
E:V1-010436	精确	1	10436	68	87	25	lore/wiki/events/qing-mao-mountain.md
E:V1-010444	精确	1	10444	68	91	59	lore/wiki/gu/moonlight-gu.md
E:V1-010446	精确	1	10446	68	92	59	lore/wiki/events/qing-mao-mountain.md
E:V1-010516	精确	1	10516	69	30	16	lore/wiki/events/qing-mao-mountain.md
E:V1-010642	精确	1	10642	70	28	40	lore/wiki/events/qing-mao-mountain.md
E:V1-010686	精确	1	10686	70	50	38	lore/wiki/events/qing-mao-mountain.md
E:V1-010708	精确	1	10708	70	61	17	lore/wiki/events/qing-mao-mountain.md
E:V1-010792	精确	1	10792	71	29	49	lore/wiki/events/qing-mao-mountain.md
E:V1-010796	精确	1	10796	71	31	32	lore/wiki/gu/moonlight-gu.md
E:V1-010798	精确	1	10798	71	32	41	lore/wiki/events/qing-mao-mountain.md
E:V1-010818	精确	1	10818	71	42	122	lore/wiki/events/qing-mao-mountain.md
E:V1-010830	精确	1	10830	71	48	50	lore/wiki/events/qing-mao-mountain.md
E:V1-010868	精确	1	10868	72	13	40	lore/wiki/events/qing-mao-mountain.md
E:V1-010874	精确	1	10874	72	16	48	lore/wiki/events/qing-mao-mountain.md
E:V1-010908	精确	1	10908	72	33	50	lore/wiki/gu/moonlight-gu.md
E:V1-010926	重复(无法唯一)	1	10926			3	lore/wiki/log.md
E:V1-010930	精确	1	10930	72	44	58	lore/wiki/gu/light-atk-1-01-gu.md
E:V1-010932	精确	1	10932	72	45	42	lore/wiki/gu/small-light-gu.md
E:V1-010934	精确	1	10934	72	46	32	lore/wiki/tools/benchmark-qms.md
E:V1-010940	精确	1	10940	72	49	54	lore/wiki/events/qing-mao-mountain.md
E:V1-010954	精确	1	10954	72	56	48	lore/wiki/gu/white-boar-strength-gu.md
E:V1-010960	精确	1	10960	72	59	46	lore/wiki/events/qing-mao-mountain.md
E:V1-010962	精确	1	10962	72	60	39	lore/wiki/gu/white-boar-strength-gu.md
E:V1-010966	精确	1	10966	72	62	43	lore/wiki/gu/white-boar-strength-gu.md
E:V1-010982	精确	1	10982	72	70	24	lore/wiki/gu/wine-insect-gu.md
E:V1-010994	精确	1	10994	72	76	22	lore/wiki/gu/white-boar-strength-gu.md
E:V1-010996	精确	1	10996	72	77	55	lore/wiki/gu/white-boar-strength-gu.md
E:V1-011000	精确	1	11000	72	79	51	lore/wiki/gu/white-boar-strength-gu.md
E:V1-011002	精确	1	11002	72	80	52	lore/wiki/gu/white-boar-strength-gu.md
E:V1-011004	精确	1	11004	72	81	9	lore/wiki/gu/white-boar-strength-gu.md
E:V1-011006	重复(无法唯一)	1	11006			6	lore/wiki/gu/white-boar-strength-gu.md
E:V1-011008	精确	1	11008	72	83	37	lore/wiki/log.md
E:V1-011010	精确	1	11010	72	84	18	lore/wiki/log.md
E:V1-011034	精确	1	11034	73	9	46	lore/wiki/events/qing-mao-mountain.md
E:V1-011066	精确	1	11066	73	25	49	lore/wiki/log.md
E:V1-011108	精确	1	11108	73	46	101	lore/wiki/events/qing-mao-mountain.md
E:V1-011112	精确	1	11112	73	48	37	lore/wiki/gu/wine-insect-gu.md
E:V1-011120	精确	1	11120	73	52	70	lore/wiki/gu/wine-insect-gu.md
E:V1-011128	精确	1	11128	73	56	60	lore/wiki/events/qing-mao-mountain.md
E:V1-011130	精确	1	11130	73	57	61	lore/wiki/gu/wine-insect-gu.md
E:V1-011132	精确	1	11132	73	58	33	lore/wiki/gu/white-boar-strength-gu.md
E:V1-011136	精确	1	11136	73	60	58	lore/wiki/gu/white-boar-strength-gu.md
E:V1-011182	精确	1	11182	74	6	44	lore/wiki/events/qing-mao-mountain.md
E:V1-011242	精确	1	11242	74	36	47	lore/wiki/events/qing-mao-mountain.md
E:V1-011306	精确	1	11306	75	1	63	lore/wiki/events/qing-mao-mountain.md
E:V1-011366	精确	1	11366	75	31	53	lore/wiki/events/qing-mao-mountain.md
E:V1-011420	精确	1	11420	75	58	49	lore/wiki/log.md
E:V1-011442	精确	1	11442	75	69	92	lore/wiki/gu/small-light-gu.md
E:V1-011466	精确	1	11466	75	81	30	lore/wiki/events/qing-mao-mountain.md
E:V1-011576	精确	1	11576	76	49	6	lore/wiki/events/qing-mao-mountain.md
E:V1-011688	精确	1	11688	77	27	44	lore/wiki/gu/small-light-gu.md
E:V1-011708	精确	1	11708	77	37	25	lore/wiki/events/qing-mao-mountain.md
E:V1-011742	精确	1	11742	77	54	20	lore/wiki/events/qing-mao-mountain.md
E:V1-011790	精确	1	11790	77	78	20	lore/wiki/gu/moonlight-gu.md
E:V1-011792	精确	1	11792	77	79	24	lore/wiki/events/qing-mao-mountain.md
E:V1-011800	模糊唯一(需复核)	1	11800	77	83	20	lore/wiki/events/qing-mao-mountain.md
E:V1-011832	精确	1	11832	78	10	4	lore/wiki/events/qing-mao-mountain.md
E:V1-011840	精确	1	11840	78	14	65	lore/wiki/events/qing-mao-mountain.md
E:V1-011886	重复(无法唯一)	1	11886			3	lore/wiki/events/qing-mao-mountain.md
E:V1-011888	精确	1	11888	78	38	77	lore/wiki/events/qing-mao-mountain.md
E:V1-011892	精确	1	11892	78	40	20	lore/wiki/gu/stone-shell-gu.md
E:V1-011894	精确	1	11894	78	41	66	lore/wiki/log.md
E:V1-011896	精确	1	11896	78	42	43	lore/wiki/log.md
E:V1-011898	精确	1	11898	78	43	8	lore/wiki/gu/stone-shell-gu.md
E:V1-011900	精确	1	11900	78	44	23	lore/wiki/log.md
E:V1-011902	精确	1	11902	78	45	38	lore/wiki/gu/stone-shell-gu.md
E:V1-011904	精确	1	11904	78	46	30	lore/wiki/gu/stone-shell-gu.md
E:V1-011926	精确	1	11926	78	57	24	lore/wiki/gu/jade-skin-gu.md
E:V1-011930	精确	1	11930	78	59	20	lore/wiki/gu/jade-skin-gu.md
E:V1-011932	精确	1	11932	78	60	44	lore/wiki/log.md
E:V1-011986	精确	1	11986	78	87	39	lore/wiki/gu/jade-skin-gu.md
E:V1-011988	精确	1	11988	78	88	21	lore/wiki/gu/jade-skin-gu.md
E:V1-012016	重复(无法唯一)	1	12016			3	lore/wiki/events/qing-mao-mountain.md
E:V1-012018	未找到	1	12018			0	lore/wiki/events/qing-mao-mountain.md
E:V1-012092	未找到	1	12092			0	lore/wiki/events/qing-mao-mountain.md
E:V1-012144	差异(需人工)	1	12144	498	40	8	lore/wiki/events/qing-mao-mountain.md
E:V1-012300	精确	1	12300	79	59	60	lore/wiki/events/qing-mao-mountain.md
E:V1-012312	精确	1	12312	79	65	38	lore/wiki/events/qing-mao-mountain.md
E:V1-012344	精确	1	12344	80	4	19	lore/wiki/gu/white-boar-strength-gu.md
E:V1-012346	精确	1	12346	80	5	57	lore/wiki/gu/white-boar-strength-gu.md
E:V1-012348	精确	1	12348	80	6	57	lore/wiki/gu/white-boar-strength-gu.md
E:V1-012394	精确	1	12394	80	29	6	lore/wiki/events/qing-mao-mountain.md
E:V1-012402	精确	1	12402	80	33	69	lore/wiki/gu/jade-skin-gu.md
E:V1-012406	精确	1	12406	80	35	38	lore/wiki/gu/jade-skin-gu.md
E:V1-012410	精确	1	12410	80	37	64	lore/wiki/gu/jade-skin-gu.md
E:V1-012412	精确	1	12412	80	38	31	lore/wiki/events/qing-mao-mountain.md
E:V1-012414	精确	1	12414	80	39	25	lore/wiki/gu/jade-skin-gu.md
E:V1-012418	精确	1	12418	80	41	42	lore/wiki/log.md
E:V1-012420	精确	1	12420	80	42	19	lore/wiki/gu/jade-skin-gu.md
E:V1-012422	精确	1	12422	80	43	45	lore/wiki/gu/jade-skin-gu.md
E:V1-012424	精确	1	12424	80	44	61	lore/wiki/gu/white-boar-strength-gu.md
E:V1-012428	精确	1	12428	80	46	46	lore/wiki/gu/white-boar-strength-gu.md
E:V1-012468	精确	1	12468	80	66	31	lore/wiki/events/qing-mao-mountain.md
E:V1-012476	精确	1	12476	80	70	50	lore/wiki/events/qing-mao-mountain.md
E:V1-012478	精确	1	12478	80	71	27	lore/wiki/log.md
E:V1-012498	精确	1	12498	80	81	52	lore/wiki/log.md
E:V1-012600	精确	1	12600	81	39	50	lore/wiki/log.md
E:V1-012602	精确	1	12602	81	40	40	lore/wiki/gu/jade-skin-gu.md
E:V1-012604	精确	1	12604	81	41	9	lore/wiki/events/qing-mao-mountain.md
E:V1-012606	精确	1	12606	81	42	9	lore/wiki/events/qing-mao-mountain.md
E:V1-012608	精确	1	12608	81	43	9	lore/wiki/events/qing-mao-mountain.md
E:V1-012610	精确	1	12610	81	44	9	lore/wiki/events/qing-mao-mountain.md
E:V1-012614	精确	1	12614	81	46	47	lore/wiki/gu/jade-skin-gu.md
E:V1-012616	精确	1	12616	81	47	26	lore/wiki/events/qing-mao-mountain.md
E:V1-012618	精确	1	12618	81	48	33	lore/wiki/log.md
E:V1-012620	精确	1	12620	81	49	38	lore/wiki/events/qing-mao-mountain.md
E:V1-012622	精确	1	12622	81	50	86	lore/wiki/gu/wine-insect-gu.md
E:V1-012722	精确	1	12722	82	6	25	lore/wiki/events/qing-mao-mountain.md
E:V1-012736	模糊唯一(需复核)	1	12736	82	13	20	lore/wiki/events/qing-mao-mountain.md
E:V1-012742	精确	1	12742	82	16	86	lore/wiki/events/qing-mao-mountain.md
E:V1-012756	精确	1	12756	82	23	10	docs/design/canon-runtime/2026-09-25-p1-ir.md
E:V1-012758	精确	1	12758	82	24	76	lore/wiki/gu/white-boar-strength-gu.md
E:V1-012766	精确	1	12766	82	28	25	lore/wiki/gu/roster-3.md
E:V1-012792	精确	1	12792	82	41	73	lore/wiki/events/qing-mao-mountain.md
E:V1-012850	精确	1	12850	82	70	45	lore/wiki/gu/wine-insect-gu.md
E:V1-012956	精确	1	12956	83	24	56	lore/wiki/events/qing-mao-mountain.md
E:V1-013030	精确	1	13030	83	61	40	lore/wiki/events/qing-mao-mountain.md
E:V1-013046	精确	1	13046	83	69	28	lore/wiki/gu/vitality-grass-gu.md
E:V1-013066	精确	1	13066	83	79	22	lore/wiki/events/qing-mao-mountain.md
E:V1-013074	精确	1	13074	84	1	12	lore/wiki/events/qing-mao-mountain.md
E:V1-013076	精确	1	13076	84	2	63	lore/wiki/events/qing-mao-mountain.md
E:V1-013100	精确	1	13100	84	14	122	lore/wiki/gu/moonlight-gu.md
E:V1-013112	精确	1	13112	84	20	31	lore/wiki/gu/jade-skin-gu.md
E:V1-013148	精确	1	13148	84	38	41	lore/wiki/events/qing-mao-mountain.md
E:V1-013156	精确	1	13156	84	42	103	lore/wiki/events/qing-mao-mountain.md
E:V1-013292	精确	1	13292	85	41	41	lore/wiki/gu/moonlight-gu.md
E:V1-013354	精确	1	13354	85	72	16	lore/wiki/events/qing-mao-mountain.md
E:V1-013388	精确	1	13388	85	89	37	lore/wiki/events/qing-mao-mountain.md
E:V1-013462	精确	1	13462	86	34	57	lore/wiki/gu/moonlight-gu.md
E:V1-013508	精确	1	13508	86	57	26	lore/wiki/events/qing-mao-mountain.md
E:V1-013544	精确	1	13544	86	75	50	lore/wiki/gu/jade-skin-gu.md
E:V1-013546	精确	1	13546	86	76	36	lore/wiki/gu/jade-skin-gu.md
E:V1-013548	精确	1	13548	86	77	77	lore/wiki/gu/moon-glow-gu.md
E:V1-013566	精确	1	13566	86	86	81	lore/wiki/gu/small-light-gu.md
E:V1-013630	精确	1	13630	87	5	21	lore/wiki/log.md
E:V1-013634	精确	1	13634	87	7	60	lore/wiki/gu/jade-skin-gu.md
E:V1-013638	精确	1	13638	87	9	28	lore/wiki/gu/jade-skin-gu.md
E:V1-013642	精确	1	13642	87	11	44	lore/wiki/gu/jade-skin-gu.md
E:V1-013668	精确	1	13668	87	24	38	lore/wiki/events/qing-mao-mountain.md
E:V1-013678	精确	1	13678	87	29	25	lore/wiki/gu/small-light-gu.md
E:V1-013690	精确	1	13690	87	35	62	lore/wiki/gu/jade-skin-gu.md
E:V1-013716	精确	1	13716	87	48	55	lore/wiki/gu/jade-skin-gu.md
E:V1-013756	精确	1	13756	87	68	109	lore/wiki/events/qing-mao-mountain.md
E:V1-013876	精确	1	13876	88	50	27	lore/wiki/events/qing-mao-mountain.md
E:V1-013902	精确	1	13902	88	63	38	lore/wiki/events/qing-mao-mountain.md
E:V1-013922	精确	1	13922	89	2	90	lore/wiki/events/qing-mao-mountain.md
E:V1-013992	精确	1	13992	89	37	9	lore/wiki/events/qing-mao-mountain.md
E:V1-014046	精确	1	14046	89	64	123	lore/wiki/events/qing-mao-mountain.md
E:V1-014106	精确	1	14106	90	14	79	lore/wiki/events/qing-mao-mountain.md
E:V1-014110	精确	1	14110	90	16	89	lore/wiki/events/qing-mao-mountain.md
E:V1-014232	精确	1	14232	91	8	92	lore/wiki/events/qing-mao-mountain.md
E:V1-014238	精确	1	14238	91	11	91	lore/wiki/events/qing-mao-mountain.md
E:V1-014352	精确	1	14352	91	68	47	lore/wiki/world/aptitude-and-aperture.md
E:V1-014356	精确	1	14356	91	70	59	lore/wiki/events/qing-mao-mountain.md
E:V1-014438	精确	1	14438	92	31	30	lore/wiki/events/qing-mao-mountain.md
E:V1-014442	精确	1	14442	92	33	22	lore/wiki/events/qing-mao-mountain.md
E:V1-014458	精确	1	14458	92	41	29	lore/wiki/events/qing-mao-mountain.md
E:V1-014468	精确	1	14468	92	46	128	lore/wiki/log.md
E:V1-014472	精确	1	14472	92	48	138	lore/wiki/gu/wine-insect-gu.md
E:V1-014474	精确	1	14474	92	49	49	lore/wiki/events/qing-mao-mountain.md
E:V1-014494	精确	1	14494	92	59	27	lore/wiki/events/qing-mao-mountain.md
E:V1-014604	精确	1	14604	93	20	123	lore/wiki/events/qing-mao-mountain.md
E:V1-014646	精确	1	14646	93	41	15	lore/wiki/world/aptitude-and-aperture.md
E:V1-014750	精确	1	14750	94	5	28	lore/wiki/events/wolf-tide.md
E:V1-014774	精确	1	14774	94	17	84	lore/wiki/events/qing-mao-mountain.md
E:V1-014784	精确	1	14784	94	22	26	lore/wiki/events/qing-mao-mountain.md
E:V1-014786	精确	1	14786	94	23	104	lore/wiki/events/qing-mao-mountain.md
E:V1-014788	精确	1	14788	94	24	90	lore/wiki/tools/benchmark-wtc.md
E:V1-014806	精确	1	14806	94	33	41	lore/wiki/events/qing-mao-mountain.md
E:V1-014836	精确	1	14836	94	48	73	lore/wiki/events/qing-mao-mountain.md
E:V1-014864	精确	1	14864	94	62	29	lore/wiki/events/qing-mao-mountain.md
E:V1-014884	精确	1	14884	94	72	96	lore/wiki/events/qing-mao-mountain.md
E:V1-014916	精确	1	14916	94	88	73	lore/wiki/gu/gu-relations.md
E:V1-014932	精确	1	14932	95	3	39	lore/wiki/events/qing-mao-mountain.md
E:V1-014962	精确	1	14962	95	18	34	lore/wiki/events/qing-mao-mountain.md
E:V1-014986	精确	1	14986	95	30	18	lore/wiki/events/qing-mao-mountain.md
E:V1-015028	精确	1	15028	95	51	42	lore/wiki/events/qing-mao-mountain.md
E:V1-015082	精确	1	15082	96	4	41	lore/wiki/gu/jade-skin-gu.md
E:V1-015154	精确	1	15154	96	40	46	lore/wiki/events/qing-mao-mountain.md
E:V1-015186	精确	1	15186	96	56	63	lore/wiki/events/qing-mao-mountain.md
E:V1-015236	精确	1	15236	96	81	31	lore/wiki/events/wolf-tide.md
E:V1-015292	精确	1	15292	97	11	68	lore/wiki/events/qing-mao-mountain.md
E:V1-015302	精确	1	15302	97	16	20	lore/wiki/events/qing-mao-mountain.md
E:V1-015306	精确	1	15306	97	18	25	lore/wiki/log.md
E:V1-015308	精确	1	15308	97	19	59	lore/wiki/log.md
E:V1-015326	精确	1	15326	97	28	34	lore/wiki/events/qing-mao-mountain.md
E:V1-015356	精确	1	15356	97	43	109	lore/wiki/events/qing-mao-mountain.md
E:V1-015358	精确	1	15358	97	44	91	lore/wiki/events/qing-mao-mountain.md
E:V1-015446	精确	1	15446	97	88	58	lore/wiki/events/qing-mao-mountain.md
E:V1-015470	精确	1	15470	98	1	6	lore/wiki/events/qing-mao-mountain.md
E:V1-015490	精确	1	15490	98	11	21	lore/wiki/events/qing-mao-mountain.md
E:V1-015528	精确	1	15528	98	30	12	lore/wiki/events/qing-mao-mountain.md
E:V1-015540	精确	1	15540	98	36	49	lore/wiki/tools/benchmark-wtc.md
E:V1-015698	精确	1	15698	99	27	46	lore/wiki/gu/jade-skin-gu.md
E:V1-015708	精确	1	15708	99	32	24	lore/wiki/gu/jade-skin-gu.md
E:V1-015710	精确	1	15710	99	33	37	lore/wiki/log.md
E:V1-015712	精确	1	15712	99	34	25	lore/wiki/gu/white-jade-gu.md
E:V1-015714	精确	1	15714	99	35	54	lore/wiki/gu/white-jade-gu.md
E:V1-015724	精确	1	15724	99	40	53	lore/wiki/rules/refinement.md
E:V1-015728	精确	1	15728	99	42	74	lore/wiki/gu/gu-relations.md
E:V1-015730	精确	1	15730	99	43	68	lore/wiki/gu/gu-relations.md
E:V1-015734	精确	1	15734	99	45	94	lore/wiki/gu/gu-relations.md
E:V1-015738	精确	1	15738	99	47	78	lore/wiki/gu/jade-skin-gu.md
E:V1-015742	精确	1	15742	99	49	49	lore/wiki/gu/moonlight-gu.md
E:V1-015744	精确	1	15744	99	50	84	lore/wiki/gu/gu-relations.md
E:V1-015764	精确	1	15764	99	60	25	lore/wiki/gu/moonlight-gu.md
E:V1-015778	精确	1	15778	99	67	57	lore/wiki/gu/jade-skin-gu.md
E:V1-015780	精确	1	15780	99	68	43	lore/wiki/gu/jade-skin-gu.md
E:V1-015804	精确	1	15804	100	8	66	lore/wiki/gu/spring-autumn-cicada-gu.md
E:V1-015806	精确	1	15806	100	9	43	lore/wiki/log.md
E:V1-015812	精确	1	15812	100	12	61	lore/wiki/rules/refinement.md
E:V1-015820	精确	1	15820	100	16	39	lore/wiki/gu/small-light-gu.md
E:V1-015834	精确	1	15834	100	23	51	lore/wiki/gu/wine-insect-gu.md
E:V1-015872	精确	1	15872	100	42	35	lore/wiki/gu/white-jade-gu.md
E:V1-015874	精确	1	15874	100	43	66	lore/wiki/gu/jade-skin-gu.md
E:V1-015878	精确	1	15878	100	45	46	lore/wiki/gu/white-jade-gu.md
E:V1-015888	精确	1	15888	100	50	31	lore/wiki/gu/white-jade-gu.md
E:V1-015890	精确	1	15890	100	51	47	lore/wiki/gu/white-jade-gu.md
E:V1-015892	精确	1	15892	100	52	9	lore/wiki/gu/white-jade-gu.md
E:V1-015912	精确	1	15912	100	62	22	lore/wiki/gu/gu-relations.md
E:V1-015916	精确	1	15916	100	64	34	lore/wiki/gu/gu-relations.md
E:V1-015920	精确	1	15920	100	66	38	lore/wiki/gu/gu-relations.md
E:V1-015922	精确	1	15922	100	67	50	lore/wiki/gu/gu-relations.md
E:V1-016054	模糊唯一(需复核)	1	16054	101	7	20	lore/wiki/gu/white-jade-gu.md
E:V1-016056	模糊唯一(需复核)	1	16056	101	8	20	lore/wiki/gu/jade-skin-gu.md
E:V1-016058	模糊唯一(需复核)	1	16058	101	9	20	lore/wiki/log.md
E:V1-016060	模糊唯一(需复核)	1	16060	101	10	20	lore/wiki/gu/jade-skin-gu.md
E:V1-016070	模糊唯一(需复核)	1	16070	101	15	20	lore/wiki/log.md
E:V1-016076	差异(需人工)	1	16076	101	18	8	lore/wiki/log.md
E:V1-016114	差异(需人工)	1	16114	101	37	12	lore/wiki/gu/white-jade-gu.md
E:V1-016126	模糊唯一(需复核)	1	16126	101	43	20	lore/wiki/gu/white-jade-gu.md
E:V1-016140	模糊唯一(需复核)	1	16140	101	50	20	lore/wiki/gu/white-boar-strength-gu.md
E:V1-016142	未找到	1	16142			0	lore/wiki/gu/jade-skin-gu.md
E:V1-016144	精确	1	16144	101	52	31	lore/wiki/gu/jade-skin-gu.md
E:V1-016146	模糊唯一(需复核)	1	16146	101	53	20	lore/wiki/gu/jade-skin-gu.md
E:V1-016148	模糊唯一(需复核)	1	16148	101	54	20	lore/wiki/gu/jade-skin-gu.md
E:V1-016236	精确	1	16236	102	4	69	lore/wiki/gu/wine-insect-gu.md
E:V1-016276	精确	1	16276	102	24	56	lore/wiki/world/cultivation-system.md
E:V1-016488	模糊唯一(需复核)	1	16488	103	59	20	lore/wiki/gu/vitality-grass-gu.md
E:V1-016490	差异(需人工)	1	16490	103	60	8	lore/wiki/gu/vitality-grass-gu.md
E:V1-016492	模糊唯一(需复核)	1	16492	103	61	20	lore/wiki/gu/vitality-grass-gu.md
E:V1-016494	模糊唯一(需复核)	1	16494	103	62	16	lore/wiki/gu/vitality-grass-gu.md
E:V1-016496	模糊唯一(需复核)	1	16496	103	63	16	lore/wiki/log.md
E:V1-016498	模糊唯一(需复核)	1	16498	103	63	20	lore/wiki/gu/vitality-grass-gu.md
E:V1-016500	模糊唯一(需复核)	1	16500	103	64	20	lore/wiki/gu/vitality-grass-gu.md
E:V1-016504	差异(需人工)	1	16504	103	66	10	lore/wiki/gu/vitality-grass-gu.md
E:V1-016508	模糊唯一(需复核)	1	16508	103	67	20	lore/wiki/gu/vitality-grass-gu.md
E:V1-016640	精确	1	16640	104	52	60	lore/wiki/tools/benchmark-wtc.md
E:V1-016744	精确	1	16744	105	21	60	lore/wiki/gu/jade-skin-gu.md
E:V1-016762	精确	1	16762	105	30	61	lore/wiki/gu/white-jade-gu.md
E:V1-016766	精确	1	16766	105	32	63	lore/wiki/gu/moon-glow-gu.md
E:V1-016788	精确	1	16788	105	43	50	lore/wiki/log.md
E:V1-016792	精确	1	16792	105	45	22	lore/wiki/gu/wood-atk-1-05-gu.md
E:V1-016794	精确	1	16794	105	46	19	lore/wiki/gu/wood-atk-1-05-gu.md
E:V1-016800	精确	1	16800	105	49	33	lore/wiki/gu/light-atk-1-01-gu.md
E:V1-016802	精确	1	16802	105	50	22	lore/wiki/gu/light-atk-1-01-gu.md
E:V1-016804	精确	1	16804	105	51	46	lore/wiki/gu/light-atk-1-01-gu.md
E:V1-016806	精确	1	16806	105	52	66	lore/wiki/gu/light-atk-1-01-gu.md
E:V1-016890	精确	1	16890	106	9	38	lore/wiki/gu/light-atk-3-02-gu.md
E:V1-016892	精确	1	16892	106	10	105	lore/wiki/gu/wine-insect-gu.md
E:V1-016898	精确	1	16898	106	13	62	lore/wiki/gu/light-atk-3-02-gu.md
E:V1-016900	精确	1	16900	106	14	93	lore/wiki/log.md
E:V1-016906	精确	1	16906	106	17	13	lore/wiki/gu/gu-relations.md
E:V1-016908	精确	1	16908	106	18	18	lore/wiki/gu/spring-autumn-cicada-gu.md
E:V1-016910	精确	1	16910	106	19	64	lore/wiki/gu/gu-relations.md
E:V1-016912	精确	1	16912	106	20	35	lore/wiki/gu/white-boar-strength-gu.md
E:V1-016918	精确	1	16918	106	23	35	lore/wiki/log.md
E:V1-016920	精确	1	16920	106	24	73	lore/wiki/log.md
E:V1-016922	精确	1	16922	106	25	69	lore/wiki/log.md
E:V1-016924	精确	1	16924	106	26	78	lore/wiki/gu/light-atk-3-02-gu.md
E:V1-016926	精确	1	16926	106	27	45	lore/wiki/gu/light-atk-3-02-gu.md
E:V1-016932	精确	1	16932	106	30	56	lore/wiki/gu/light-atk-3-02-gu.md
E:V1-016934	精确	1	16934	106	31	28	lore/wiki/gu/light-atk-3-02-gu.md
E:V1-016942	精确	1	16942	106	35	42	lore/wiki/log.md
E:V1-016946	精确	1	16946	106	37	52	lore/wiki/gu/gu-relations.md
E:V1-016952	精确	1	16952	106	40	46	lore/wiki/gu/wine-insect-gu.md
E:V1-016954	精确	1	16954	106	41	39	lore/wiki/gu/wine-insect-gu.md
E:V1-017042	精确	1	17042	107	8	10	lore/wiki/gu/gu-relations.md
E:V1-017052	精确	1	17052	107	13	8	lore/wiki/gu/gu-relations.md
E:V1-017056	精确	1	17056	107	15	43	lore/wiki/gu/moon-glow-gu.md
E:V1-017058	精确	1	17058	107	16	32	lore/wiki/gu/gu-relations.md
E:V1-017062	精确	1	17062	107	18	39	lore/wiki/gu/gu-relations.md
E:V1-017068	精确	1	17068	107	21	68	lore/wiki/log.md
E:V1-017070	精确	1	17070	107	22	51	lore/wiki/gu/gu-relations.md
E:V1-017072	精确	1	17072	107	23	56	lore/wiki/log.md
E:V1-017074	精确	1	17074	107	24	21	lore/wiki/gu/gu-relations.md
E:V1-017084	精确	1	17084	107	29	61	lore/wiki/gu/vitality-grass-gu.md
E:V1-017088	精确	1	17088	107	31	11	lore/wiki/gu/vitality-grass-gu.md
E:V1-017094	精确	1	17094	107	34	37	lore/wiki/gu/vitality-grass-gu.md
E:V1-017098	精确	1	17098	107	36	40	lore/wiki/gu/vitality-grass-gu.md
E:V1-017104	精确	1	17104	107	39	45	lore/wiki/gu/vitality-grass-gu.md
E:V1-017106	精确	1	17106	107	40	23	lore/wiki/gu/vitality-grass-gu.md
E:V1-017108	精确	1	17108	107	41	30	lore/wiki/gu/vitality-grass-gu.md
E:V1-017114	精确	1	17114	107	44	28	lore/wiki/gu/vitality-grass-gu.md
E:V1-017116	精确	1	17116	107	45	35	lore/wiki/gu/vitality-grass-gu.md
E:V1-017120	精确	1	17120	107	47	49	lore/wiki/gu/vitality-grass-gu.md
E:V1-017124	精确	1	17124	107	49	80	lore/wiki/gu/vitality-grass-gu.md
E:V1-017128	精确	1	17128	107	51	31	lore/wiki/log.md
E:V1-017130	精确	1	17130	107	52	48	lore/wiki/gu/vitality-grass-gu.md
E:V1-017136	精确	1	17136	107	55	37	lore/wiki/gu/moonlight-gu.md
E:V1-017142	精确	1	17142	107	58	37	lore/wiki/gu/moon-glow-gu.md
E:V1-017144	精确	1	17144	107	59	22	lore/wiki/gu/light-atk-1-01-gu.md
E:V1-017146	精确	1	17146	107	60	10	lore/wiki/gu/small-light-gu.md
E:V1-017148	精确	1	17148	107	61	52	lore/wiki/log.md
E:V1-017150	精确	1	17150	107	62	24	lore/wiki/log.md
E:V1-017152	精确	1	17152	107	63	21	lore/wiki/gu/light-atk-3-02-gu.md
E:V1-017154	精确	1	17154	107	64	38	lore/wiki/log.md
E:V1-017156	精确	1	17156	107	65	46	lore/wiki/log.md
E:V1-017158	精确	1	17158	107	66	62	lore/wiki/gu/gu-relations.md
E:V1-017160	精确	1	17160	107	67	46	lore/wiki/log.md
E:V1-017162	精确	1	17162	107	68	24	lore/wiki/gu/gu-relations.md
E:V1-017164	精确	1	17164	107	69	22	lore/wiki/rules/refinement.md
E:V1-017168	精确	1	17168	107	71	73	lore/wiki/gu/gu-relations.md
E:V1-017170	精确	1	17170	107	72	56	lore/wiki/gu/gu-relations.md
E:V1-017186	精确	1	17186	107	80	34	lore/wiki/log.md
E:V1-017192	精确	1	17192	107	83	28	lore/wiki/gu/gu-relations.md
E:V1-017194	精确	1	17194	107	84	21	lore/wiki/log.md
E:V1-017198	精确	1	17198	107	86	63	lore/wiki/gu/moonlight-gu.md
E:V1-017206	精确	1	17206	107	90	65	lore/wiki/gu/spring-autumn-cicada-gu.md
E:V1-017256	精确	1	17256	108	20	59	lore/wiki/gu/vitality-grass-gu.md
E:V1-017278	精确	1	17278	108	31	45	lore/wiki/gu/vitality-grass-gu.md
E:V1-017290	精确	1	17290	108	37	82	lore/wiki/gu/vitality-grass-gu.md
E:V1-017292	精确	1	17292	108	38	39	lore/wiki/gu/vitality-grass-gu.md
E:V1-017316	精确	1	17316	108	50	31	lore/wiki/gu/moon-glow-gu.md
E:V1-017320	精确	1	17320	108	52	84	lore/wiki/log.md
E:V1-017322	精确	1	17322	108	53	39	lore/wiki/gu/moon-glow-gu.md
E:V1-017334	精确	1	17334	108	59	28	lore/wiki/gu/wine-insect-gu.md
E:V1-017342	精确	1	17342	108	63	108	lore/wiki/gu/heaven-atk-3-10-gu.md
E:V1-017470	精确	1	17470	109	42	8	lore/wiki/gu/moon-glow-gu.md
E:V1-017472	精确	1	17472	109	43	34	lore/wiki/gu/moon-glow-gu.md
E:V1-017478	精确	1	17478	109	46	27	lore/wiki/gu/stone-shell-gu.md
E:V1-017480	精确	1	17480	109	47	31	lore/wiki/gu/stone-shell-gu.md
E:V1-017502	精确	1	17502	109	58	38	lore/wiki/gu/moon-glow-gu.md
E:V1-017606	精确	1	17606	109	110	44	lore/wiki/gu/stone-shell-gu.md
E:V1-017608	精确	1	17608	109	111	74	lore/wiki/gu/stone-shell-gu.md
E:V1-017846	精确	1	17846	110	88	12	lore/wiki/gu/jade-skin-gu.md
E:V1-017848	精确	1	17848	110	89	25	lore/wiki/gu/jade-skin-gu.md
E:V1-017850	精确	1	17850	110	90	49	lore/wiki/gu/moon-ray-gu.md
E:V1-017878	精确	1	17878	111	11	34	lore/wiki/gu/wine-insect-gu.md
E:V1-017882	精确	1	17882	111	13	25	lore/wiki/gu/wine-insect-gu.md
E:V1-017910	精确	1	17910	111	27	69	lore/wiki/gu/wine-insect-gu.md
E:V1-017948	精确	1	17948	111	46	76	lore/wiki/gu/wine-insect-gu.md
E:V1-017950	精确	1	17950	111	47	16	lore/wiki/gu/wine-insect-gu.md
E:V1-017952	精确	1	17952	111	48	43	lore/wiki/gu/wine-insect-gu.md
E:V1-017956	精确	1	17956	111	50	35	lore/wiki/log.md
E:V1-017958	精确	1	17958	111	51	30	lore/wiki/log.md
E:V1-017968	精确	1	17968	111	56	47	lore/wiki/gu/vitality-grass-gu.md
E:V1-018060	精确	1	18060	112	6	40	lore/wiki/gu/gold-atk-2-12-gu.md
E:V1-018062	精确	1	18062	112	7	41	lore/wiki/gu/gold-atk-2-12-gu.md
E:V1-018064	精确	1	18064	112	8	12	lore/wiki/gu/gold-atk-2-12-gu.md
E:V1-018066	精确	1	18066	112	9	46	lore/wiki/gu/gold-atk-2-12-gu.md
E:V1-018068	精确	1	18068	112	10	11	lore/wiki/gu/gold-atk-2-12-gu.md
E:V1-018070	精确	1	18070	112	11	20	lore/wiki/gu/gold-atk-2-12-gu.md
E:V1-018072	精确	1	18072	112	12	53	lore/wiki/gu/gold-atk-2-12-gu.md
E:V1-018128	精确	1	18128	112	40	99	lore/wiki/gu/wine-insect-gu.md
E:V1-018176	精确	1	18176	112	64	74	lore/wiki/gu/wine-insect-gu.md
E:V1-018198	模糊唯一(需复核)	1	18198	112	75	20	lore/wiki/log.md
E:V1-018216	精确	1	18216	112	84	54	lore/wiki/gu/moon-glow-gu.md
E:V1-018234	精确	1	18234	113	2	43	lore/wiki/gu/vitality-grass-gu.md
E:V1-018240	精确	1	18240	113	5	79	lore/wiki/events/wolf-tide.md
E:V1-018372	精确	1	18372	113	71	54	lore/wiki/gu/vitality-grass-gu.md
E:V1-018374	精确	1	18374	113	72	42	lore/wiki/gu/vitality-grass-gu.md
E:V1-018464	精确	1	18464	114	25	17	lore/wiki/log.md
E:V1-018466	精确	1	18466	114	26	32	lore/wiki/gu/gu-relations.md
E:V1-018468	精确	1	18468	114	27	10	lore/wiki/gu/gu-relations.md
E:V1-018470	精确	1	18470	114	28	20	lore/wiki/gu/white-jade-gu.md
E:V1-018606	精确	1	18606	115	7	22	lore/wiki/gu/moon-glow-gu.md
E:V1-018610	精确	1	18610	115	9	30	lore/wiki/gu/moon-glow-gu.md
E:V1-018636	精确	1	18636	115	22	61	lore/wiki/gu/moon-glow-gu.md
E:V1-018640	精确	1	18640	115	24	33	lore/wiki/gu/moon-glow-gu.md
E:V1-018644	精确	1	18644	115	26	67	lore/wiki/gu/wine-insect-gu.md
E:V1-018646	精确	1	18646	115	27	24	lore/wiki/gu/moon-glow-gu.md
E:V1-018664	精确	1	18664	115	36	24	lore/wiki/gu/white-jade-gu.md
E:V1-018690	精确	1	18690	115	49	52	lore/wiki/gu/moon-glow-gu.md
E:V1-018692	精确	1	18692	115	50	44	lore/wiki/gu/moon-glow-gu.md
E:V1-018828	精确	1	18828	116	21	34	lore/wiki/gu/gold-atk-2-12-gu.md
E:V1-018878	精确	1	18878	116	46	24	lore/wiki/gu/white-jade-gu.md
E:V1-018880	精确	1	18880	116	47	36	lore/wiki/gu/white-jade-gu.md
E:V1-018896	精确	1	18896	116	55	32	lore/wiki/gu/white-jade-gu.md
E:V1-018942	精确	1	18942	116	78	66	lore/wiki/gu/moon-glow-gu.md
E:V1-018976	精确	1	18976	117	1	88	lore/wiki/gu/moon-glow-gu.md
E:V1-018980	精确	1	18980	117	3	33	lore/wiki/gu/moon-glow-gu.md
E:V1-018986	精确	1	18986	117	6	48	lore/wiki/gu/white-jade-gu.md
E:V1-019008	精确	1	19008	117	17	24	lore/wiki/gu/white-jade-gu.md
E:V1-019084	精确	1	19084	117	55	32	lore/wiki/gu/moon-glow-gu.md
E:V1-019106	精确	1	19106	117	66	24	lore/wiki/gu/earth-def-3-01-gu.md
E:V1-019152	精确	1	19152	117	89	56	lore/wiki/gu/vitality-grass-gu.md
E:V1-019550	模糊唯一(需复核)	1	19550	120	13	20	lore/wiki/gu/white-boar-strength-gu.md
E:V1-019662	模糊唯一(需复核)	1	19662	120	69	20	lore/wiki/gu/moon-glow-gu.md
E:V1-019666	精确	1	19666	120	71	50	lore/wiki/gu/moon-glow-gu.md
E:V1-020024	精确	1	20024	122	32	32	lore/wiki/log.md
E:V1-020028	精确	1	20028	122	34	21	lore/wiki/gu/wine-insect-gu.md
E:V1-020030	精确	1	20030	122	35	22	lore/wiki/gu/wine-insect-gu.md
E:V1-020036	精确	1	20036	122	38	25	lore/wiki/gu/wine-insect-gu.md
E:V1-020040	精确	1	20040	122	40	19	lore/wiki/gu/wine-insect-gu.md
E:V1-020042	精确	1	20042	122	41	34	lore/wiki/gu/wine-insect-gu.md
E:V1-020050	精确	1	20050	122	45	26	lore/wiki/gu/wine-insect-gu.md
E:V1-020058	精确	1	20058	122	49	29	lore/wiki/gu/wine-insect-gu.md
E:V1-020062	精确	1	20062	122	51	70	lore/wiki/gu/wine-insect-gu.md
E:V1-020066	精确	1	20066	122	53	30	lore/wiki/gu/wine-insect-gu.md
E:V1-020076	精确	1	20076	122	58	32	lore/wiki/gu/wine-insect-gu.md
E:V1-020078	精确	1	20078	122	59	36	lore/wiki/gu/gu-relations.md
E:V1-020082	精确	1	20082	122	61	31	lore/wiki/gu/wine-insect-gu.md
E:V1-020084	精确	1	20084	122	62	31	lore/wiki/log.md
E:V1-020086	精确	1	20086	122	63	30	lore/wiki/gu/wine-insect-gu.md
E:V1-020090	精确	1	20090	122	65	46	lore/wiki/gu/vitality-grass-gu.md
E:V1-020094	精确	1	20094	122	67	41	lore/wiki/gu/wine-insect-gu.md
E:V1-020112	精确	1	20112	122	76	30	lore/wiki/gu/gu-relations.md
E:V1-020130	精确	1	20130	122	85	80	lore/wiki/gu/bear-strength-gu.md
E:V1-020174	精确	1	20174	123	10	64	lore/wiki/log.md
E:V1-020176	精确	1	20176	123	11	41	lore/wiki/log.md
E:V1-020246	精确	1	20246	123	46	46	lore/wiki/gu/moon-glow-gu.md
E:V1-020364	精确	1	20364	124	15	86	lore/wiki/gu/bear-strength-gu.md
E:V1-020424	精确	1	20424	124	45	48	lore/wiki/gu/vitality-grass-gu.md
E:V1-020428	精确	1	20428	124	47	81	lore/wiki/gu/jade-skin-gu.md
E:V1-020432	精确	1	20432	124	49	36	lore/wiki/gu/gu-relations.md
E:V1-020444	精确	1	20444	124	55	50	lore/wiki/gu/bear-strength-gu.md
E:V1-020446	精确	1	20446	124	56	40	lore/wiki/gu/bear-strength-gu.md
E:V1-020462	差异(需人工)	1	20462	124	64	12	lore/wiki/gu/vitality-grass-gu.md
E:V1-020464	精确	1	20464	124	65	40	lore/wiki/gu/vitality-grass-gu.md
E:V1-020468	模糊唯一(需复核)	1	20468	124	67	20	lore/wiki/gu/vitality-grass-gu.md
E:V1-020500	精确	1	20500	125	5	45	lore/wiki/gu/wine-insect-gu.md
E:V1-020542	精确	1	20542	125	26	60	lore/wiki/gu/vitality-grass-gu.md
E:V1-020544	精确	1	20544	125	27	26	lore/wiki/gu/vitality-grass-gu.md
E:V1-020548	精确	1	20548	125	29	51	lore/wiki/gu/vitality-grass-gu.md
E:V1-020550	精确	1	20550	125	30	58	lore/wiki/gu/vitality-grass-gu.md
E:V1-020572	精确	1	20572	125	41	49	lore/wiki/gu/vitality-grass-gu.md
E:V1-020612	精确	1	20612	125	61	60	lore/wiki/events/wolf-tide.md
E:V1-020672	精确	1	20672	126	12	30	lore/wiki/world/cultivation-system.md
E:V1-020934	精确	1	20934	127	36	36	lore/wiki/gu/wood-atk-1-05-gu.md
E:V1-020940	精确	1	20940	127	39	55	lore/wiki/gu/wood-atk-1-05-gu.md
E:V1-020942	精确	1	20942	127	40	43	lore/wiki/gu/wood-atk-1-05-gu.md
E:V1-020966	精确	1	20966	127	52	55	lore/wiki/gu/wood-atk-1-05-gu.md
E:V1-020968	精确	1	20968	127	53	26	lore/wiki/gu/wood-atk-1-05-gu.md
E:V1-020970	精确	1	20970	127	54	33	lore/wiki/gu/wood-atk-1-05-gu.md
E:V1-020976	精确	1	20976	127	57	36	lore/wiki/gu/bear-strength-gu.md
E:V1-020980	精确	1	20980	127	59	30	lore/wiki/gu/wood-atk-1-05-gu.md
E:V1-020982	精确	1	20982	127	60	43	lore/wiki/gu/wood-atk-1-05-gu.md
E:V1-020984	精确	1	20984	127	61	22	lore/wiki/gu/bear-strength-gu.md
E:V1-020994	精确	1	20994	127	66	19	lore/wiki/gu/wood-atk-1-05-gu.md
E:V1-020996	精确	1	20996	127	67	39	lore/wiki/gu/wood-atk-1-05-gu.md
E:V1-020998	精确	1	20998	127	68	14	lore/wiki/gu/wood-atk-1-05-gu.md
E:V1-021000	精确	1	21000	127	69	8	lore/wiki/gu/wood-atk-3-01-gu.md
E:V1-021002	精确	1	21002	127	70	17	lore/wiki/gu/wood-atk-3-01-gu.md
E:V1-021004	精确	1	21004	127	71	25	lore/wiki/gu/wood-atk-3-01-gu.md
E:V1-021006	精确	1	21006	127	72	17	lore/wiki/gu/wood-atk-3-01-gu.md
E:V1-021008	精确	1	21008	127	73	50	lore/wiki/gu/wood-atk-1-05-gu.md
E:V1-021010	精确	1	21010	127	74	33	lore/wiki/gu/wood-atk-3-01-gu.md
E:V1-021012	精确	1	21012	127	75	81	lore/wiki/gu/wood-atk-1-05-gu.md
E:V1-021014	精确	1	21014	127	76	29	lore/wiki/gu/wood-atk-1-05-gu.md
E:V1-021016	精确	1	21016	127	77	133	lore/wiki/gu/gu-relations.md
E:V1-021018	精确	1	21018	127	78	32	lore/wiki/gu/heaven-atk-5-07-gu.md
E:V1-021020	精确	1	21020	127	79	13	lore/wiki/gu/heaven-atk-5-07-gu.md
E:V1-021022	精确	1	21022	127	80	26	lore/wiki/gu/heaven-atk-5-07-gu.md
E:V1-021024	精确	1	21024	127	81	12	lore/wiki/gu/heaven-atk-5-07-gu.md
E:V1-021026	精确	1	21026	127	82	71	lore/wiki/gu/heaven-atk-5-07-gu.md
E:V1-021028	精确	1	21028	127	83	20	lore/wiki/gu/heaven-atk-5-07-gu.md
E:V1-021030	精确	1	21030	127	84	77	lore/wiki/gu/heaven-atk-5-07-gu.md
E:V1-021034	精确	1	21034	127	86	44	lore/wiki/gu/blood-atk-3-03-gu.md
E:V1-021036	精确	1	21036	127	87	38	lore/wiki/gu/blood-atk-3-03-gu.md
E:V1-021146	精确	1	21146	128	45	27	lore/wiki/tools/benchmark-wtc.md
E:V1-021220	精确	1	21220	128	82	38	lore/wiki/gu/moon-glow-gu.md
E:V1-021222	精确	1	21222	128	83	14	lore/wiki/gu/moon-glow-gu.md
E:V1-021354	精确	1	21354	129	35	20	lore/wiki/gu/moonlight-gu.md
E:V1-021360	精确	1	21360	129	38	55	lore/wiki/gu/wood-atk-3-01-gu.md
E:V1-021638	精确	1	21638	130	71	86	lore/wiki/gu/white-jade-gu.md
E:V1-021652	精确	1	21652	130	78	63	lore/wiki/log.md
E:V1-021664	精确	1	21664	130	84	80	lore/wiki/tools/benchmark-xq.md
E:V1-021706	精确	1	21706	131	17	41	lore/wiki/gu/white-jade-gu.md
E:V1-021860	精确	1	21860	131	94	41	lore/wiki/events/wolf-tide.md
E:V1-022364	精确	1	22364	134	35	27	lore/wiki/gu/stone-shell-gu.md
E:V1-022616	精确	1	22616	135	58	55	lore/wiki/gu/stone-shell-gu.md
E:V1-022634	精确	1	22634	135	67	46	lore/wiki/gu/stone-shell-gu.md
E:V1-022770	精确	1	22770	136	38	20	lore/wiki/tools/benchmark-100q.md
E:V1-022912	精确	1	22912	137	31	7	lore/wiki/gu/roster-3.md
E:V1-022918	精确	1	22918	137	34	32	lore/wiki/gu/moonlight-gu.md
E:V1-023016	精确	1	23016	137	83	36	lore/wiki/gu/white-jade-gu.md
E:V1-023066	精确	1	23066	138	12	87	lore/wiki/log.md
E:V1-023108	精确	1	23108	138	33	53	lore/wiki/gu/white-jade-gu.md
E:V1-023110	精确	1	23110	138	34	26	game/world-model/semantics/effect-execution-contract.md
E:V1-023114	精确	1	23114	138	36	40	lore/wiki/gu/water-atk-3-06-gu.md
E:V1-023134	精确	1	23134	138	46	43	lore/wiki/gu/moonlight-gu.md
E:V1-023148	精确	1	23148	138	53	48	lore/wiki/gu/white-jade-gu.md
E:V1-023216	精确	1	23216	138	87	29	lore/wiki/gu/moon-glow-gu.md
E:V1-023218	精确	1	23218	138	88	20	lore/wiki/gu/moon-glow-gu.md
E:V1-023220	精确	1	23220	138	89	30	lore/wiki/gu/water-atk-3-06-gu.md
E:V1-023222	精确	1	23222	138	90	35	lore/wiki/log.md
E:V1-023292	精确	1	23292	139	32	95	lore/wiki/tools/benchmark-wtc.md
E:V1-023502	精确	1	23502	140	37	49	lore/wiki/gu/water-atk-3-06-gu.md
E:V1-023550	精确	1	23550	140	61	106	lore/wiki/gu/roster-3.md
E:V1-023552	精确	1	23552	140	62	12	lore/wiki/gu/wood-atk-3-01-gu.md
E:V1-023556	精确	1	23556	140	64	125	lore/wiki/gu/wood-atk-3-01-gu.md
E:V1-023720	重复(无法唯一)	1	23720			3	lore/wiki/gu/wood-atk-1-05-gu.md
E:V1-023722	精确	1	23722	141	58	22	lore/wiki/gu/wood-atk-1-05-gu.md
E:V1-023786	精确	1	23786	142	1	20	lore/wiki/gu/wood-atk-3-01-gu.md
E:V1-023788	精确	1	23788	142	2	28	lore/wiki/gu/wood-atk-3-01-gu.md
E:V1-023844	精确	1	23844	142	30	63	lore/wiki/gu/wood-atk-3-01-gu.md
E:V1-023846	精确	1	23846	142	31	81	lore/wiki/gu/wood-atk-3-01-gu.md
E:V1-023848	精确	1	23848	142	32	19	lore/wiki/gu/light-atk-1-01-gu.md
E:V1-023852	精确	1	23852	142	34	35	lore/wiki/gu/light-atk-1-01-gu.md
E:V1-023856	模糊唯一(需复核)	1	23856	142	36	20	lore/wiki/gu/gu-relations.md
E:V1-023858	精确	1	23858	142	37	56	lore/wiki/gu/light-atk-1-01-gu.md
E:V1-023862	精确	1	23862	142	39	47	lore/wiki/gu/gu-relations.md
E:V1-023872	精确	1	23872	142	44	35	lore/wiki/gu/wood-atk-3-01-gu.md
E:V1-023918	精确	1	23918	142	68	40	lore/wiki/gu/wood-atk-3-01-gu.md
E:V1-023920	模糊唯一(需复核)	1	23920	142	69	16	lore/wiki/gu/wood-atk-3-01-gu.md
E:V1-023924	精确	1	23924	142	71	39	lore/wiki/gu/wood-atk-3-01-gu.md
E:V1-023926	精确	1	23926	142	72	39	lore/wiki/gu/wood-atk-3-01-gu.md
E:V1-023928	精确	1	23928	142	73	55	lore/wiki/gu/wood-atk-3-01-gu.md
E:V1-024000	精确	1	24000	143	6	78	lore/wiki/gu/wood-atk-3-01-gu.md
E:V1-024026	精确	1	24026	143	19	39	lore/wiki/gu/wood-atk-1-05-gu.md
E:V1-024028	精确	1	24028	143	20	32	lore/wiki/gu/wood-atk-1-05-gu.md
E:V1-024030	精确	1	24030	143	21	23	lore/wiki/gu/wood-atk-1-05-gu.md
E:V1-024032	精确	1	24032	143	22	52	lore/wiki/gu/wood-atk-1-05-gu.md
E:V1-024052	精确	1	24052	143	32	21	lore/wiki/gu/wood-atk-1-05-gu.md
E:V1-024054	精确	1	24054	143	33	44	lore/wiki/gu/wood-atk-1-05-gu.md
E:V1-024056	精确	1	24056	143	34	39	lore/wiki/gu/wood-atk-1-05-gu.md
E:V1-024058	精确	1	24058	143	35	39	lore/wiki/gu/wood-atk-3-01-gu.md
E:V1-024066	精确	1	24066	143	39	36	lore/wiki/gu/wood-atk-3-01-gu.md
E:V1-024104	精确	1	24104	143	58	46	lore/wiki/gu/wood-atk-3-01-gu.md
E:V1-024132	精确	1	24132	143	72	43	lore/wiki/gu/water-atk-3-06-gu.md
E:V1-024162	精确	1	24162	143	87	81	lore/wiki/gu/moon-glow-gu.md
E:V1-024186	重复(无法唯一)	1	24186			3	lore/wiki/gu/earth-def-3-01-gu.md
E:V1-024208	精确	1	24208	144	18	19	lore/wiki/gu/earth-def-3-01-gu.md
E:V1-024210	精确	1	24210	144	19	29	lore/wiki/gu/earth-def-3-01-gu.md
E:V1-024242	精确	1	24242	144	35	64	lore/wiki/gu/wood-atk-3-01-gu.md
E:V1-024244	精确	1	24244	144	36	27	lore/wiki/gu/wood-atk-3-01-gu.md
E:V1-024524	精确	1	24524	145	65	16	lore/wiki/gu/earth-def-3-01-gu.md
E:V1-024530	精确	1	24530	145	68	20	lore/wiki/gu/earth-def-3-01-gu.md
E:V1-024532	精确	1	24532	145	69	19	lore/wiki/gu/earth-def-3-01-gu.md
E:V1-024534	精确	1	24534	145	70	29	lore/wiki/gu/earth-def-3-01-gu.md
E:V1-024536	精确	1	24536	145	71	29	lore/wiki/gu/earth-def-3-01-gu.md
E:V1-024538	精确	1	24538	145	72	36	lore/wiki/gu/earth-def-3-01-gu.md
E:V1-024540	精确	1	24540	145	73	49	lore/wiki/2026-09-28-gu-recovery-handoff.md
E:V1-024542	精确	1	24542	145	74	49	lore/wiki/gu/earth-def-3-01-gu.md
E:V1-024544	精确	1	24544	145	75	40	lore/wiki/gu/earth-def-3-01-gu.md
E:V1-024546	精确	1	24546	145	76	96	lore/wiki/gu/earth-def-3-01-gu.md
E:V1-024548	精确	1	24548	145	77	36	lore/wiki/gu/earth-def-3-01-gu.md
E:V1-024554	精确	1	24554	145	80	38	lore/wiki/gu/white-jade-gu.md
E:V1-024574	精确	1	24574	146	7	48	lore/wiki/gu/wine-insect-gu.md
E:V1-024616	精确	1	24616	146	28	53	lore/wiki/gu/wine-insect-gu.md
E:V1-024662	精确	1	24662	146	51	51	lore/wiki/gu/wood-atk-3-01-gu.md
E:V1-024666	精确	1	24666	146	53	54	lore/wiki/gu/spring-autumn-cicada-gu.md
E:V1-024678	精确	1	24678	146	59	29	lore/wiki/gu/vitality-grass-gu.md
E:V1-024708	精确	1	24708	146	74	31	lore/wiki/gu/vitality-grass-gu.md
E:V1-024768	精确	1	24768	147	13	31	lore/wiki/gu/vitality-grass-gu.md
E:V1-024780	精确	1	24780	147	19	54	lore/wiki/gu/vitality-grass-gu.md
E:V1-024826	精确	1	24826	147	42	23	lore/wiki/gu/vitality-grass-gu.md
E:V1-024900	精确	1	24900	147	79	28	lore/wiki/gu/roster-3.md
E:V1-025032	精确	1	25032	148	54	39	lore/wiki/gu/vitality-grass-gu.md
E:V1-025092	精确	1	25092	148	84	53	lore/wiki/gu/wine-insect-gu.md
E:V1-025096	精确	1	25096	148	86	43	lore/wiki/gu/vitality-grass-gu.md
E:V1-025110	精确	1	25110	149	4	81	lore/wiki/gu/vitality-grass-gu.md
E:V1-025126	精确	1	25126	149	12	61	lore/wiki/gu/vitality-grass-gu.md
E:V1-025128	精确	1	25128	149	13	73	lore/wiki/gu/vitality-grass-gu.md
E:V1-025144	精确	1	25144	149	21	38	lore/wiki/gu/vitality-grass-gu.md
E:V1-025278	精确	1	25278	150	3	18	lore/wiki/tools/benchmark-wtc.md
E:V1-025308	精确	1	25308	150	18	19	lore/wiki/events/wolf-tide.md
E:V1-025320	精确	1	25320	150	24	15	lore/wiki/tools/benchmark-wtc.md
E:V1-025354	精确	1	25354	150	41	61	lore/wiki/tools/benchmark-wtc.md
E:V1-025544	精确	1	25544	151	18	5	lore/wiki/gu/roster-3.md
E:V1-025562	精确	1	25562	151	27	59	lore/wiki/gu/white-jade-gu.md
E:V1-025566	精确	1	25566	151	29	37	lore/wiki/gu/white-jade-gu.md
E:V1-025582	精确	1	25582	151	37	23	lore/wiki/gu/white-jade-gu.md
E:V1-025584	精确	1	25584	151	38	7	lore/wiki/gu/white-jade-gu.md
E:V1-025626	精确	1	25626	151	59	78	lore/wiki/gu/heaven-atk-3-10-gu.md
E:V1-025628	精确	1	25628	151	60	24	lore/wiki/gu/heaven-atk-3-10-gu.md
E:V1-025936	精确	1	25936	153	1	21	lore/wiki/characters/fang-yuan.md
E:V1-025948	精确	1	25948	153	7	80	lore/wiki/gu/slave-atk-1-03-gu.md
E:V1-025956	精确	1	25956	153	11	43	lore/wiki/gu/slave-atk-1-03-gu.md
E:V1-025958	精确	1	25958	153	12	23	lore/wiki/gu/slave-atk-1-03-gu.md
E:V1-025968	精确	1	25968	153	17	40	lore/wiki/gu/slave-atk-1-03-gu.md
E:V1-026072	精确	1	26072	153	69	47	lore/wiki/tools/benchmark-wtc.md
E:V1-026662	精确	1	26662	156	75	27	lore/wiki/gu/white-jade-gu.md
E:V1-026664	精确	1	26664	156	76	30	lore/wiki/gu/white-jade-gu.md
E:V1-026668	精确	1	26668	156	78	37	lore/wiki/gu/heaven-atk-3-10-gu.md
E:V1-026670	精确	1	26670	156	79	25	lore/wiki/gu/heaven-atk-3-10-gu.md
E:V1-026672	精确	1	26672	156	80	11	lore/wiki/gu/heaven-atk-3-10-gu.md
E:V1-026674	精确	1	26674	156	81	46	lore/wiki/gu/heaven-atk-3-10-gu.md
E:V1-026676	精确	1	26676	156	82	26	lore/wiki/gu/heaven-atk-3-10-gu.md
E:V1-026760	精确	1	26760	157	39	15	lore/wiki/log.md
E:V1-026762	精确	1	26762	157	40	42	lore/wiki/gu/moon-ray-gu.md
E:V1-026764	精确	1	26764	157	41	25	lore/wiki/gu/moon-ray-gu.md
E:V1-026766	精确	1	26766	157	42	50	lore/wiki/gu/moon-ray-gu.md
E:V1-026768	精确	1	26768	157	43	27	lore/wiki/gu/moon-ray-gu.md
E:V1-026778	精确	1	26778	157	48	21	lore/wiki/gu/light-atk-1-01-gu.md
E:V1-026780	精确	1	26780	157	49	28	lore/wiki/gu/light-atk-1-01-gu.md
E:V1-026782	精确	1	26782	157	50	16	lore/wiki/gu/light-atk-1-01-gu.md
E:V1-026784	精确	1	26784	157	51	43	lore/wiki/gu/moon-ray-gu.md
E:V1-026786	精确	1	26786	157	52	53	lore/wiki/log.md
E:V1-026788	精确	1	26788	157	53	33	lore/wiki/gu/moon-shadow-gu.md
E:V1-026790	精确	1	26790	157	54	48	lore/wiki/gu/moon-shadow-gu.md
E:V1-026792	精确	1	26792	157	55	32	lore/wiki/2026-09-28-gu-recovery-handoff.md
E:V1-026794	精确	1	26794	157	56	50	lore/wiki/gu/moon-shadow-gu.md
E:V1-026796	精确	1	26796	157	57	40	lore/wiki/gu/moon-shadow-gu.md
E:V1-026800	精确	1	26800	157	59	26	lore/wiki/gu/moon-shadow-gu.md
E:V1-026802	精确	1	26802	157	60	84	lore/wiki/log.md
E:V1-026804	精确	1	26804	157	61	25	lore/wiki/gu/moon-shadow-gu.md
E:V1-026806	精确	1	26806	157	62	47	lore/wiki/gu/moon-shadow-gu.md
E:V1-026810	精确	1	26810	157	64	97	lore/wiki/gu/moon-shadow-gu.md
E:V1-026814	精确	1	26814	157	66	24	lore/wiki/gu/moon-shadow-gu.md
E:V1-026816	精确	1	26816	157	67	28	lore/wiki/gu/moon-shadow-gu.md
E:V1-026822	精确	1	26822	157	70	45	lore/wiki/gu/blood-atk-3-11-gu.md
E:V1-026824	精确	1	26824	157	71	64	lore/wiki/gu/blood-atk-3-11-gu.md
E:V1-026836	精确	1	26836	158	2	15	lore/wiki/gu/blood-atk-3-11-gu.md
E:V1-026838	重复(无法唯一)	1	26838			3	lore/wiki/gu/blood-atk-3-11-gu.md
E:V1-026840	精确	1	26840	158	4	22	lore/wiki/gu/blood-atk-3-03-gu.md
E:V1-026842	精确	1	26842	158	5	26	lore/wiki/gu/blood-atk-3-11-gu.md
E:V1-026844	精确	1	26844	158	6	65	lore/wiki/gu/blood-atk-3-11-gu.md
E:V1-026846	精确	1	26846	158	7	28	lore/wiki/gu/blood-atk-3-11-gu.md
E:V1-026848	精确	1	26848	158	8	42	lore/wiki/gu/blood-atk-3-11-gu.md
E:V1-026850	精确	1	26850	158	9	25	lore/wiki/gu/blood-atk-3-11-gu.md
E:V1-026852	精确	1	26852	158	10	42	lore/wiki/gu/blood-atk-3-11-gu.md
E:V1-026854	精确	1	26854	158	11	69	lore/wiki/gu/blood-atk-3-11-gu.md
E:V1-026856	精确	1	26856	158	12	14	lore/wiki/gu/blood-atk-3-11-gu.md
E:V1-026858	精确	1	26858	158	13	47	lore/wiki/gu/blood-atk-3-11-gu.md
E:V1-026860	精确	1	26860	158	14	14	lore/wiki/gu/blood-atk-3-11-gu.md
E:V1-026862	精确	1	26862	158	15	4	lore/wiki/gu/blood-atk-3-11-gu.md
E:V1-026864	精确	1	26864	158	16	16	lore/wiki/gu/blood-atk-3-11-gu.md
E:V1-026866	精确	1	26866	158	17	20	lore/wiki/gu/blood-atk-3-11-gu.md
E:V1-026868	精确	1	26868	158	18	45	lore/wiki/gu/blood-atk-3-11-gu.md
E:V1-026870	精确	1	26870	158	19	37	lore/wiki/gu/blood-atk-3-11-gu.md
E:V1-026872	精确	1	26872	158	20	23	lore/wiki/gu/blood-atk-3-11-gu.md
E:V1-026874	精确	1	26874	158	21	46	lore/wiki/gu/blood-atk-3-03-gu.md
E:V1-026876	精确	1	26876	158	22	63	lore/wiki/gu/blood-atk-3-03-gu.md
E:V1-026878	精确	1	26878	158	23	15	lore/wiki/gu/blood-atk-3-03-gu.md
E:V1-026880	精确	1	26880	158	24	44	lore/wiki/gu/blood-atk-3-03-gu.md
E:V1-026882	精确	1	26882	158	25	31	lore/wiki/gu/blood-atk-3-03-gu.md
E:V1-026908	精确	1	26908	158	38	26	lore/wiki/gu/gu-relations.md
E:V1-026910	精确	1	26910	158	39	24	lore/wiki/gu/gu-relations.md
E:V1-026912	精确	1	26912	158	40	21	lore/wiki/gu/gu-relations.md
E:V1-026916	精确	1	26916	158	42	43	lore/wiki/gu/bear-strength-gu.md
E:V1-026920	精确	1	26920	158	44	27	lore/wiki/gu/bear-strength-gu.md
E:V1-026922	精确	1	26922	158	45	19	lore/wiki/gu/bear-strength-gu.md
E:V1-026926	精确	1	26926	158	47	35	lore/wiki/gu/gu-relations.md
E:V1-026928	精确	1	26928	158	48	68	lore/wiki/gu/gu-relations.md
E:V1-026936	精确	1	26936	158	52	19	lore/wiki/gu/blood-atk-3-11-gu.md
E:V1-026940	精确	1	26940	158	54	34	lore/wiki/gu/blood-atk-3-11-gu.md
E:V1-026944	精确	1	26944	158	56	31	lore/wiki/gu/blood-atk-3-11-gu.md
E:V1-026946	精确	1	26946	158	57	35	lore/wiki/gu/blood-atk-3-11-gu.md
E:V1-026948	精确	1	26948	158	58	49	lore/wiki/gu/blood-atk-3-11-gu.md
E:V1-026950	精确	1	26950	158	59	40	lore/wiki/gu/vitality-grass-gu.md
E:V1-026952	精确	1	26952	158	60	58	lore/wiki/log.md
E:V1-027016	精确	1	27016	159	8	72	lore/wiki/gu/vitality-grass-gu.md
E:V1-027018	精确	1	27018	159	9	59	lore/wiki/gu/vitality-grass-gu.md
E:V1-027038	精确	1	27038	159	19	116	lore/wiki/gu/vitality-grass-gu.md
E:V1-027270	精确	1	27270	160	31	7	lore/wiki/gu/blood-atk-3-03-gu.md
E:V1-027272	精确	1	27272	160	32	23	lore/wiki/gu/blood-atk-3-11-gu.md
E:V1-027274	精确	1	27274	160	33	19	lore/wiki/gu/blood-atk-3-03-gu.md
E:V1-027302	精确	1	27302	160	47	42	lore/wiki/gu/blood-atk-3-11-gu.md
E:V1-027304	精确	1	27304	160	48	25	lore/wiki/gu/heaven-atk-3-10-gu.md
E:V1-027310	精确	1	27310	160	51	36	lore/wiki/gu/spring-autumn-cicada-gu.md
E:V1-027374	精确	1	27374	160	83	31	lore/wiki/gu/heaven-atk-3-10-gu.md
E:V1-027380	精确	1	27380	160	86	59	lore/wiki/gu/heaven-atk-3-10-gu.md
E:V1-027386	精确	1	27386	160	89	29	lore/wiki/gu/blood-atk-3-11-gu.md
E:V1-027448	精确	1	27448	161	8	30	lore/wiki/gu/blood-atk-3-11-gu.md
E:V1-027452	精确	1	27452	161	10	33	lore/wiki/gu/blood-atk-3-11-gu.md
E:V1-027474	精确	1	27474	161	21	30	lore/wiki/gu/blood-atk-3-11-gu.md
E:V1-027476	精确	1	27476	161	22	20	lore/wiki/gu/blood-atk-3-11-gu.md
E:V1-027480	精确	1	27480	161	24	77	lore/wiki/gu/blood-atk-3-11-gu.md
E:V1-027804	精确	1	27804	162	89	78	lore/wiki/gu/heaven-atk-3-10-gu.md
E:V1-027806	精确	1	27806	162	90	25	lore/wiki/gu/vitality-grass-gu.md
E:V1-027808	精确	1	27808	162	91	31	lore/wiki/gu/vitality-grass-gu.md
E:V1-027810	精确	1	27810	162	92	131	lore/wiki/gu/vitality-grass-gu.md
E:V1-027864	精确	1	27864	163	17	44	lore/wiki/gu/blood-atk-3-11-gu.md
E:V1-027884	精确	1	27884	163	27	79	lore/wiki/gu/white-jade-gu.md
E:V1-028026	精确	1	28026	164	1	40	lore/wiki/events/wolf-tide.md
E:V1-028046	精确	1	28046	164	11	49	lore/wiki/gu/gu-relations.md
E:V1-028052	精确	1	28052	164	14	48	lore/wiki/gu/moon-shadow-gu.md
E:V1-028054	精确	1	28054	164	15	62	lore/wiki/gu/moon-shadow-gu.md
E:V1-028058	精确	1	28058	164	17	34	lore/wiki/gu/gu-relations.md
E:V1-028060	精确	1	28060	164	18	50	lore/wiki/gu/gu-relations.md
E:V1-028062	精确	1	28062	164	19	18	lore/wiki/gu/gu-relations.md
E:V1-028072	精确	1	28072	164	24	52	lore/wiki/gu/gu-relations.md
E:V1-028240	精确	1	28240	165	21	42	lore/wiki/events/wolf-tide.md
E:V1-028266	重复(无法唯一)	1	28266			3	lore/wiki/gu/light-atk-3-02-gu.md
E:V1-028268	精确	1	28268	165	35	51	lore/wiki/gu/light-atk-3-02-gu.md
E:V1-028272	精确	1	28272	165	37	9	lore/wiki/gu/light-atk-3-02-gu.md
E:V1-028274	精确	1	28274	165	38	21	lore/wiki/gu/light-atk-3-02-gu.md
E:V1-028282	重复(无法唯一)	1	28282			3	lore/wiki/gu/light-atk-3-02-gu.md
E:V1-028284	精确	1	28284	165	43	23	lore/wiki/gu/light-atk-3-02-gu.md
E:V1-028286	精确	1	28286	165	44	26	lore/wiki/gu/light-atk-3-02-gu.md
E:V1-028294	精确	1	28294	165	48	25	lore/wiki/gu/light-atk-3-02-gu.md
E:V1-028302	精确	1	28302	165	52	31	lore/wiki/gu/light-atk-3-02-gu.md
E:V1-028316	精确	1	28316	165	59	41	lore/wiki/gu/light-atk-3-02-gu.md
E:V1-028438	精确	1	28438	166	9	18	lore/wiki/events/wolf-tide.md
E:V1-028462	精确	1	28462	166	21	44	lore/wiki/tools/benchmark-wtc.md
E:V1-028474	精确	1	28474	166	27	21	lore/wiki/tools/benchmark-wtc.md
E:V1-028476	精确	1	28476	166	28	18	lore/wiki/gu/roster-3.md
E:V1-028484	精确	1	28484	166	32	40	lore/wiki/gu/roster-3.md
E:V1-028492	精确	1	28492	166	36	31	lore/wiki/tools/benchmark-wtc.md
E:V1-028496	精确	1	28496	166	38	21	lore/wiki/tools/benchmark-wtc.md
E:V1-028568	精确	1	28568	166	74	46	lore/wiki/gu/heaven-atk-3-10-gu.md
E:V1-028570	精确	1	28570	166	75	18	lore/wiki/gu/heaven-atk-3-10-gu.md
E:V1-028708	精确	1	28708	167	48	27	lore/wiki/gu/heaven-atk-3-10-gu.md
E:V1-028712	精确	1	28712	167	50	12	lore/wiki/gu/heaven-atk-3-10-gu.md
E:V1-028766	精确	1	28766	167	77	29	lore/wiki/gu/water-atk-3-06-gu.md
E:V1-028770	精确	1	28770	167	79	21	lore/wiki/gu/water-atk-3-06-gu.md
E:V1-028810	精确	1	28810	167	99	31	lore/wiki/gu/water-atk-3-06-gu.md
E:V1-028840	精确	1	28840	168	1	18	lore/wiki/characters/bai-ning-bing.md
E:V1-028858	精确	1	28858	168	10	25	lore/wiki/gu/heaven-atk-3-10-gu.md
E:V1-028886	精确	1	28886	168	24	59	lore/wiki/gu/blood-atk-3-11-gu.md
E:V1-028956	精确	1	28956	168	59	35	lore/wiki/gu/heaven-atk-3-10-gu.md
E:V1-029070	精确	1	29070	169	5	23	lore/wiki/tools/benchmark-wtc.md
E:V1-029092	精确	1	29092	169	16	13	lore/wiki/events/wolf-tide.md
E:V1-029094	精确	1	29094	169	17	12	lore/wiki/tools/benchmark-wtc.md
E:V1-029096	精确	1	29096	169	18	72	lore/wiki/tools/benchmark-wtc.md
E:V1-029100	精确	1	29100	169	20	13	lore/wiki/gu/heaven-atk-3-10-gu.md
E:V1-029174	精确	1	29174	169	57	50	lore/wiki/gu/heaven-atk-3-10-gu.md
E:V1-029328	精确	1	29328	170	18	79	lore/wiki/characters/bai-ning-bing.md
E:V1-029546	精确	1	29546	171	25	18	lore/wiki/gu/heaven-atk-3-10-gu.md
E:V1-030082	精确	1	30082	174	5	20	lore/wiki/characters/bai-ning-bing.md
E:V1-030102	精确	1	30102	174	15	44	lore/wiki/events/wolf-tide.md
E:V1-030104	精确	1	30104	174	16	70	lore/wiki/tools/benchmark-wtc.md
E:V1-030126	精确	1	30126	174	27	10	lore/wiki/characters/bai-ning-bing.md
E:V1-030144	精确	1	30144	174	36	53	lore/wiki/tools/benchmark-wtc.md
E:V1-030442	精确	1	30442	176	10	11	lore/wiki/events/wolf-tide.md
E:V1-030686	精确	1	30686	177	44	46	lore/wiki/gu/moonlight-gu.md
E:V1-030746	精确	1	30746	178	1	30	lore/wiki/gu/roster-3.md
E:V1-030810	精确	1	30810	178	33	82	lore/wiki/log.md
E:V1-030812	精确	1	30812	178	34	43	lore/wiki/gu/spring-autumn-cicada-gu.md
E:V1-031618	模糊唯一(需复核)	1	31618	183	6	20	lore/wiki/events/wolf-tide.md
E:V1-031696	精确	1	31696	183	45	25	lore/wiki/characters/fang-yuan.md
E:V1-031710	精确	1	31710	183	52	21	lore/wiki/events/wolf-tide.md
E:V1-031724	精确	1	31724	183	59	52	lore/wiki/tools/benchmark-wtc.md
E:V1-031836	精确	1	31836	184	14	28	lore/wiki/gu/heaven-atk-3-10-gu.md
E:V1-031840	精确	1	31840	184	16	18	lore/wiki/events/wolf-tide.md
E:V1-031864	精确	1	31864	184	28	20	lore/wiki/log.md
E:V1-031870	精确	1	31870	184	31	27	lore/wiki/gu/moon-shadow-gu.md
E:V1-032006	精确	1	32006	186	10	36	lore/wiki/tools/benchmark-wtc.md
E:V1-032036	精确	1	32036	186	25	25	lore/wiki/gu/roster-3.md
E:V1-032180	精确	1	32180	186	97	51	lore/wiki/gu/heaven-atk-5-07-gu.md
E:V1-032208	精确	1	32208	188	3	53	lore/wiki/gu/spring-autumn-cicada-gu.md
E:V1-032212	精确	1	32212	188	5	37	lore/wiki/gu/spring-autumn-cicada-gu.md
E:V1-032214	精确	1	32214	188	6	55	lore/wiki/log.md
E:V1-032218	精确	1	32218	188	8	69	lore/wiki/log.md
E:V1-032222	精确	1	32222	188	10	39	lore/wiki/log.md
E:V1-032240	精确	1	32240	188	19	64	lore/wiki/log.md
E:V1-032246	精确	1	32246	188	22	40	lore/wiki/gu/spring-autumn-cicada-gu.md
E:V1-032248	精确	1	32248	188	23	38	lore/wiki/gu/spring-autumn-cicada-gu.md
E:V1-032258	精确	1	32258	188	28	24	lore/wiki/log.md
E:V1-032260	精确	1	32260	188	29	52	lore/wiki/gu/spring-autumn-cicada-gu.md
E:V1-032262	精确	1	32262	188	30	110	lore/wiki/gu/spring-autumn-cicada-gu.md
E:V1-032270	精确	1	32270	188	34	46	lore/wiki/gu/earth-def-3-01-gu.md
E:V1-032276	精确	1	32276	188	37	18	lore/wiki/gu/earth-def-3-01-gu.md
E:V1-032278	精确	1	32278	188	38	32	lore/wiki/gu/earth-def-3-01-gu.md
E:V1-032280	精确	1	32280	188	39	55	lore/wiki/log.md
E:V1-032282	精确	1	32282	188	40	4	lore/wiki/gu/earth-def-3-01-gu.md
E:V1-032284	精确	1	32284	188	41	35	lore/wiki/gu/earth-def-3-01-gu.md
E:V1-032286	精确	1	32286	188	42	50	lore/wiki/log.md
E:V1-032288	精确	1	32288	188	43	25	lore/wiki/gu/earth-def-3-01-gu.md
E:V1-032290	精确	1	32290	188	44	28	lore/wiki/gu/earth-def-3-01-gu.md
E:V1-032292	精确	1	32292	188	45	51	lore/wiki/gu/earth-def-3-01-gu.md
E:V1-032294	精确	1	32294	188	46	132	lore/wiki/log.md
E:V1-032388	精确	1	32388	189	13	29	lore/wiki/gu/heaven-atk-3-10-gu.md
E:V1-032390	精确	1	32390	189	14	55	lore/wiki/gu/heaven-atk-3-10-gu.md
E:V1-032392	精确	1	32392	189	15	15	lore/wiki/gu/heaven-atk-3-10-gu.md
E:V1-032394	精确	1	32394	189	16	30	lore/wiki/gu/heaven-atk-3-10-gu.md
E:V1-032496	精确	1	32496	189	67	50	lore/wiki/gu/blood-atk-3-11-gu.md
E:V1-032528	精确	1	32528	189	83	37	lore/wiki/gu/heaven-atk-3-10-gu.md
E:V1-032530	精确	1	32530	189	84	26	lore/wiki/gu/heaven-atk-3-10-gu.md
E:V1-032892	精确	1	32892	191	77	31	lore/wiki/gu/heaven-atk-3-10-gu.md
E:V1-032956	精确	1	32956	192	2	30	lore/wiki/events/wolf-tide.md
E:V1-032984	精确	1	32984	192	16	23	lore/wiki/tools/benchmark-wtc.md
E:V1-032998	精确	1	32998	192	23	52	lore/wiki/tools/benchmark-wtc.md
E:V1-033200	精确	1	33200	193	22	61	lore/wiki/gu/heaven-atk-5-07-gu.md
E:V1-033484	精确	1	33484	195	5	13	lore/wiki/tools/benchmark-wtc.md
E:V1-033486	精确	1	33486	195	6	75	lore/wiki/events/wolf-tide.md
E:V1-033624	精确	1	33624	195	75	47	lore/wiki/gu/roster-3.md
E:V1-033652	精确	1	33652	196	4	98	lore/wiki/tools/benchmark-wtc.md
E:V1-033796	模糊唯一(需复核)	1	33796	197	1	20	lore/wiki/gu/blood-atk-3-11-gu.md
E:V1-033806	精确	1	33806	197	6	18	lore/wiki/characters/fang-yuan.md
E:V1-033824	精确	1	33824	197	15	33	lore/wiki/gu/heaven-atk-3-10-gu.md
E:V1-033832	精确	1	33832	197	19	25	lore/wiki/tools/benchmark-wtc.md
E:V1-033834	精确	1	33834	197	20	47	lore/wiki/tools/benchmark-wtc.md
E:V1-033852	精确	1	33852	197	29	95	lore/wiki/log.md
E:V1-033856	精确	1	33856	197	31	26	lore/wiki/gu/earth-def-3-01-gu.md
E:V1-033860	精确	1	33860	197	33	48	lore/wiki/gu/spring-autumn-cicada-gu.md
E:V1-033902	精确	1	33902	197	54	49	lore/wiki/tools/benchmark-wtc.md
E:V1-033912	精确	1	33912	197	59	13	lore/wiki/tools/benchmark-wtc.md
E:V1-034028	精确	1	34028	198	18	25	lore/wiki/characters/fang-yuan.md
E:V1-034134	精确	1	34134	198	71	25	lore/wiki/characters/fang-yuan.md
E:V1-034168	精确	1	34168	198	88	27	lore/wiki/characters/fang-yuan.md
E:V1-034208	精确	1	34208	199	4	17	lore/wiki/events/wolf-tide.md
E:V1-034288	精确	1	34288	199	45	60	lore/wiki/2026-09-28-gu-recovery-handoff.md
E:V1-034290	精确	1	34290	199	46	13	lore/wiki/gu/earth-def-3-01-gu.md
E:V1-034292	模糊唯一(需复核)	1	34292	199	47	20	lore/wiki/gu/earth-def-3-01-gu.md
E:V1-034416	精确	1	34416	200	2	30	lore/wiki/characters/bai-ning-bing.md
E:V1-034426	精确	1	34426	200	7	63	lore/wiki/tools/benchmark-wtc.md
E:V1-034428	精确	1	34428	200	8	43	lore/wiki/tools/benchmark-wtc.md
E:V1-034444	精确	1	34444	200	16	19	lore/wiki/characters/bai-ning-bing.md
E:V1-034448	精确	1	34448	200	18	7	lore/wiki/events/wolf-tide.md
E:V1-034458	精确	1	34458	200	23	33	lore/wiki/tools/benchmark-wtc.md
E:V1-034508	精确	1	34508	200	48	24	lore/wiki/events/south-caravan.md
E:V1-034530	精确	1	34530	200	59	58	lore/wiki/tools/benchmark-wtc.md
E:V2-034590	精确	2	34590	201	1	7	lore/wiki/tools/benchmark-car.md
E:V2-034596	精确	2	34596	201	1	45	lore/wiki/events/south-caravan.md
E:V2-034616	精确	2	34616	201	11	53	lore/wiki/tools/benchmark-car.md
E:V2-034626	精确	2	34626	201	16	36	lore/wiki/tools/benchmark-car.md
E:V2-035026	精确	2	35026	203	31	48	lore/wiki/gu/spring-autumn-cicada-gu.md
E:V2-035040	精确	2	35040	203	38	59	lore/wiki/gu/blood-atk-3-11-gu.md
E:V2-035042	精确	2	35042	203	39	18	lore/wiki/gu/moonlight-gu.md
E:V2-035044	精确	2	35044	203	40	19	lore/wiki/gu/moonlight-gu.md
E:V2-035056	精确	2	35056	203	46	39	lore/wiki/gu/wine-insect-gu.md
E:V2-035058	精确	2	35058	203	47	26	lore/wiki/gu/wine-insect-gu.md
E:V2-035068	精确	2	35068	203	52	19	lore/wiki/gu/blood-atk-3-11-gu.md
E:V2-035146	精确	2	35146	204	1	40	lore/wiki/events/south-caravan.md
E:V2-035150	精确	2	35150	204	3	96	lore/wiki/tools/benchmark-car.md
E:V2-035326	精确	2	35326	204	91	41	lore/wiki/gu/blood-atk-3-11-gu.md
E:V2-035330	精确	2	35330	204	93	44	lore/wiki/gu/blood-atk-3-11-gu.md
E:V2-035332	精确	2	35332	204	94	33	lore/wiki/gu/blood-atk-3-11-gu.md
E:V2-035478	精确	2	35478	205	71	52	lore/wiki/gu/blood-atk-3-11-gu.md
E:V2-035502	精确	2	35502	205	83	17	lore/wiki/gu/roster-3.md
E:V2-035516	精确	2	35516	205	90	44	lore/wiki/gu/white-boar-strength-gu.md
E:V2-035554	精确	2	35554	206	11	30	lore/wiki/gu/bear-strength-gu.md
E:V2-035556	精确	2	35556	206	12	52	lore/wiki/log.md
E:V2-035560	精确	2	35560	206	14	23	lore/wiki/gu/bone-atk-1-08-gu.md
E:V2-035562	精确	2	35562	206	15	45	lore/wiki/gu/bone-atk-1-08-gu.md
E:V2-035582	精确	2	35582	206	25	27	lore/wiki/gu/blood-atk-3-11-gu.md
E:V2-035744	精确	2	35744	207	12	67	lore/wiki/events/south-caravan.md
E:V2-036328	精确	2	36328	210	9	38	lore/wiki/events/south-caravan.md
E:V2-036364	精确	2	36364	210	27	55	lore/wiki/gu/water-atk-3-06-gu.md
E:V2-037010	精确	2	37010	213	12	17	lore/wiki/gu/wine-insect-gu.md
E:V2-037012	精确	2	37012	213	13	37	lore/wiki/gu/wine-insect-gu.md
E:V2-037018	精确	2	37018	213	16	29	lore/wiki/gu/wine-insect-gu.md
E:V2-037020	精确	2	37020	213	17	35	lore/wiki/gu/wine-insect-gu.md
E:V2-037022	精确	2	37022	213	18	58	lore/wiki/gu/wine-insect-gu.md
E:V2-037028	精确	2	37028	213	21	36	lore/wiki/gu/gu-relations.md
E:V2-037030	精确	2	37030	213	22	24	lore/wiki/gu/gu-relations.md
E:V2-037032	精确	2	37032	213	23	21	lore/wiki/gu/gu-relations.md
E:V2-037034	精确	2	37034	213	24	93	lore/wiki/log.md
E:V2-037038	精确	2	37038	213	26	30	lore/wiki/gu/wine-insect-gu.md
E:V2-037040	精确	2	37040	213	27	29	lore/wiki/gu/wine-insect-gu.md
E:V2-037088	精确	2	37088	213	51	22	lore/wiki/gu/blood-atk-3-11-gu.md
E:V2-037090	精确	2	37090	213	52	17	lore/wiki/gu/blood-atk-3-11-gu.md
E:V2-037092	精确	2	37092	213	53	5	lore/wiki/gu/blood-atk-3-11-gu.md
E:V2-037096	精确	2	37096	213	55	31	lore/wiki/gu/blood-atk-3-03-gu.md
E:V2-037104	精确	2	37104	213	59	19	lore/wiki/gu/blood-atk-3-11-gu.md
E:V2-037106	精确	2	37106	213	60	24	lore/wiki/gu/blood-atk-3-11-gu.md
E:V2-037250	精确	2	37250	214	34	51	lore/wiki/gu/wine-insect-gu.md
E:V2-037452	精确	2	37452	215	42	69	lore/wiki/gu/bone-atk-1-08-gu.md
E:V2-037454	精确	2	37454	215	43	48	lore/wiki/gu/bone-atk-1-08-gu.md
E:V2-037464	精确	2	37464	215	48	32	lore/wiki/log.md
E:V2-037806	精确	2	37806	217	9	53	lore/wiki/events/south-caravan.md
E:V2-037946	精确	2	37946	217	79	92	lore/wiki/events/south-caravan.md
E:V2-038014	精确	2	38014	218	32	51	lore/wiki/gu/gold-atk-2-12-gu.md
E:V2-038016	精确	2	38016	218	33	20	lore/wiki/gu/gold-atk-2-12-gu.md
E:V2-038022	精确	2	38022	218	36	15	lore/wiki/gu/gold-atk-2-12-gu.md
E:V2-038024	精确	2	38024	218	37	23	lore/wiki/gu/gold-atk-2-12-gu.md
E:V2-038026	精确	2	38026	218	38	26	lore/wiki/gu/gold-atk-2-12-gu.md
E:V2-038028	精确	2	38028	218	39	36	lore/wiki/gu/earth-def-3-01-gu.md
E:V2-038074	精确	2	38074	218	62	89	lore/wiki/gu/gold-atk-2-12-gu.md
E:V2-038442	精确	2	38442	220	60	81	lore/wiki/log.md
E:V2-038944	差异(需人工)	2	38944	223	1	8	lore/wiki/events/south-caravan.md
E:V2-038960	模糊唯一(需复核)	2	38960	223	9	20	lore/wiki/gu/bone-def-3-01-gu.md
E:V2-038974	模糊唯一(需复核)	2	38974	223	16	16	lore/wiki/gu/bone-def-3-01-gu.md
E:V2-038976	精确	2	38976	223	17	6	lore/wiki/gu/bone-def-3-01-gu.md
E:V2-038978	精确	2	38978	223	18	36	lore/wiki/2026-09-28-gu-recovery-handoff.md
E:V2-038980	精确	2	38980	223	19	28	lore/wiki/gu/bone-def-3-01-gu.md
E:V2-038982	精确	2	38982	223	20	41	lore/wiki/gu/bone-def-3-01-gu.md
E:V2-038984	精确	2	38984	223	21	26	lore/wiki/gu/bone-def-3-01-gu.md
E:V2-038986	精确	2	38986	223	22	15	lore/wiki/gu/bone-def-3-01-gu.md
E:V2-038988	精确	2	38988	223	23	25	lore/wiki/gu/bone-def-3-01-gu.md
E:V2-038990	精确	2	38990	223	24	30	lore/wiki/gu/bone-def-3-01-gu.md
E:V2-038992	精确	2	38992	223	25	22	lore/wiki/gu/bone-def-3-01-gu.md
E:V2-039000	精确	2	39000	223	29	35	lore/wiki/gu/bone-def-3-01-gu.md
E:V2-039002	精确	2	39002	223	30	37	lore/wiki/gu/bone-def-3-01-gu.md
E:V2-039016	精确	2	39016	223	37	25	lore/wiki/gu/bone-def-3-01-gu.md
E:V2-039030	精确	2	39030	223	44	26	lore/wiki/gu/bone-def-3-01-gu.md
E:V2-039032	精确	2	39032	223	45	33	lore/wiki/gu/bone-def-3-01-gu.md
E:V2-039034	精确	2	39034	223	46	21	lore/wiki/gu/bone-def-3-01-gu.md
E:V2-039150	精确	2	39150	223	104	18	lore/wiki/gu/bone-def-3-01-gu.md
E:V2-039242	精确	2	39242	224	44	20	lore/wiki/gu/water-atk-3-06-gu.md
E:V2-039244	精确	2	39244	224	45	40	lore/wiki/gu/water-atk-3-06-gu.md
E:V2-039246	精确	2	39246	224	46	28	lore/wiki/gu/water-atk-3-06-gu.md
E:V2-039296	精确	2	39296	224	71	24	lore/wiki/gu/bone-def-3-01-gu.md
E:V2-039454	模糊唯一(需复核)	2	39454	225	33	20	lore/wiki/gu/roster-3.md
E:V2-039504	精确	2	39504	225	58	41	lore/wiki/characters/fang-yuan.md
E:V2-039574	模糊唯一(需复核)	2	39574	226	9	20	lore/wiki/events/south-caravan.md
E:V2-039716	精确	2	39716	226	81	15	lore/wiki/gu/bone-def-3-05-gu.md
E:V2-039718	精确	2	39718	226	82	22	lore/wiki/gu/bone-def-3-05-gu.md
E:V2-039720	重复(无法唯一)	2	39720			3	lore/wiki/gu/bone-def-3-05-gu.md
E:V2-039722	精确	2	39722	226	84	16	lore/wiki/gu/bone-def-3-05-gu.md
E:V2-039726	精确	2	39726	226	86	45	lore/wiki/gu/bone-atk-1-08-gu.md
E:V2-039728	精确	2	39728	226	87	22	lore/wiki/gu/bone-atk-1-08-gu.md
E:V2-039730	模糊唯一(需复核)	2	39730	226	88	20	lore/wiki/gu/bone-atk-1-08-gu.md
E:V2-039732	精确	2	39732	226	89	60	lore/wiki/gu/bone-atk-1-08-gu.md
E:V2-039734	精确	2	39734	226	90	17	lore/wiki/gu/bone-def-3-05-gu.md
E:V2-039738	精确	2	39738	226	92	43	lore/wiki/gu/bone-def-3-05-gu.md
E:V2-039746	精确	2	39746	226	96	18	lore/wiki/gu/bone-atk-1-08-gu.md
E:V2-039778	精确	2	39778	227	2	49	lore/wiki/events/south-caravan.md
E:V2-039824	精确	2	39824	227	25	26	lore/wiki/gu/bone-def-3-01-gu.md
E:V2-039828	精确	2	39828	227	27	36	lore/wiki/gu/wine-insect-gu.md
E:V2-039830	精确	2	39830	227	28	25	lore/wiki/gu/bone-def-3-01-gu.md
E:V2-039852	精确	2	39852	227	39	17	lore/wiki/gu/bone-def-3-01-gu.md
E:V2-039862	精确	2	39862	227	44	42	lore/wiki/gu/bone-def-3-01-gu.md
E:V2-039870	精确	2	39870	227	48	41	lore/wiki/gu/bone-def-3-01-gu.md
E:V2-039892	精确	2	39892	227	59	41	lore/wiki/gu/bone-def-3-01-gu.md
E:V2-039894	精确	2	39894	227	60	10	lore/wiki/gu/bone-def-3-01-gu.md
E:V2-039976	精确	2	39976	227	101	42	lore/wiki/gu/water-atk-3-06-gu.md
E:V2-039978	精确	2	39978	227	102	25	lore/wiki/gu/water-atk-3-06-gu.md
E:V2-040014	精确	2	40014	227	120	25	lore/wiki/gu/water-atk-3-06-gu.md
E:V2-040058	模糊唯一(需复核)	2	40058	228	6	20	lore/wiki/events/south-caravan.md
E:V2-040078	精确	2	40078	228	16	12	lore/wiki/gu/blood-atk-3-11-gu.md
E:V2-040082	精确	2	40082	228	18	27	lore/wiki/gu/blood-atk-3-11-gu.md
E:V2-040088	模糊唯一(需复核)	2	40088	228	21	20	lore/wiki/gu/water-atk-3-06-gu.md
E:V2-040434	差异(需人工)	2	40434	229	2	8	lore/wiki/events/south-caravan.md
E:V2-040450	精确	2	40450	229	11	33	lore/wiki/tools/benchmark-car.md
E:V2-040528	精确	2	40528	229	51	16	lore/wiki/gu/bone-atk-1-08-gu.md
E:V2-040530	精确	2	40530	229	52	38	lore/wiki/gu/bone-atk-1-08-gu.md
E:V2-040682	精确	2	40682	230	31	73	lore/wiki/gu/water-atk-3-06-gu.md
E:V2-040786	模糊唯一(需复核)	2	40786	230	83	20	lore/wiki/tools/benchmark-car.md
E:V2-040790	模糊唯一(需复核)	2	40790	230	85	20	lore/wiki/events/south-caravan.md
E:V2-040808	精确	2	40808	231	5	36	lore/wiki/gu/water-atk-3-06-gu.md
E:V2-040814	精确	2	40814	231	8	23	lore/wiki/gu/bone-def-3-01-gu.md
E:V2-040884	精确	2	40884	231	42	43	lore/wiki/gu/bone-def-3-01-gu.md
E:V2-040946	精确	2	40946	231	74	58	lore/wiki/gu/blood-atk-3-03-gu.md
E:V2-040958	精确	2	40958	231	80	32	lore/wiki/gu/blood-atk-3-03-gu.md
E:V2-040972	精确	2	40972	231	87	28	lore/wiki/world/aptitude-and-aperture.md
E:V2-040992	精确	2	40992	232	2	45	lore/wiki/log.md
E:V2-041028	模糊唯一(需复核)	2	41028	232	21	20	lore/wiki/log.md
E:V2-041038	精确	2	41038	232	26	32	lore/wiki/log.md
E:V2-041048	精确	2	41048	232	31	26	lore/wiki/gu/bone-def-3-01-gu.md
E:V2-041086	精确	2	41086	232	51	24	lore/wiki/gu/wine-insect-gu.md
E:V2-041268	模糊唯一(需复核)	2	41268	233	50	20	lore/wiki/characters/fang-yuan.md
E:V2-041272	精确	2	41272	233	52	49	lore/wiki/events/south-caravan.md
E:V2-041280	精确	2	41280	233	56	25	lore/wiki/gu/bone-atk-1-08-gu.md
E:V2-041282	精确	2	41282	233	57	20	lore/wiki/gu/bone-atk-1-08-gu.md
E:V2-041284	精确	2	41284	233	58	38	lore/wiki/gu/bone-atk-1-08-gu.md
E:V2-041286	精确	2	41286	233	59	55	lore/wiki/gu/bone-atk-1-08-gu.md
E:V2-041310	精确	2	41310	233	71	68	lore/wiki/gu/bone-atk-1-08-gu.md
E:V2-041312	精确	2	41312	233	72	31	lore/wiki/gu/bone-atk-1-08-gu.md
E:V2-041336	精确	2	41336	233	84	17	lore/wiki/gu/bone-def-3-05-gu.md
E:V2-041340	精确	2	41340	233	86	26	lore/wiki/gu/bone-def-3-05-gu.md
E:V2-041342	精确	2	41342	233	87	14	lore/wiki/gu/bone-def-3-05-gu.md
E:V2-041344	精确	2	41344	233	88	20	lore/wiki/gu/bone-def-3-05-gu.md
E:V2-041346	精确	2	41346	233	89	47	lore/wiki/gu/bone-def-3-05-gu.md
E:V2-041352	精确	2	41352	234	1	21	lore/wiki/characters/bai-ning-bing.md
E:V2-041446	精确	2	41446	234	48	22	lore/wiki/gu/bone-def-3-05-gu.md
E:V2-041448	精确	2	41448	234	49	41	lore/wiki/log.md
E:V2-041452	精确	2	41452	234	51	36	lore/wiki/gu/bone-atk-1-08-gu.md
E:V2-041456	精确	2	41456	234	53	37	lore/wiki/gu/bone-def-3-05-gu.md
E:V2-041458	精确	2	41458	234	54	49	lore/wiki/gu/bone-def-3-05-gu.md
E:V2-041460	精确	2	41460	234	55	39	lore/wiki/gu/bone-def-3-05-gu.md
E:V2-041462	精确	2	41462	234	56	25	lore/wiki/gu/bone-atk-1-08-gu.md
E:V2-041464	精确	2	41464	234	57	34	lore/wiki/gu/bone-atk-1-08-gu.md
E:V2-041468	精确	2	41468	234	59	48	lore/wiki/gu/bone-atk-1-08-gu.md
E:V2-041566	精确	2	41566	235	9	43	lore/wiki/tools/benchmark-car.md
E:V2-041570	模糊唯一(需复核)	2	41570	235	11	20	lore/wiki/characters/bai-ning-bing.md
E:V2-041768	精确	2	41768	236	13	22	lore/wiki/events/south-caravan.md
E:V2-042000	精确	2	42000	237	28	56	lore/wiki/gu/bone-def-3-01-gu.md
E:V2-042658	精确	2	42658	240	20	45	lore/wiki/log.md
E:V2-042736	精确	2	42736	240	59	47	lore/wiki/gu/bone-def-3-01-gu.md
E:V2-042820	精确	2	42820	241	9	38	lore/wiki/tools/benchmark-car.md
E:V2-042950	精确	2	42950	241	74	39	lore/wiki/tools/benchmark-car.md
E:V2-043022	精确	2	43022	242	7	24	lore/wiki/events/south-caravan.md
E:V2-043024	精确	2	43024	242	8	35	lore/wiki/tools/benchmark-car.md
E:V2-043028	精确	2	43028	242	10	75	lore/wiki/tools/benchmark-car.md
E:V2-043030	精确	2	43030	242	11	21	lore/wiki/gu/bear-strength-gu.md
E:V2-043034	精确	2	43034	242	13	42	lore/wiki/gu/bear-strength-gu.md
E:V2-043270	精确	2	43270	243	38	38	lore/wiki/gu/bone-def-3-01-gu.md
E:V2-043498	精确	2	43498	244	71	47	lore/wiki/rules/refinement.md
E:V2-043546	模糊唯一(需复核)	2	43546	245	6	20	lore/wiki/characters/fang-yuan.md
E:V2-044102	精确	2	44102	248	4	49	lore/wiki/events/south-caravan.md
E:V2-044742	精确	2	44742	251	6	13	lore/wiki/events/south-caravan.md
E:V2-044756	模糊唯一(需复核)	2	44756	251	13	20	lore/wiki/tools/benchmark-car.md
E:V2-044896	重复(无法唯一)	2	44896			5	lore/wiki/gu/bone-def-3-01-gu.md
E:V2-044898	差异(需人工)	2	44898	251	84	8	lore/wiki/gu/bone-def-3-01-gu.md
E:V2-045054	模糊唯一(需复核)	2	45054	252	57	16	lore/wiki/gu/blood-atk-3-11-gu.md
E:V2-045578	模糊唯一(需复核)	2	45578	255	2	20	lore/wiki/events/south-caravan.md
E:V2-045982	差异(需人工)	2	45982	257	1	12	lore/wiki/events/south-caravan.md
E:V2-046142	差异(需人工)	2	46142	258	4	8	lore/wiki/tools/benchmark-car.md
E:V2-046454	精确	2	46454	259	7	24	lore/wiki/characters/bai-ning-bing.md
E:V2-046638	精确	2	46638	260	8	35	lore/wiki/events/south-caravan.md
E:V2-046754	精确	2	46754	260	69	15	lore/wiki/world/economy-roster.md
E:V2-046842	精确	2	46842	261	8	45	lore/wiki/characters/fang-yuan.md
E:V2-046874	精确	2	46874	261	24	143	lore/wiki/gu/water-atk-3-06-gu.md
E:V2-047012	精确	2	47012	262	1	20	lore/wiki/events/south-caravan.md
E:V2-047218	精确	2	47218	262	104	9	lore/wiki/gu/bone-def-3-01-gu.md
E:V2-047222	精确	2	47222	262	106	27	lore/wiki/gu/bone-def-3-01-gu.md
E:V2-047224	精确	2	47224	262	107	8	lore/wiki/gu/bone-def-3-01-gu.md
E:V2-047228	精确	2	47228	262	109	19	lore/wiki/gu/bone-def-3-01-gu.md
E:V2-047232	精确	2	47232	262	111	35	lore/wiki/gu/bone-def-3-01-gu.md
E:V2-047234	精确	2	47234	262	112	40	lore/wiki/log.md
E:V2-047242	重复(无法唯一)	2	47242			4	lore/wiki/events/south-caravan.md
E:V2-047246	精确	2	47246	263	3	61	lore/wiki/log.md
E:V2-047248	精确	2	47248	263	4	18	lore/wiki/log.md
E:V2-047250	精确	2	47250	263	5	22	lore/wiki/gu/vitality-grass-gu.md
E:V2-047252	精确	2	47252	263	6	34	lore/wiki/gu/bone-def-3-01-gu.md
E:V2-047260	精确	2	47260	263	10	12	lore/wiki/gu/bone-def-3-01-gu.md
E:V2-047264	模糊唯一(需复核)	2	47264	263	12	16	lore/wiki/gu/bone-def-3-01-gu.md
E:V2-047268	精确	2	47268	263	14	20	lore/wiki/gu/bone-def-3-01-gu.md
E:V2-047272	精确	2	47272	263	16	41	lore/wiki/gu/bone-def-3-01-gu.md
E:V2-047274	精确	2	47274	263	17	23	lore/wiki/gu/bone-def-3-01-gu.md
E:V2-047276	精确	2	47276	263	18	24	lore/wiki/gu/bone-def-3-01-gu.md
E:V2-047278	精确	2	47278	263	19	39	lore/wiki/gu/bone-def-3-01-gu.md
E:V2-047280	精确	2	47280	263	20	25	lore/wiki/gu/bone-def-3-01-gu.md
E:V2-047284	精确	2	47284	263	22	20	lore/wiki/gu/bone-def-3-01-gu.md
E:V2-047286	精确	2	47286	263	23	17	lore/wiki/gu/bone-def-3-01-gu.md
E:V2-047290	精确	2	47290	263	24	17	lore/wiki/gu/bone-def-3-01-gu.md
E:V2-047292	精确	2	47292	263	25	78	lore/wiki/gu/bone-def-3-01-gu.md
E:V2-047308	精确	2	47308	263	33	29	lore/wiki/gu/bone-def-3-01-gu.md
E:V2-047330	精确	2	47330	263	44	28	lore/wiki/gu/bone-def-3-01-gu.md
E:V2-047344	精确	2	47344	263	51	65	lore/wiki/gu/bone-def-3-01-gu.md
E:V2-047540	精确	2	47540	264	51	23	lore/wiki/events/south-caravan.md
E:V2-047924	精确	2	47924	266	74	22	lore/wiki/gu/bone-def-3-01-gu.md
E:V2-047974	精确	2	47974	267	1	5	lore/wiki/characters/fang-yuan.md
E:V2-047980	精确	2	47980	267	2	17	lore/wiki/tools/benchmark-car.md
E:V2-048070	精确	2	48070	267	47	38	lore/wiki/gu/water-atk-3-06-gu.md
E:V2-048372	精确	2	48372	269	26	39	lore/wiki/events/south-caravan.md
E:V2-048384	精确	2	48384	269	32	30	lore/wiki/tools/benchmark-car.md
E:V2-048502	精确	2	48502	269	91	57	lore/wiki/gu/bone-def-3-01-gu.md
E:V2-048712	引文过短	2	48712			0	lore/wiki/events/south-caravan.md
E:V2-048734	精确	2	48734	271	12	50	lore/wiki/tools/benchmark-car.md
E:V2-048922	精确	2	48922	272	1	60	lore/wiki/events/south-caravan.md
E:V2-048934	精确	2	48934	272	7	52	lore/wiki/tools/benchmark-car.md
E:V2-049140	精确	2	49140	272	110	68	lore/wiki/gu/water-atk-3-06-gu.md
E:V2-049622	精确	2	49622	273	4	13	lore/wiki/events/south-caravan.md
E:V2-049626	精确	2	49626	273	6	29	lore/wiki/tools/benchmark-car.md
E:V2-049768	精确	2	49768	273	76	53	lore/wiki/gu/roster-3.md
E:V2-049814	差异(需人工)	2	49814	274	2	12	lore/wiki/characters/fang-yuan.md
E:V2-049818	精确	2	49818	274	4	32	lore/wiki/tools/benchmark-car.md
E:V2-049868	精确	2	49868	274	29	22	lore/wiki/gu/bone-def-3-01-gu.md
E:V2-049910	精确	2	49910	274	50	10	lore/wiki/gu/blood-atk-3-11-gu.md
E:V2-049912	精确	2	49912	274	51	10	lore/wiki/gu/fire-atk-2-01-gu.md
E:V2-049928	精确	2	49928	274	58	76	lore/wiki/gu/blood-atk-3-11-gu.md
E:V2-050082	精确	2	50082	275	38	6	lore/wiki/gu/roster-3.md
E:V2-050192	精确	2	50192	276	4	89	lore/wiki/events/south-caravan.md
E:V2-050298	精确	2	50298	276	57	26	lore/wiki/gu/bear-strength-gu.md
E:V2-050450	精确	2	50450	277	55	157	lore/wiki/gu/stone-shell-gu.md
E:V2-050904	精确	2	50904	279	89	37	lore/wiki/log.md
E:V2-050908	精确	2	50908	279	91	47	lore/wiki/gu/gold-atk-2-12-gu.md
E:V2-050912	精确	2	50912	279	93	28	lore/wiki/log.md
E:V2-051286	精确	2	51286	281	80	70	lore/wiki/gu/white-boar-strength-gu.md
E:V2-051296	精确	2	51296	281	85	110	lore/wiki/gu/bear-strength-gu.md
E:V2-051298	精确	2	51298	281	86	77	lore/wiki/gu/bear-strength-gu.md
E:V2-051304	精确	2	51304	281	89	129	lore/wiki/gu/bear-strength-gu.md
E:V2-051548	精确	2	51548	282	44	34	lore/wiki/gu/bear-strength-gu.md
E:V2-051574	精确	2	51574	282	57	34	lore/wiki/gu/bear-strength-gu.md
E:V2-051602	精确	2	51602	282	71	27	lore/wiki/gu/bear-strength-gu.md
E:V2-051606	精确	2	51606	282	73	39	lore/wiki/gu/bear-strength-gu.md
E:V2-051626	精确	2	51626	282	83	17	lore/wiki/gu/blood-atk-3-11-gu.md
E:V2-051646	精确	2	51646	282	93	20	lore/wiki/gu/bear-strength-gu.md
E:V2-051648	精确	2	51648	282	94	30	lore/wiki/gu/blood-atk-3-11-gu.md
E:V2-051650	精确	2	51650	282	95	24	lore/wiki/gu/blood-atk-3-11-gu.md
E:V2-051666	精确	2	51666	282	103	41	lore/wiki/gu/bear-strength-gu.md
E:V2-052464	精确	2	52464	287	7	51	lore/wiki/gu/roster-3.md
E:V2-052480	精确	2	52480	287	15	145	lore/wiki/gu/gu-relations.md
E:V2-052714	精确	2	52714	288	40	44	lore/wiki/events/south-caravan.md
E:V2-052902	精确	2	52902	289	37	32	lore/wiki/gu/bear-strength-gu.md
E:V2-053006	精确	2	53006	289	89	54	lore/wiki/gu/bear-strength-gu.md
E:V2-053010	精确	2	53010	289	91	58	lore/wiki/gu/bear-strength-gu.md
E:V2-053286	精确	2	53286	291	7	72	lore/wiki/tools/benchmark-car.md
E:V2-053796	精确	2	53796	293	4	24	lore/wiki/log.md
E:V2-053806	精确	2	53806	293	9	77	lore/wiki/tools/benchmark-car.md
E:V2-053816	精确	2	53816	293	14	73	lore/wiki/events/south-caravan.md
E:V2-054800	精确	2	54800	298	27	57	lore/wiki/gu/roster-3.md
E:V2-055048	精确	2	55048	299	41	23	lore/wiki/gu/water-atk-3-06-gu.md
E:V2-055100	精确	2	55100	299	67	20	lore/wiki/gu/water-atk-3-06-gu.md
E:V2-055274	精确	2	55274	300	38	37	lore/wiki/gu/light-atk-1-01-gu.md
E:V2-055508	模糊唯一(需复核)	2	55508	301	58	20	lore/wiki/gu/roster-3.md
E:V2-055814	精确	2	55814	302	90	40	lore/wiki/gu/roster-3.md
E:V2-055816	精确	2	55816	302	91	26	lore/wiki/gu/stone-shell-gu.md
E:V2-055818	精确	2	55818	302	92	30	lore/wiki/gu/stone-shell-gu.md
E:V2-056134	精确	2	56134	304	63	26	lore/wiki/gu/blood-atk-3-11-gu.md
E:V2-056136	精确	2	56136	304	64	93	lore/wiki/gu/blood-atk-3-11-gu.md
E:V2-056270	精确	2	56270	305	51	53	lore/wiki/log.md
E:V2-056274	精确	2	56274	305	53	29	lore/wiki/rules/refinement.md
E:V2-056860	精确	2	56860	308	55	56	lore/wiki/gu/roster-3.md
E:V2-057022	模糊唯一(需复核)	2	57022	309	30	20	lore/wiki/gu/roster-3.md
E:V2-057786	模糊唯一(需复核)	2	57786	313	55	20	lore/wiki/gu/gold-atk-2-12-gu.md
E:V2-057796	精确	2	57796	313	60	41	lore/wiki/gu/earth-def-3-01-gu.md
E:V2-057866	精确	2	57866	313	95	25	lore/wiki/gu/roster-3.md
E:V2-058006	精确	2	58006	314	56	28	lore/wiki/gu/roster-3.md
E:V2-058466	精确	2	58466	316	1	3	lore/wiki/gu/qi-atk-1-01-gu.md
E:V2-058636	精确	2	58636	316	84	13	lore/wiki/gu/qi-atk-1-01-gu.md
E:V2-058638	精确	2	58638	316	85	15	lore/wiki/gu/qi-atk-1-01-gu.md
E:V2-058640	精确	2	58640	316	86	59	lore/wiki/log.md
E:V2-058642	精确	2	58642	316	87	66	lore/wiki/gu/qi-atk-1-01-gu.md
E:V2-058644	精确	2	58644	316	88	53	lore/wiki/gu/qi-atk-1-01-gu.md
E:V2-058648	精确	2	58648	316	90	13	lore/wiki/gu/qi-atk-1-01-gu.md
E:V2-058650	精确	2	58650	316	91	41	lore/wiki/gu/qi-atk-1-01-gu.md
E:V2-058654	精确	2	58654	316	93	20	lore/wiki/gu/qi-atk-1-01-gu.md
E:V2-058656	精确	2	58656	316	94	26	lore/wiki/log.md
E:V2-058922	精确	2	58922	318	18	30	lore/wiki/gu/roster-3.md
E:V2-059088	精确	2	59088	318	101	49	lore/wiki/gu/roster-3.md
E:V2-059536	精确	2	59536	320	100	13	lore/wiki/gu/qi-atk-1-01-gu.md
E:V2-059538	精确	2	59538	320	101	45	lore/wiki/gu/qi-atk-1-01-gu.md
E:V2-059540	精确	2	59540	320	102	16	lore/wiki/gu/qi-atk-1-01-gu.md
E:V2-059548	精确	2	59548	320	106	25	lore/wiki/gu/qi-atk-1-01-gu.md
E:V2-059552	精确	2	59552	320	108	33	lore/wiki/gu/qi-atk-1-01-gu.md
E:V2-059554	精确	2	59554	320	109	24	lore/wiki/gu/qi-atk-1-01-gu.md
E:V2-059590	精确	2	59590	321	4	42	lore/wiki/events/south-caravan.md
E:V2-059728	精确	2	59728	321	73	26	lore/wiki/gu/qi-atk-1-01-gu.md
E:V2-059730	精确	2	59730	321	74	28	lore/wiki/gu/qi-atk-1-01-gu.md
E:V2-059740	精确	2	59740	321	79	39	lore/wiki/gu/qi-atk-1-01-gu.md
E:V2-059742	精确	2	59742	321	80	66	lore/wiki/gu/qi-atk-1-01-gu.md
E:V2-059744	精确	2	59744	321	81	9	lore/wiki/gu/qi-atk-1-01-gu.md
E:V2-059764	精确	2	59764	321	91	39	lore/wiki/gu/qi-atk-1-01-gu.md
E:V2-059766	精确	2	59766	321	92	12	lore/wiki/gu/qi-atk-1-01-gu.md
E:V2-059800	精确	2	59800	322	1	43	lore/wiki/tools/benchmark-car.md
E:V2-060106	精确	2	60106	324	1	94	lore/wiki/events/south-caravan.md
E:V2-060300	精确	2	60300	324	98	52	lore/wiki/gu/roster-3.md
E:V2-060354	精确	2	60354	325	21	107	lore/wiki/gu/slave-atk-1-03-gu.md
E:V2-060452	精确	2	60452	325	70	34	lore/wiki/gu/slave-atk-1-03-gu.md
E:V2-060486	精确	2	60486	326	1	50	lore/wiki/events/south-caravan.md
E:V2-060490	精确	2	60490	326	3	71	lore/wiki/tools/benchmark-car.md
E:V2-060500	精确	2	60500	326	8	31	lore/wiki/tools/benchmark-car.md
E:V2-060582	精确	2	60582	326	49	32	lore/wiki/world/cultivation-system.md
E:V2-060664	精确	2	60664	327	17	75	lore/wiki/gu/wine-insect-gu.md
E:V2-060666	精确	2	60666	327	18	50	lore/wiki/log.md
E:V2-060674	精确	2	60674	327	22	27	lore/wiki/gu/wine-insect-gu.md
E:V2-060676	精确	2	60676	327	23	37	lore/wiki/gu/wine-insect-gu.md
E:V2-060680	精确	2	60680	327	25	39	lore/wiki/gu/wine-insect-gu.md
E:V2-060688	精确	2	60688	327	29	49	lore/wiki/gu/gu-relations.md
E:V2-060690	精确	2	60690	327	30	24	lore/wiki/gu/gu-relations.md
E:V2-060696	精确	2	60696	327	33	18	lore/wiki/gu/wine-insect-gu.md
E:V2-060700	精确	2	60700	327	35	52	lore/wiki/gu/wine-insect-gu.md
E:V2-060702	精确	2	60702	327	36	31	lore/wiki/gu/gu-relations.md
E:V2-060704	精确	2	60704	327	37	52	lore/wiki/gu/wine-insect-gu.md
E:V2-060706	精确	2	60706	327	38	16	lore/wiki/rules/refinement.md
E:V2-060708	精确	2	60708	327	39	16	lore/wiki/gu/gu-relations.md
E:V2-060712	精确	2	60712	327	41	43	lore/wiki/gu/wine-insect-gu.md
E:V2-060714	精确	2	60714	327	42	22	lore/wiki/log.md
E:V2-060718	精确	2	60718	327	44	29	lore/wiki/gu/wine-insect-gu.md
E:V2-060722	精确	2	60722	327	46	64	lore/wiki/gu/wine-insect-gu.md
E:V2-060724	精确	2	60724	327	47	62	lore/wiki/gu/wine-insect-gu.md
E:V2-060822	精确	2	60822	328	10	18	lore/wiki/events/south-caravan.md
E:V2-061528	精确	2	61528	332	1	23	lore/wiki/tools/benchmark-car.md
E:V2-061536	精确	2	61536	332	5	43	lore/wiki/events/south-caravan.md
E:V2-061902	精确	2	61902	334	1	5	lore/wiki/events/south-caravan.md
E:V2-061906	精确	2	61906	334	1	43	lore/wiki/events/south-caravan.md
E:V2-062102	精确	2	62102	335	1	5	lore/wiki/events/south-caravan.md
E:V2-062118	精确	2	62118	335	7	27	lore/wiki/tools/benchmark-tkf.md
E:V2-062148	精确	2	62148	335	22	53	lore/wiki/events/three-kings-mountain.md
E:V2-062302	精确	2	62302	336	1	15	lore/wiki/events/three-kings-mountain.md
E:V2-062308	精确	2	62308	336	4	41	lore/wiki/log.md
E:V2-062314	精确	2	62314	336	7	41	lore/wiki/tools/benchmark-tkf.md
E:V2-062318	精确	2	62318	336	9	35	lore/wiki/tools/benchmark-tkf.md
E:V2-062324	精确	2	62324	336	12	117	lore/wiki/events/three-kings-mountain.md
E:V2-062846	精确	2	62846	339	8	39	lore/wiki/events/three-kings-mountain.md
E:V2-063552	精确	2	63552	343	1	24	lore/wiki/characters/fang-yuan.md
E:V2-063570	精确	2	63570	343	10	14	lore/wiki/tools/benchmark-tkf.md
E:V2-063720	精确	2	63720	343	85	30	lore/wiki/gu/bone-atk-1-08-gu.md
E:V2-064126	精确	2	64126	345	71	48	lore/wiki/gu/wine-insect-gu.md
E:V2-064148	精确	2	64148	346	1	32	lore/wiki/characters/fang-yuan.md
E:V2-064168	精确	2	64168	346	11	50	lore/wiki/gu/roster-3.md
E:V2-064192	精确	2	64192	346	23	61	lore/wiki/gu/roster-3.md
E:V2-064206	精确	2	64206	346	30	48	lore/wiki/gu/bone-atk-1-08-gu.md
E:V2-064338	精确	2	64338	347	1	23	lore/wiki/events/three-kings-mountain.md
E:V2-064358	精确	2	64358	347	11	25	lore/wiki/tools/benchmark-tkf.md
E:V2-064364	精确	2	64364	347	14	24	lore/wiki/tools/benchmark-tkf.md
E:V2-064388	精确	2	64388	347	26	57	lore/wiki/gu/spring-autumn-cicada-gu.md
E:V2-064396	精确	2	64396	347	30	23	lore/wiki/gu/spring-autumn-cicada-gu.md
E:V2-064422	精确	2	64422	347	43	48	lore/wiki/gu/slave-atk-1-03-gu.md
E:V2-064426	精确	2	64426	347	45	32	lore/wiki/log.md
E:V2-064436	精确	2	64436	347	50	24	lore/wiki/gu/slave-atk-1-03-gu.md
E:V2-064438	精确	2	64438	347	51	25	lore/wiki/gu/slave-atk-1-03-gu.md
E:V2-064440	精确	2	64440	347	52	43	lore/wiki/gu/slave-atk-1-03-gu.md
E:V2-064448	精确	2	64448	347	56	39	lore/wiki/gu/slave-atk-1-03-gu.md
E:V2-064454	精确	2	64454	347	59	43	lore/wiki/gu/slave-atk-1-03-gu.md
E:V2-064492	精确	2	64492	347	78	26	lore/wiki/gu/slave-atk-1-03-gu.md
E:V2-064552	精确	2	64552	348	4	30	lore/wiki/tools/benchmark-tkf.md
E:V2-064554	精确	2	64554	348	5	17	lore/wiki/events/three-kings-mountain.md
E:V2-064564	精确	2	64564	348	10	55	lore/wiki/tools/benchmark-tkf.md
E:V2-064574	精确	2	64574	348	15	40	lore/wiki/gu/slave-atk-1-03-gu.md
E:V2-064622	精确	2	64622	348	39	33	lore/wiki/gu/slave-atk-1-03-gu.md
E:V2-064646	精确	2	64646	348	51	46	lore/wiki/gu/slave-atk-1-03-gu.md
E:V2-064678	精确	2	64678	348	67	74	lore/wiki/gu/slave-atk-1-03-gu.md
E:V2-064768	精确	2	64768	349	14	34	lore/wiki/gu/water-atk-3-06-gu.md
E:V2-064842	精确	2	64842	349	51	42	lore/wiki/gu/slave-atk-1-03-gu.md
E:V2-064846	精确	2	64846	349	53	22	lore/wiki/gu/slave-atk-1-03-gu.md
E:V2-064848	精确	2	64848	349	54	37	lore/wiki/log.md
E:V2-064852	精确	2	64852	349	56	34	lore/wiki/gu/slave-atk-1-03-gu.md
E:V2-064936	模糊唯一(需复核)	2	64936	350	5	20	lore/wiki/events/three-kings-mountain.md
E:V2-064948	精确	2	64948	350	11	28	lore/wiki/events/three-kings-mountain.md
E:V2-064974	模糊唯一(需复核)	2	64974	350	24	20	lore/wiki/gu/slave-atk-1-03-gu.md
E:V2-065044	精确	2	65044	350	59	39	lore/wiki/gu/slave-atk-1-03-gu.md
E:V2-065046	模糊唯一(需复核)	2	65046	350	60	16	lore/wiki/gu/slave-atk-1-03-gu.md
E:V2-065048	精确	2	65048	350	61	31	lore/wiki/gu/slave-atk-1-03-gu.md
E:V2-065116	重复(无法唯一)	2	65116			5	lore/wiki/gu/slave-atk-1-03-gu.md
E:V2-065120	精确	2	65120	350	97	32	lore/wiki/gu/slave-atk-1-03-gu.md
E:V2-065122	精确	2	65122	350	98	22	lore/wiki/gu/slave-atk-1-03-gu.md
E:V2-065126	精确	2	65126	350	100	15	lore/wiki/gu/slave-atk-1-03-gu.md
E:V2-065128	精确	2	65128	350	101	9	lore/wiki/gu/slave-atk-1-03-gu.md
E:V2-065130	精确	2	65130	350	102	12	lore/wiki/gu/slave-atk-1-03-gu.md
E:V2-065292	精确	2	65292	351	71	118	lore/wiki/gu/roster-3.md
E:V2-065348	精确	2	65348	352	11	15	lore/wiki/events/three-kings-mountain.md
E:V2-065440	精确	2	65440	352	57	21	lore/wiki/gu/gold-atk-2-12-gu.md
E:V2-065444	精确	2	65444	352	59	32	lore/wiki/gu/gold-atk-2-12-gu.md
E:V2-065586	精确	2	65586	353	28	26	lore/wiki/gu/roster-3.md
E:V2-065728	精确	2	65728	354	4	51	lore/wiki/events/three-kings-mountain.md
E:V2-065740	精确	2	65740	354	10	62	lore/wiki/tools/benchmark-tkf.md
E:V2-065994	精确	2	65994	355	51	39	lore/wiki/gu/roster-3.md
E:V2-066034	精确	2	66034	355	71	56	lore/wiki/gu/stone-shell-gu.md
E:V2-066066	精确	2	66066	356	6	20	lore/wiki/gu/bone-atk-1-08-gu.md
E:V2-066070	精确	2	66070	356	8	46	lore/wiki/gu/bone-atk-1-08-gu.md
E:V2-066074	精确	2	66074	356	10	51	lore/wiki/log.md
E:V2-066090	精确	2	66090	356	18	43	lore/wiki/gu/spring-autumn-cicada-gu.md
E:V2-066216	精确	2	66216	357	2	16	lore/wiki/events/three-kings-mountain.md
E:V2-066224	精确	2	66224	357	6	48	lore/wiki/events/three-kings-mountain.md
E:V2-066228	精确	2	66228	357	8	59	lore/wiki/tools/benchmark-tkf.md
E:V2-066438	精确	2	66438	358	1	16	lore/wiki/events/three-kings-mountain.md
E:V2-066610	精确	2	66610	358	87	10	lore/wiki/rules/refinement.md
E:V2-066740	精确	2	66740	359	59	23	lore/wiki/gu/wine-insect-gu.md
E:V2-066982	精确	2	66982	361	1	33	lore/wiki/events/three-kings-mountain.md
E:V2-066986	精确	2	66986	361	3	24	lore/wiki/tools/benchmark-tkf.md
E:V2-067080	精确	2	67080	361	50	30	lore/wiki/gu/roster-3.md
E:V2-067924	精确	2	67924	366	1	46	lore/wiki/tools/benchmark-tkf.md
E:V2-067944	精确	2	67944	366	11	61	lore/wiki/log.md
E:V2-068106	精确	2	68106	367	7	45	lore/wiki/events/three-kings-mountain.md
E:V2-069048	精确	2	69048	373	3	18	lore/wiki/tools/benchmark-tkf.md
E:V2-069058	精确	2	69058	373	8	77	lore/wiki/events/three-kings-mountain.md
E:V2-069222	精确	2	69222	374	12	30	lore/wiki/gu/roster-3.md
E:V2-069230	精确	2	69230	374	16	43	lore/wiki/gu/roster-3.md
E:V2-069252	精确	2	69252	374	27	48	lore/wiki/gu/roster-3.md
E:V2-069304	精确	2	69304	374	53	60	lore/wiki/tools/benchmark-xq.md
E:V2-069398	模糊唯一(需复核)	2	69398	375	11	20	lore/wiki/events/three-kings-mountain.md
E:V2-069422	模糊唯一(需复核)	2	69422	375	23	16	lore/wiki/gu/roster-3.md
E:V2-069622	精确	2	69622	376	49	30	lore/wiki/tools/benchmark-xq.md
E:V2-069714	精确	2	69714	377	2	42	lore/wiki/events/three-kings-mountain.md
E:V2-069722	精确	2	69722	377	6	22	lore/wiki/tools/benchmark-tkf.md
E:V2-069922	精确	2	69922	378	6	25	lore/wiki/events/three-kings-mountain.md
E:V2-070034	精确	2	70034	378	62	59	lore/wiki/world/cultivation-system.md
E:V2-070108	精确	2	70108	379	2	25	lore/wiki/characters/fang-yuan.md
E:V2-070110	精确	2	70110	379	3	72	lore/wiki/tools/benchmark-tkf.md
E:V2-070120	精确	2	70120	379	8	39	lore/wiki/gu/bone-def-3-05-gu.md
E:V2-070122	精确	2	70122	379	9	37	lore/wiki/events/three-kings-mountain.md
E:V2-070124	精确	2	70124	379	10	114	lore/wiki/gu/bone-def-3-05-gu.md
E:V2-070130	精确	2	70130	379	13	60	lore/wiki/gu/bone-def-3-05-gu.md
E:V2-070252	精确	2	70252	379	74	46	lore/wiki/gu/bone-def-3-05-gu.md
E:V2-070356	精确	2	70356	380	3	38	lore/wiki/tools/benchmark-xq.md
E:V2-070488	精确	2	70488	380	69	76	lore/wiki/log.md
E:V2-070524	精确	2	70524	381	5	26	lore/wiki/gu/slave-atk-1-03-gu.md
E:V2-070536	精确	2	70536	381	11	47	lore/wiki/events/three-kings-mountain.md
E:V2-070608	精确	2	70608	381	47	38	lore/wiki/gu/slave-atk-1-03-gu.md
E:V2-071052	精确	2	71052	384	2	29	lore/wiki/tools/benchmark-tkf.md
E:V2-071068	精确	2	71068	384	10	120	lore/wiki/log.md
E:V2-071164	精确	2	71164	384	58	97	lore/wiki/gu/spring-autumn-cicada-gu.md
E:V2-071226	精确	2	71226	385	20	77	lore/wiki/world/map-roster.md
E:V2-071236	精确	2	71236	385	25	83	lore/wiki/world/shadow-sect.md
E:V2-071240	精确	2	71240	385	27	63	lore/wiki/gu/human-def-1-32-gu.md
E:V2-071262	精确	2	71262	385	38	100	lore/wiki/log.md
E:V2-071838	精确	2	71838	389	4	49	lore/wiki/events/three-kings-mountain.md
E:V2-072028	精确	2	72028	390	8	52	lore/wiki/gu/roster-3.md
E:V2-072066	精确	2	72066	390	27	61	lore/wiki/log.md
E:V2-072382	精确	2	72382	391	77	27	lore/wiki/gu/heaven-atk-5-07-gu.md
E:V2-072384	精确	2	72384	391	78	60	lore/wiki/gu/heaven-atk-5-07-gu.md
E:V2-072970	精确	2	72970	395	8	42	lore/wiki/events/three-kings-mountain.md
E:V2-073368	精确	2	73368	397	3	26	lore/wiki/characters/bai-ning-bing.md
E:V2-073374	精确	2	73374	397	6	29	lore/wiki/tools/benchmark-tkf.md
E:V2-073384	精确	2	73384	397	11	53	lore/wiki/events/three-kings-mountain.md
E:V2-073388	精确	2	73388	397	13	75	lore/wiki/tools/benchmark-tkf.md
E:V2-073910	精确	2	73910	400	4	26	lore/wiki/events/three-kings-mountain.md
E:V2-073920	精确	2	73920	400	9	46	lore/wiki/characters/fang-yuan.md
E:V2-074310	精确	2	74310	402	28	82	lore/wiki/gu/human-def-1-32-gu.md
E:V2-074622	精确	2	74622	403	94	23	lore/wiki/gu/heaven-atk-5-07-gu.md
E:V2-074650	精确	2	74650	404	8	21	lore/wiki/events/three-kings-mountain.md
E:V2-074882	精确	2	74882	405	32	32	lore/wiki/gu/spring-autumn-cicada-gu.md
E:V2-074910	精确	2	74910	405	46	22	lore/wiki/gu/roster-3.md
E:V2-075012	精确	2	75012	406	3	43	lore/wiki/events/royal-court.md
E:V3-075384	精确	3	75384	407	1	3	lore/wiki/tools/benchmark-rtc.md
E:V3-075436	精确	3	75436	407	25	48	lore/wiki/events/royal-court.md
E:V3-075586	精确	3	75586	408	22	112	lore/wiki/events/royal-court.md
E:V3-075640	精确	3	75640	408	49	60	lore/wiki/gu/blood-atk-3-03-gu.md
E:V3-075734	精确	3	75734	409	34	36	lore/wiki/events/royal-court.md
E:V3-075764	精确	3	75764	409	49	31	lore/wiki/rules/tribulation.md
E:V3-075770	精确	3	75770	409	52	37	lore/wiki/tools/benchmark-rules.md
E:V3-076022	精确	3	76022	411	16	40	lore/wiki/log.md
E:V3-076284	精确	3	76284	412	65	49	lore/wiki/tools/benchmark-xq.md
E:V3-076288	精确	3	76288	412	67	34	lore/wiki/events/royal-court.md
E:V3-076362	精确	3	76362	413	26	14	lore/wiki/gu/stone-shell-gu.md
E:V3-076364	精确	3	76364	413	27	36	lore/wiki/gu/earth-def-3-01-gu.md
E:V3-076366	精确	3	76366	413	28	32	lore/wiki/gu/earth-def-3-01-gu.md
E:V3-076368	精确	3	76368	413	29	39	lore/wiki/gu/stone-shell-gu.md
E:V3-076410	精确	3	76410	413	50	114	lore/wiki/events/royal-court.md
E:V3-077380	精确	3	77380	418	67	19	lore/wiki/events/royal-court.md
E:V3-077464	精确	3	77464	419	7	57	lore/wiki/events/royal-court.md
E:V3-077560	精确	3	77560	419	55	48	lore/wiki/tools/benchmark-rtc.md
E:V3-077804	精确	3	77804	421	9	41	lore/wiki/events/royal-court.md
E:V3-077952	精确	3	77952	422	3	33	lore/wiki/events/royal-court.md
E:V3-078004	精确	3	78004	422	29	46	lore/wiki/gu/roster-3.md
E:V3-078006	精确	3	78006	422	30	82	lore/wiki/gu/gold-atk-2-12-gu.md
E:V3-078224	重复(无法唯一)	3	78224			3	lore/wiki/characters/fang-yuan.md
E:V3-078274	精确	3	78274	423	75	33	lore/wiki/gu/wine-insect-gu.md
E:V3-078466	精确	3	78466	424	77	35	lore/wiki/events/royal-court.md
E:V3-078492	精确	3	78492	425	10	28	lore/wiki/gu/roster-3.md
E:V3-078626	精确	3	78626	425	77	19	lore/wiki/gu/wine-insect-gu.md
E:V3-078628	精确	3	78628	425	78	62	lore/wiki/log.md
E:V3-078630	精确	3	78630	425	79	12	lore/wiki/gu/wine-insect-gu.md
E:V3-078632	精确	3	78632	425	80	45	lore/wiki/gu/wine-insect-gu.md
E:V3-078634	精确	3	78634	425	81	24	lore/wiki/gu/wine-insect-gu.md
E:V3-078652	精确	3	78652	425	90	51	lore/wiki/gu/spring-autumn-cicada-gu.md
E:V3-078694	精确	3	78694	426	16	100	lore/wiki/events/royal-court.md
E:V3-078796	精确	3	78796	426	67	37	lore/wiki/gu/gu-relations.md
E:V3-078804	精确	3	78804	426	71	16	lore/wiki/events/three-kings-mountain.md
E:V3-078910	精确	3	78910	427	50	58	lore/wiki/events/royal-court.md
E:V3-078938	精确	3	78938	427	64	22	lore/wiki/gu/slave-atk-3-04-gu.md
E:V3-078940	精确	3	78940	427	65	37	lore/wiki/gu/slave-atk-1-03-gu.md
E:V3-078942	精确	3	78942	427	66	14	lore/wiki/gu/roster-3.md
E:V3-078970	精确	3	78970	427	80	58	lore/wiki/tools/benchmark-rtc.md
E:V3-079658	精确	3	79658	431	58	35	lore/wiki/events/royal-court.md
E:V3-079740	精确	3	79740	432	4	48	lore/wiki/gu/fire-atk-2-01-gu.md
E:V3-079746	精确	3	79746	432	7	29	lore/wiki/gu/fire-atk-2-01-gu.md
E:V3-079748	精确	3	79748	432	8	99	lore/wiki/gu/fire-atk-2-01-gu.md
E:V3-079778	精确	3	79778	432	23	25	lore/wiki/tools/benchmark-rtc.md
E:V3-079864	模糊唯一(需复核)	3	79864	432	66	20	lore/wiki/characters/fang-yuan.md
E:V3-079910	精确	3	79910	433	10	40	lore/wiki/tools/benchmark-rtc.md
E:V3-080158	精确	3	80158	434	50	26	lore/wiki/gu/roster-3.md
E:V3-080166	精确	3	80166	434	54	47	lore/wiki/events/royal-court.md
E:V3-080198	重复(无法唯一)	3	80198			4	lore/wiki/gu/slave-atk-3-04-gu.md
E:V3-080200	精确	3	80200	434	71	25	lore/wiki/gu/slave-atk-3-04-gu.md
E:V3-080202	精确	3	80202	434	72	39	lore/wiki/gu/slave-atk-3-04-gu.md
E:V3-080216	精确	3	80216	434	79	33	lore/wiki/tools/benchmark-rtc.md
E:V3-080252	精确	3	80252	435	12	94	lore/wiki/gu/gu-relations.md
E:V3-080310	精确	3	80310	435	41	15	lore/wiki/gu/gu-relations.md
E:V3-080312	精确	3	80312	435	42	58	lore/wiki/gu/gu-relations.md
E:V3-080608	精确	3	80608	436	87	40	lore/wiki/events/royal-court.md
E:V3-080708	精确	3	80708	437	37	43	lore/wiki/gu/slave-atk-3-04-gu.md
E:V3-080726	精确	3	80726	437	46	24	lore/wiki/gu/slave-atk-3-04-gu.md
E:V3-080728	精确	3	80728	437	47	21	lore/wiki/gu/slave-atk-3-04-gu.md
E:V3-080764	精确	3	80764	437	65	23	lore/wiki/tools/benchmark-rtc.md
E:V3-080864	精确	3	80864	438	14	75	lore/wiki/gu/slave-atk-1-03-gu.md
E:V3-080866	精确	3	80866	438	15	32	lore/wiki/log.md
E:V3-080868	精确	3	80868	438	16	28	lore/wiki/gu/slave-atk-1-03-gu.md
E:V3-080870	精确	3	80870	438	17	53	lore/wiki/gu/slave-atk-3-04-gu.md
E:V3-081144	精确	3	81144	439	60	7	lore/wiki/gu/slave-atk-3-04-gu.md
E:V3-081146	精确	3	81146	439	61	32	lore/wiki/gu/slave-atk-3-04-gu.md
E:V3-081158	精确	3	81158	439	67	19	lore/wiki/events/royal-court.md
E:V3-081362	精确	3	81362	440	85	30	lore/wiki/events/royal-court.md
E:V3-081680	精确	3	81680	442	75	29	lore/wiki/gu/slave-atk-3-04-gu.md
E:V3-081694	精确	3	81694	442	82	35	lore/wiki/gu/slave-atk-3-04-gu.md
E:V3-081696	精确	3	81696	442	83	30	lore/wiki/gu/slave-atk-3-04-gu.md
E:V3-081718	精确	3	81718	442	94	19	lore/wiki/gu/fire-atk-2-01-gu.md
E:V3-081720	精确	3	81720	442	95	18	lore/wiki/gu/fire-atk-2-01-gu.md
E:V3-081722	精确	3	81722	442	96	26	lore/wiki/gu/fire-atk-2-01-gu.md
E:V3-081724	精确	3	81724	442	97	54	lore/wiki/gu/fire-atk-2-01-gu.md
E:V3-081742	精确	3	81742	443	6	31	lore/wiki/gu/fire-atk-2-01-gu.md
E:V3-081746	精确	3	81746	443	8	29	lore/wiki/gu/force-atk-1-05-gu.md
E:V3-081748	精确	3	81748	443	9	26	lore/wiki/gu/force-atk-1-05-gu.md
E:V3-081750	精确	3	81750	443	10	30	lore/wiki/gu/force-atk-1-05-gu.md
E:V3-081752	精确	3	81752	443	11	43	lore/wiki/gu/force-atk-1-05-gu.md
E:V3-081756	精确	3	81756	443	13	70	lore/wiki/gu/force-atk-1-05-gu.md
E:V3-081758	精确	3	81758	443	14	41	lore/wiki/gu/force-atk-1-05-gu.md
E:V3-081760	精确	3	81760	443	15	15	lore/wiki/gu/force-atk-1-05-gu.md
E:V3-081762	精确	3	81762	443	16	51	lore/wiki/gu/force-atk-1-05-gu.md
E:V3-081764	精确	3	81764	443	17	6	lore/wiki/gu/force-atk-1-05-gu.md
E:V3-081770	精确	3	81770	443	20	34	lore/wiki/gu/force-atk-1-05-gu.md
E:V3-081772	精确	3	81772	443	21	51	lore/wiki/gu/force-atk-1-05-gu.md
E:V3-081774	精确	3	81774	443	22	41	lore/wiki/gu/force-atk-1-05-gu.md
E:V3-081776	精确	3	81776	443	23	54	lore/wiki/gu/force-atk-1-05-gu.md
E:V3-081780	模糊唯一(需复核)	3	81780	443	25	20	lore/wiki/gu/force-atk-1-05-gu.md
E:V3-081786	精确	3	81786	443	28	57	lore/wiki/gu/force-atk-1-05-gu.md
E:V3-081794	精确	3	81794	443	32	32	lore/wiki/gu/force-atk-1-05-gu.md
E:V3-081800	精确	3	81800	443	35	35	lore/wiki/gu/fire-atk-2-01-gu.md
E:V3-081802	精确	3	81802	443	36	46	lore/wiki/gu/fire-atk-2-01-gu.md
E:V3-081808	精确	3	81808	443	39	22	lore/wiki/gu/force-atk-1-05-gu.md
E:V3-081810	精确	3	81810	443	40	52	lore/wiki/gu/force-atk-1-05-gu.md
E:V3-081812	精确	3	81812	443	41	30	lore/wiki/gu/force-atk-1-05-gu.md
E:V3-081814	精确	3	81814	443	42	30	lore/wiki/gu/force-atk-1-05-gu.md
E:V3-081830	精确	3	81830	443	50	7	lore/wiki/gu/slave-atk-1-03-gu.md
E:V3-081832	模糊唯一(需复核)	3	81832	443	51	20	lore/wiki/gu/slave-atk-1-03-gu.md
E:V3-081834	精确	3	81834	443	52	22	lore/wiki/log.md
E:V3-081840	精确	3	81840	443	55	30	lore/wiki/gu/slave-atk-3-04-gu.md
E:V3-081842	精确	3	81842	443	56	54	lore/wiki/gu/slave-atk-3-04-gu.md
E:V3-081844	精确	3	81844	443	57	25	lore/wiki/gu/slave-atk-3-04-gu.md
E:V3-081956	精确	3	81956	444	30	40	lore/wiki/gu/force-atk-1-05-gu.md
E:V3-081958	精确	3	81958	444	31	30	lore/wiki/gu/force-atk-1-05-gu.md
E:V3-081960	精确	3	81960	444	32	56	lore/wiki/gu/force-atk-1-05-gu.md
E:V3-081962	精确	3	81962	444	33	27	lore/wiki/gu/force-atk-1-05-gu.md
E:V3-081964	精确	3	81964	444	34	26	lore/wiki/gu/force-atk-1-05-gu.md
E:V3-081966	精确	3	81966	444	35	39	lore/wiki/gu/force-atk-1-05-gu.md
E:V3-081968	精确	3	81968	444	36	29	lore/wiki/gu/force-atk-1-05-gu.md
E:V3-081970	精确	3	81970	444	37	55	lore/wiki/gu/force-atk-1-05-gu.md
E:V3-081972	精确	3	81972	444	38	53	lore/wiki/gu/force-atk-1-05-gu.md
E:V3-082070	精确	3	82070	445	11	73	lore/wiki/events/royal-court.md
E:V3-082232	精确	3	82232	446	6	11	lore/wiki/gu/fire-atk-2-01-gu.md
E:V3-082264	精确	3	82264	446	22	32	lore/wiki/gu/fire-atk-2-01-gu.md
E:V3-082266	精确	3	82266	446	23	23	lore/wiki/gu/fire-atk-2-01-gu.md
E:V3-082270	精确	3	82270	446	25	15	lore/wiki/gu/fire-atk-2-01-gu.md
E:V3-082272	精确	3	82272	446	26	22	lore/wiki/gu/fire-atk-2-01-gu.md
E:V3-082276	精确	3	82276	446	28	49	lore/wiki/gu/fire-atk-2-01-gu.md
E:V3-082278	精确	3	82278	446	29	60	lore/wiki/gu/fire-atk-2-01-gu.md
E:V3-082282	精确	3	82282	446	31	46	lore/wiki/gu/fire-atk-2-01-gu.md
E:V3-082284	精确	3	82284	446	32	40	lore/wiki/gu/fire-atk-2-01-gu.md
E:V3-082420	精确	3	82420	447	17	52	lore/wiki/events/royal-court.md
E:V3-082690	精确	3	82690	448	62	42	lore/wiki/events/royal-court.md
E:V3-082898	精确	3	82898	450	21	60	lore/wiki/events/royal-court.md
E:V3-083218	精确	3	83218	452	47	7	lore/wiki/events/royal-court.md
E:V3-083368	精确	3	83368	453	26	32	lore/wiki/gu/slave-atk-3-04-gu.md
E:V3-083426	精确	3	83426	453	55	11	lore/wiki/gu/slave-atk-3-04-gu.md
E:V3-083428	精确	3	83428	453	56	31	lore/wiki/gu/slave-atk-3-04-gu.md
E:V3-083430	精确	3	83430	453	57	21	lore/wiki/gu/slave-atk-3-04-gu.md
E:V3-083434	精确	3	83434	453	59	24	lore/wiki/gu/slave-atk-3-04-gu.md
E:V3-083436	精确	3	83436	453	60	75	lore/wiki/gu/slave-atk-3-04-gu.md
E:V3-083460	精确	3	83460	453	72	20	lore/wiki/log.md
E:V3-083462	精确	3	83462	453	73	49	lore/wiki/gu/slave-atk-1-03-gu.md
E:V3-083464	精确	3	83464	453	74	36	lore/wiki/gu/slave-atk-1-03-gu.md
E:V3-083466	精确	3	83466	453	75	14	lore/wiki/gu/slave-atk-3-04-gu.md
E:V3-083468	精确	3	83468	453	76	26	lore/wiki/gu/slave-atk-3-04-gu.md
E:V3-083500	精确	3	83500	453	92	29	lore/wiki/gu/slave-atk-3-04-gu.md
E:V3-083548	精确	3	83548	454	8	31	lore/wiki/gu/slave-atk-3-04-gu.md
E:V3-083642	精确	3	83642	454	55	11	lore/wiki/gu/slave-atk-1-03-gu.md
E:V3-083644	精确	3	83644	454	56	22	lore/wiki/gu/slave-atk-1-03-gu.md
E:V3-083646	精确	3	83646	454	57	23	lore/wiki/gu/slave-atk-1-03-gu.md
E:V3-083648	精确	3	83648	454	58	29	lore/wiki/gu/slave-atk-3-04-gu.md
E:V3-083714	精确	3	83714	454	91	34	lore/wiki/gu/slave-atk-3-04-gu.md
E:V3-083832	精确	3	83832	455	48	39	lore/wiki/gu/slave-atk-3-04-gu.md
E:V3-083834	精确	3	83834	455	49	38	lore/wiki/gu/roster-3.md
E:V3-083836	精确	3	83836	455	50	20	lore/wiki/gu/slave-atk-1-03-gu.md
E:V3-083838	精确	3	83838	455	51	34	lore/wiki/gu/slave-atk-1-03-gu.md
E:V3-083840	精确	3	83840	455	52	31	lore/wiki/gu/slave-atk-1-03-gu.md
E:V3-083842	精确	3	83842	455	53	31	lore/wiki/gu/slave-atk-1-03-gu.md
E:V3-083844	模糊唯一(需复核)	3	83844	455	54	20	lore/wiki/gu/slave-atk-1-03-gu.md
E:V3-083846	精确	3	83846	455	55	45	lore/wiki/log.md
E:V3-083848	精确	3	83848	455	56	32	lore/wiki/gu/slave-atk-1-03-gu.md
E:V3-083852	精确	3	83852	455	58	27	lore/wiki/gu/slave-atk-1-03-gu.md
E:V3-083856	精确	3	83856	455	60	25	lore/wiki/gu/slave-atk-3-04-gu.md
E:V3-083860	精确	3	83860	455	62	55	lore/wiki/gu/slave-atk-1-03-gu.md
E:V3-083902	精确	3	83902	455	83	10	lore/wiki/characters/fang-yuan.md
E:V3-084100	精确	3	84100	456	88	25	lore/wiki/gu/slave-atk-3-04-gu.md
E:V3-084184	精确	3	84184	457	31	65	lore/wiki/events/royal-court.md
E:V3-084366	精确	3	84366	458	22	24	lore/wiki/gu/slave-atk-3-04-gu.md
E:V3-084408	精确	3	84408	458	43	45	lore/wiki/gu/fire-atk-2-01-gu.md
E:V3-084540	精确	3	84540	459	5	24	lore/wiki/gu/slave-atk-3-04-gu.md
E:V3-084664	精确	3	84664	459	67	32	lore/wiki/events/royal-court.md
E:V3-084772	精确	3	84772	460	33	28	lore/wiki/gu/slave-atk-3-04-gu.md
E:V3-084786	精确	3	84786	460	40	10	lore/wiki/gu/fire-atk-2-01-gu.md
E:V3-084916	精确	3	84916	461	8	37	lore/wiki/events/royal-court.md
E:V3-085120	精确	3	85120	462	27	47	lore/wiki/tools/benchmark-rtc.md
E:V3-085420	精确	3	85420	464	1	5	lore/wiki/characters/yuan-lian-xian-zun.md
E:V3-085442	精确	3	85442	464	10	23	lore/wiki/gu/spring-autumn-cicada-gu.md
E:V3-085444	精确	3	85444	464	11	32	lore/wiki/log.md
E:V3-085466	精确	3	85466	464	22	25	lore/wiki/gu/slave-atk-3-04-gu.md
E:V3-085522	精确	3	85522	464	50	89	lore/wiki/events/royal-court.md
E:V3-085972	精确	3	85972	467	9	39	lore/wiki/gu/roster-3.md
E:V3-085992	精确	3	85992	467	19	63	lore/wiki/world/economy-roster.md
E:V3-086178	模糊唯一(需复核)	3	86178	468	21	20	lore/wiki/events/royal-court.md
E:V3-086250	精确	3	86250	468	57	43	lore/wiki/rules/venerables.md
E:V3-086252	精确	3	86252	468	58	46	lore/wiki/rules/venerables.md
E:V3-086302	精确	3	86302	468	83	57	lore/wiki/events/royal-court.md
E:V3-086320	精确	3	86320	469	4	70	lore/wiki/characters/bai-ning-bing.md
E:V3-086398	精确	3	86398	469	43	31	lore/wiki/events/royal-court.md
E:V3-086434	模糊唯一(需复核)	3	86434	469	61	20	lore/wiki/events/royal-court.md
E:V3-086500	精确	3	86500	470	1	2	lore/wiki/world/economy-roster.md
E:V3-086504	精确	3	86504	470	1	23	lore/wiki/gu/gold-atk-2-12-gu.md
E:V3-086506	精确	3	86506	470	2	40	lore/wiki/gu/gold-atk-2-12-gu.md
E:V3-086508	精确	3	86508	470	3	81	lore/wiki/gu/gold-atk-2-12-gu.md
E:V3-086512	精确	3	86512	470	5	33	lore/wiki/gu/gold-atk-2-12-gu.md
E:V3-086514	精确	3	86514	470	6	44	lore/wiki/gu/gold-atk-2-12-gu.md
E:V3-086518	精确	3	86518	470	8	38	lore/wiki/gu/gold-atk-2-12-gu.md
E:V3-086746	精确	3	86746	471	30	88	lore/wiki/events/royal-court.md
E:V3-086986	精确	3	86986	472	58	58	lore/wiki/events/royal-court.md
E:V3-087006	重复(无法唯一)	3	87006			5	lore/wiki/gu/roster-3.md
E:V3-087528	精确	3	87528	476	17	31	lore/wiki/characters/fang-yuan.md
E:V3-087532	精确	3	87532	476	19	39	lore/wiki/world/cultivation-system.md
E:V3-087596	精确	3	87596	476	51	20	lore/wiki/events/royal-court.md
E:V3-087604	精确	3	87604	476	55	63	lore/wiki/log.md
E:V3-087760	精确	3	87760	477	48	73	lore/wiki/events/royal-court.md
E:V3-087936	精确	3	87936	478	60	27	lore/wiki/events/royal-court.md
E:V3-088482	精确	3	88482	481	105	45	lore/wiki/events/royal-court.md
E:V3-088742	精确	3	88742	483	46	12	lore/wiki/gu/fire-atk-2-01-gu.md
E:V3-088744	重复(无法唯一)	3	88744			3	lore/wiki/gu/fire-atk-2-01-gu.md
E:V3-088746	精确	3	88746	483	48	34	lore/wiki/gu/fire-atk-2-01-gu.md
E:V3-088748	精确	3	88748	483	49	38	lore/wiki/gu/fire-atk-2-01-gu.md
E:V3-088812	精确	3	88812	483	81	12	lore/wiki/events/royal-court.md
E:V3-089294	精确	3	89294	486	26	44	lore/wiki/gu/slave-atk-3-04-gu.md
E:V3-089386	精确	3	89386	486	72	34	lore/wiki/events/royal-court.md
E:V3-089390	精确	3	89390	486	74	41	lore/wiki/rules/venerables.md
E:V3-089392	精确	3	89392	486	75	44	lore/wiki/tools/benchmark-rules.md
E:V3-089578	精确	3	89578	487	82	26	lore/wiki/events/royal-court.md
E:V3-089712	精确	3	89712	488	56	41	lore/wiki/events/royal-court.md
E:V3-089742	精确	3	89742	488	71	15	lore/wiki/gu/slave-atk-3-04-gu.md
E:V3-089750	精确	3	89750	488	75	29	lore/wiki/gu/slave-atk-3-04-gu.md
E:V3-089752	精确	3	89752	488	76	56	lore/wiki/gu/slave-atk-3-04-gu.md
E:V3-089764	精确	3	89764	488	82	69	lore/wiki/events/royal-court.md
E:V3-089928	精确	3	89928	489	73	20	lore/wiki/events/royal-court.md
E:V3-090248	重复(无法唯一)	3	90248			4	lore/wiki/characters/fang-yuan.md
E:V3-090252	精确	3	90252	491	57	83	lore/wiki/events/royal-court.md
E:V3-090380	精确	3	90380	492	36	38	lore/wiki/gu/slave-atk-3-04-gu.md
E:V3-090444	精确	3	90444	492	68	23	lore/wiki/events/royal-court.md
E:V3-090580	精确	3	90580	493	50	15	lore/wiki/events/royal-court.md
E:V3-090644	精确	3	90644	493	82	17	lore/wiki/gu/slave-atk-3-04-gu.md
E:V3-090658	精确	3	90658	493	89	45	lore/wiki/gu/slave-atk-3-04-gu.md
E:V3-090660	精确	3	90660	493	90	66	lore/wiki/gu/slave-atk-3-04-gu.md
E:V3-090798	精确	3	90798	494	67	37	lore/wiki/gu/gold-atk-2-12-gu.md
E:V3-090804	精确	3	90804	494	70	44	lore/wiki/gu/bear-strength-gu.md
E:V3-090820	精确	3	90820	494	78	49	lore/wiki/characters/fang-yuan.md
E:V3-090838	精确	3	90838	494	87	33	lore/wiki/characters/fang-yuan.md
E:V3-090858	精确	3	90858	495	1	26	lore/wiki/tools/benchmark-rtc.md
E:V3-090860	模糊唯一(需复核)	3	90860	495	2	16	lore/wiki/gu/gu-relations.md
E:V3-090862	精确	3	90862	495	3	18	lore/wiki/gu/gu-relations.md
E:V3-090864	精确	3	90864	495	4	46	lore/wiki/log.md
E:V3-090868	精确	3	90868	495	6	12	lore/wiki/log.md
E:V3-090872	精确	3	90872	495	8	36	lore/wiki/gu/gu-relations.md
E:V3-090874	精确	3	90874	495	9	9	lore/wiki/gu/gu-relations.md
E:V3-090876	精确	3	90876	495	10	24	lore/wiki/log.md
E:V3-090878	精确	3	90878	495	11	32	lore/wiki/gu/spring-autumn-cicada-gu.md
E:V3-090880	精确	3	90880	495	12	26	lore/wiki/gu/gu-relations.md
E:V3-090906	精确	3	90906	495	25	37	lore/wiki/log.md
E:V3-091044	精确	3	91044	495	94	33	lore/wiki/tools/benchmark-rtc.md
E:V3-091160	模糊唯一(需复核)	3	91160	496	48	20	lore/wiki/gu/slave-atk-1-03-gu.md
E:V3-091162	模糊唯一(需复核)	3	91162	496	49	20	lore/wiki/gu/slave-atk-1-03-gu.md
E:V3-091252	精确	3	91252	497	5	29	lore/wiki/events/royal-court.md
E:V3-091274	模糊唯一(需复核)	3	91274	497	16	20	lore/wiki/gu/moonlight-gu.md
E:V3-091880	精确	3	91880	500	26	71	lore/wiki/characters/he-lou-lan.md
E:V3-092036	精确	3	92036	501	6	44	lore/wiki/gu/bone-atk-1-08-gu.md
E:V3-092048	精确	3	92048	501	12	66	lore/wiki/gu/stone-shell-gu.md
E:V3-092078	精确	3	92078	501	27	49	lore/wiki/gu/force-atk-1-05-gu.md
E:V3-092082	精确	3	92082	501	29	18	lore/wiki/gu/force-atk-1-05-gu.md
E:V3-092084	精确	3	92084	501	30	33	lore/wiki/gu/force-atk-1-05-gu.md
E:V3-092110	精确	3	92110	501	43	27	lore/wiki/gu/bone-atk-1-08-gu.md
E:V3-092112	精确	3	92112	501	44	14	lore/wiki/gu/bone-atk-1-08-gu.md
E:V3-092160	精确	3	92160	501	68	48	lore/wiki/events/royal-court.md
E:V3-092266	精确	3	92266	502	30	48	lore/wiki/gu/slave-atk-3-04-gu.md
E:V3-092268	精确	3	92268	502	31	35	lore/wiki/gu/slave-atk-3-04-gu.md
E:V3-092294	精确	3	92294	502	44	33	lore/wiki/characters/he-lou-lan.md
E:V3-092476	精确	3	92476	503	41	104	lore/wiki/events/royal-court.md
E:V3-092680	精确	3	92680	504	73	44	lore/wiki/events/royal-court.md
E:V3-092716	精确	3	92716	505	14	30	lore/wiki/gu/slave-atk-3-04-gu.md
E:V3-092738	精确	3	92738	505	25	39	lore/wiki/gu/roster-3.md
E:V3-092916	精确	3	92916	505	114	81	lore/wiki/events/royal-court.md
E:V3-093044	精确	3	93044	506	41	25	lore/wiki/gu/roster-3.md
E:V3-093310	精确	3	93310	508	8	29	lore/wiki/rules/killer-moves.md
E:V3-093312	精确	3	93312	508	9	52	lore/wiki/tools/benchmark-rules.md
E:V3-093334	精确	3	93334	508	20	24	lore/wiki/rules/path-realms.md
E:V3-093512	精确	3	93512	509	20	52	lore/wiki/gu/spring-autumn-cicada-gu.md
E:V3-093672	精确	3	93672	510	18	49	lore/wiki/events/royal-court.md
E:V3-094020	精确	3	94020	512	2	10	lore/wiki/events/royal-court.md
E:V3-094352	精确	3	94352	513	75	51	lore/wiki/events/royal-court.md
E:V3-094418	精确	3	94418	514	24	29	lore/wiki/characters/he-lou-lan.md
E:V3-094556	精确	3	94556	514	93	20	lore/wiki/events/royal-court.md
E:V3-094826	精确	3	94826	516	35	26	lore/wiki/events/royal-court.md
E:V3-095076	精确	3	95076	517	78	44	lore/wiki/log.md
E:V3-095094	精确	3	95094	518	7	55	lore/research/novel-liuchuan-review.md
E:V3-095104	精确	3	95104	518	12	28	lore/wiki/gu/roster-3.md
E:V3-095490	精确	3	95490	520	23	58	lore/wiki/gu/heaven-atk-5-07-gu.md
E:V3-095560	精确	3	95560	520	58	19	lore/wiki/events/royal-court.md
E:V3-095586	精确	3	95586	520	71	50	lore/wiki/tools/benchmark-rtc.md
E:V3-096262	精确	3	96262	524	109	34	lore/wiki/events/royal-court.md
E:V3-096638	精确	3	96638	527	13	6	lore/wiki/events/royal-court.md
E:V3-097004	精确	3	97004	529	38	113	lore/wiki/characters/he-lou-lan.md
E:V3-097008	精确	3	97008	529	40	157	lore/wiki/events/royal-court.md
E:V3-097258	精确	3	97258	531	16	108	lore/wiki/events/royal-court.md
E:V3-097320	精确	3	97320	531	47	30	lore/wiki/tools/benchmark-rtc.md
E:V3-097416	精确	3	97416	531	95	97	lore/wiki/events/royal-court.md
E:V3-097750	精确	3	97750	533	61	84	lore/wiki/events/royal-court.md
E:V3-098016	精确	3	98016	535	23	67	lore/wiki/events/royal-court.md
E:V3-098114	精确	3	98114	535	72	77	lore/wiki/rules/killer-moves.md
E:V3-098226	精确	3	98226	536	21	32	lore/wiki/characters/he-lou-lan.md
E:V3-098254	精确	3	98254	536	35	43	lore/wiki/characters/fang-yuan.md
E:V3-098274	精确	3	98274	536	45	30	lore/wiki/tools/benchmark-rtc.md
E:V3-098362	模糊唯一(需复核)	3	98362	537	7	20	lore/wiki/events/royal-court.md
E:V3-098420	精确	3	98420	537	36	71	lore/wiki/characters/fang-yuan.md
E:V3-098550	精确	3	98550	538	8	25	lore/wiki/tools/benchmark-rtc.md
E:V3-098638	精确	3	98638	538	52	52	lore/wiki/events/royal-court.md
E:V3-098826	精确	3	98826	539	60	18	lore/wiki/gu/roster-3.md
E:V3-098844	精确	3	98844	539	69	17	lore/wiki/events/royal-court.md
E:V3-098964	精确	3	98964	540	38	23	lore/wiki/events/royal-court.md
E:V3-099070	精确	3	99070	540	91	17	lore/wiki/events/royal-court.md
E:V3-099366	精确	3	99366	542	49	45	lore/wiki/events/royal-court.md
E:V3-099692	精确	3	99692	543	98	62	lore/wiki/events/royal-court.md
E:V3-099756	精确	3	99756	544	25	47	lore/wiki/characters/fang-yuan.md
E:V3-099762	精确	3	99762	544	28	11	lore/wiki/rules/killer-moves.md
E:V3-099764	精确	3	99764	544	29	16	lore/wiki/rules/killer-moves.md
E:V3-099766	精确	3	99766	544	30	58	lore/wiki/tools/benchmark-rules.md
E:V3-099794	精确	3	99794	544	44	50	lore/wiki/events/royal-court.md
E:V3-100044	精确	3	100044	545	71	30	lore/wiki/gu/spring-autumn-cicada-gu.md
E:V3-100198	精确	3	100198	546	58	82	lore/wiki/events/royal-court.md
E:V3-100356	精确	3	100356	547	58	27	lore/wiki/characters/fang-yuan.md
E:V3-100578	精确	3	100578	548	80	16	lore/wiki/events/royal-court.md
E:V3-100758	精确	3	100758	549	72	65	lore/wiki/events/royal-court.md
E:V3-100956	精确	3	100956	550	66	15	lore/wiki/gu/slave-atk-3-04-gu.md
E:V3-100958	精确	3	100958	550	67	32	lore/wiki/gu/slave-atk-3-04-gu.md
E:V3-101048	精确	3	101048	551	24	72	lore/wiki/events/royal-court.md
E:V3-101688	精确	3	101688	554	87	21	lore/wiki/tools/benchmark-rtc.md
E:V3-101696	重复(无法唯一)	3	101696			7	lore/wiki/events/royal-court.md
E:V3-102008	精确	3	102008	556	72	33	lore/wiki/tools/benchmark-rtc.md
E:V3-102446	精确	3	102446	558	105	35	lore/wiki/events/royal-court.md
E:V3-102894	精确	3	102894	561	30	26	lore/wiki/characters/fang-yuan.md
E:V3-103072	精确	3	103072	562	22	39	lore/wiki/tools/benchmark-rtc.md
E:V3-103100	精确	3	103100	562	36	48	lore/wiki/gu/human-atk-1-01-gu.md
E:V3-103110	模糊唯一(需复核)	3	103110	562	41	20	lore/wiki/events/royal-court.md
E:V3-103128	精确	3	103128	562	50	8	lore/wiki/tools/benchmark-rtc.md
E:V3-103246	模糊唯一(需复核)	3	103246	563	14	20	lore/wiki/characters/he-lou-lan.md
E:V3-103410	精确	3	103410	564	18	23	lore/wiki/gu/small-light-gu.md
E:V3-103412	精确	3	103412	564	19	35	lore/wiki/gu/small-light-gu.md
E:V3-103414	精确	3	103414	564	20	20	lore/wiki/gu/moon-glow-gu.md
E:V3-103416	精确	3	103416	564	21	39	lore/wiki/log.md
E:V3-103422	精确	3	103422	564	24	30	lore/wiki/gu/small-light-gu.md
E:V3-103434	重复(无法唯一)	3	103434			37	lore/wiki/log.md
E:V3-103436	重复(无法唯一)	3	103436			27	lore/wiki/gu/small-light-gu.md
E:V3-103438	未找到	3	103438			0	lore/wiki/gu/small-light-gu.md
E:V3-103440	重复(无法唯一)	3	103440			35	lore/wiki/gu/small-light-gu.md
E:V3-103624	精确	3	103624	565	30	22	lore/wiki/events/royal-court.md
E:V3-103682	精确	3	103682	565	59	53	lore/wiki/tools/benchmark-rtc.md
E:V3-104030	精确	3	104030	567	47	17	lore/wiki/events/royal-court.md
E:V3-104120	重复(无法唯一)	3	104120			3	lore/wiki/gu/luck-atk-1-03-gu.md
E:V3-104130	精确	3	104130	568	2	41	lore/wiki/2026-09-28-gu-recovery-handoff.md
E:V3-104132	精确	3	104132	568	3	41	lore/wiki/gu/luck-atk-1-03-gu.md
E:V3-104136	精确	3	104136	568	5	8	lore/wiki/gu/luck-atk-1-03-gu.md
E:V3-104138	模糊唯一(需复核)	3	104138	568	6	20	lore/wiki/gu/luck-atk-1-03-gu.md
E:V3-104176	精确	3	104176	568	25	58	lore/wiki/rules/tribulation.md
E:V3-104182	精确	3	104182	568	28	60	lore/wiki/gu/luck-atk-1-03-gu.md
E:V3-104184	精确	3	104184	568	29	67	lore/wiki/gu/luck-atk-1-03-gu.md
E:V3-104186	精确	3	104186	568	30	30	lore/wiki/gu/luck-atk-1-03-gu.md
E:V3-104190	精确	3	104190	568	32	41	lore/wiki/gu/luck-atk-1-03-gu.md
E:V3-104194	精确	3	104194	568	34	35	lore/wiki/gu/luck-atk-1-03-gu.md
E:V3-104196	精确	3	104196	568	35	54	lore/wiki/gu/luck-atk-1-03-gu.md
E:V3-104222	精确	3	104222	568	48	47	lore/wiki/gu/luck-atk-1-03-gu.md
E:V3-104238	精确	3	104238	568	56	38	lore/wiki/gu/luck-atk-1-03-gu.md
E:V3-104240	精确	3	104240	568	57	24	lore/wiki/gu/luck-atk-1-03-gu.md
E:V3-104244	精确	3	104244	568	59	31	lore/wiki/gu/luck-atk-1-03-gu.md
E:V3-104246	精确	3	104246	568	60	44	lore/wiki/gu/luck-atk-1-03-gu.md
E:V3-104248	精确	3	104248	568	61	73	lore/wiki/gu/luck-atk-1-03-gu.md
E:V3-104254	精确	3	104254	568	64	37	lore/wiki/gu/luck-atk-1-03-gu.md
E:V3-104256	模糊唯一(需复核)	3	104256	568	65	20	lore/wiki/gu/luck-atk-1-03-gu.md
E:V3-104466	精确	3	104466	568	170	28	lore/wiki/gu/luck-atk-1-03-gu.md
E:V3-104468	精确	3	104468	568	171	42	lore/wiki/gu/luck-atk-1-03-gu.md
E:V3-104500	精确	3	104500	569	2	23	lore/wiki/gu/luck-atk-1-03-gu.md
E:V3-104502	精确	3	104502	569	3	22	lore/wiki/gu/luck-atk-1-03-gu.md
E:V3-104510	精确	3	104510	569	7	56	lore/wiki/gu/luck-atk-1-03-gu.md
E:V3-104512	精确	3	104512	569	8	39	lore/wiki/gu/luck-atk-1-03-gu.md
E:V3-104516	精确	3	104516	569	10	34	lore/wiki/gu/luck-atk-1-03-gu.md
E:V3-104522	精确	3	104522	569	13	47	lore/wiki/gu/luck-atk-1-03-gu.md
E:V3-104524	精确	3	104524	569	14	16	lore/wiki/gu/luck-atk-1-03-gu.md
E:V3-104540	精确	3	104540	569	22	24	lore/wiki/gu/luck-atk-1-03-gu.md
E:V3-104542	精确	3	104542	569	23	19	lore/wiki/gu/luck-atk-1-03-gu.md
E:V3-104556	精确	3	104556	569	30	39	lore/wiki/gu/luck-atk-1-03-gu.md
E:V3-104650	精确	3	104650	569	77	28	lore/wiki/events/royal-court.md
E:V3-104764	精确	3	104764	570	38	74	lore/wiki/tools/benchmark-rtc.md
E:V3-104768	精确	3	104768	570	40	123	lore/wiki/gu/luck-atk-1-03-gu.md
E:V3-104786	精确	3	104786	570	49	65	lore/wiki/gu/luck-atk-1-03-gu.md
E:V3-105170	精确	3	105170	572	82	29	lore/wiki/events/royal-court.md
E:V3-105500	精确	3	105500	574	65	22	lore/wiki/characters/fang-yuan.md
E:V3-105502	精确	3	105502	574	66	52	lore/wiki/rules/killer-moves.md
E:V3-105506	精确	3	105506	574	68	80	lore/wiki/tools/benchmark-rules.md
E:V3-105508	精确	3	105508	574	69	23	lore/wiki/rules/killer-moves.md
E:V3-105514	精确	3	105514	574	72	98	lore/wiki/rules/killer-moves.md
E:V3-105808	精确	3	105808	576	58	70	lore/wiki/events/royal-court.md
E:V3-105816	精确	3	105816	576	62	101	lore/wiki/tools/benchmark-rtc.md
E:V3-105906	精确	3	105906	577	27	50	lore/wiki/gu/roster-3.md
E:V3-105988	精确	3	105988	577	68	104	lore/wiki/gu/gold-atk-2-12-gu.md
E:V3-105992	精确	3	105992	577	70	39	lore/wiki/gu/gold-atk-2-12-gu.md
E:V3-105998	精确	3	105998	577	73	42	lore/wiki/gu/gold-atk-2-12-gu.md
E:V3-106020	精确	3	106020	577	84	23	lore/wiki/events/royal-court.md
E:V3-106460	精确	3	106460	580	50	20	lore/wiki/characters/fang-yuan.md
E:V3-106568	精确	3	106568	581	27	39	lore/wiki/events/royal-court.md
E:V3-106740	精确	3	106740	582	7	95	lore/wiki/events/royal-court.md
E:V3-106752	精确	3	106752	582	13	47	lore/wiki/tools/benchmark-rules.md
E:V3-106762	精确	3	106762	582	18	140	lore/wiki/rules/killer-moves.md
E:V3-106818	精确	3	106818	582	46	51	lore/wiki/gu/roster-3.md
E:V3-106996	精确	3	106996	583	59	5	lore/wiki/gu/roster-3.md
E:V3-107018	精确	3	107018	583	70	7	lore/wiki/gu/roster-3.md
E:V3-107458	精确	3	107458	585	54	14	lore/wiki/events/royal-court.md
E:V3-107738	精确	3	107738	586	78	42	lore/wiki/characters/he-lou-lan.md
E:V3-107758	精确	3	107758	586	88	65	lore/wiki/characters/fang-yuan.md
E:V3-108256	差异(需人工)	3	108256	589	53	8	lore/wiki/characters/he-lou-lan.md
E:V3-108280	精确	3	108280	589	65	11	lore/wiki/characters/he-lou-lan.md
E:V3-108400	精确	3	108400	590	37	39	lore/wiki/events/royal-court.md
E:V3-108430	精确	3	108430	590	52	19	lore/wiki/rules/killer-moves.md
E:V3-108698	精确	3	108698	592	9	31	lore/wiki/gu/heaven-atk-5-07-gu.md
E:V3-108718	精确	3	108718	592	19	35	lore/wiki/tools/benchmark-rtc.md
E:V3-109126	精确	3	109126	592	223	79	lore/wiki/events/royal-court.md
E:V3-109440	精确	3	109440	593	153	4	lore/wiki/tools/benchmark-rtc.md
E:V3-109462	精确	3	109462	594	9	17	lore/wiki/characters/he-lou-lan.md
E:V3-109570	精确	3	109570	594	63	51	lore/wiki/rules/path-realms.md
E:V3-109600	引文过短	3	109600			0	lore/wiki/gu/wine-insect-gu.md
E:V3-109604	精确	3	109604	594	80	50	lore/wiki/gu/wine-insect-gu.md
E:V3-109608	精确	3	109608	594	82	70	lore/wiki/gu/wine-insect-gu.md
E:V3-109746	精确	3	109746	595	52	21	lore/wiki/characters/he-lou-lan.md
E:V3-109838	精确	3	109838	595	98	64	lore/wiki/events/royal-court.md
E:V3-110042	精确	3	110042	597	11	24	lore/wiki/events/royal-court.md
E:V3-110120	精确	3	110120	597	50	49	lore/wiki/rules/path-realms.md
E:V3-110212	精确	3	110212	597	96	21	lore/wiki/characters/fang-yuan.md
E:V3-110270	精确	3	110270	598	20	25	lore/wiki/characters/fang-yuan.md
E:V3-110490	差异(需人工)	3	110490	2130	76	10	lore/wiki/gu/heaven-atk-5-07-gu.md
E:V3-110696	精确	3	110696	600	36	21	lore/wiki/gu/heaven-atk-5-07-gu.md
E:V3-110698	精确	3	110698	600	37	31	lore/wiki/gu/heaven-atk-5-07-gu.md
E:V3-110862	精确	3	110862	601	27	81	lore/wiki/tools/benchmark-rtc.md
E:V3-111020	精确	3	111020	602	27	65	lore/wiki/events/royal-court.md
E:V3-111030	精确	3	111030	602	32	31	lore/wiki/gu/wisdom-gu.md
E:V3-111032	精确	3	111032	602	33	16	lore/wiki/gu/wisdom-gu.md
E:V3-111034	模糊唯一(需复核)	3	111034	602	34	16	lore/wiki/gu/wisdom-gu.md
E:V3-111036	精确	3	111036	602	35	20	lore/wiki/gu/wisdom-gu.md
E:V3-111038	精确	3	111038	602	36	70	lore/wiki/gu/wisdom-gu.md
E:V3-111040	精确	3	111040	602	37	58	lore/wiki/gu/wisdom-gu.md
E:V3-111042	精确	3	111042	602	38	23	lore/wiki/gu/wisdom-gu.md
E:V3-111044	精确	3	111044	602	39	53	lore/wiki/rules/venerables.md
E:V3-111046	精确	3	111046	602	40	16	lore/wiki/tools/benchmark-rules.md
E:V3-111120	精确	3	111120	602	77	75	lore/wiki/characters/fang-yuan.md
E:V3-111184	精确	3	111184	603	9	35	lore/wiki/events/royal-court.md
E:V3-111766	精确	3	111766	606	32	110	lore/wiki/tools/benchmark-rtc.md
E:V3-111884	精确	3	111884	606	91	38	lore/wiki/events/royal-court.md
E:V3-112142	模糊唯一(需复核)	3	112142	607	58	20	lore/wiki/events/royal-court.md
E:V3-112256	精确	3	112256	608	12	27	lore/wiki/tools/benchmark-rtc.md
E:V3-112670	精确	3	112670	610	21	14	lore/wiki/tools/benchmark-xq.md
E:V3-112720	精确	3	112720	610	46	32	lore/wiki/tools/benchmark-xq.md
E:V3-112818	精确	3	112818	610	95	31	lore/wiki/events/royal-court.md
E:V3-113096	精确	3	113096	612	4	26	lore/wiki/gu/roster-3.md
E:V3-113214	精确	3	113214	612	63	28	lore/wiki/events/royal-court.md
E:V3-113426	精确	3	113426	613	66	25	lore/wiki/tools/benchmark-rtc.md
E:V3-113493	行号越界/空行	3	113493			0	lore/wiki/characters/he-lou-lan.md
E:V3-113496	重复(无法唯一)	3	113496			4	lore/wiki/tools/benchmark-rtc.md
E:V3-113540	精确	3	113540	614	21	14	lore/wiki/characters/fang-yuan.md
E:V3-113780	模糊唯一(需复核)	3	113780	615	58	20	lore/wiki/events/royal-court.md
E:V3-113794	精确	3	113794	615	65	19	lore/wiki/events/royal-court.md
E:V3-113996	精确	3	113996	616	80	61	lore/wiki/characters/fang-yuan.md
E:V3-114188	精确	3	114188	617	51	39	lore/wiki/events/royal-court.md
E:V3-114320	精确	3	114320	617	117	27	lore/wiki/events/royal-court.md
E:V3-114390	精确	3	114390	618	18	48	lore/wiki/events/royal-court.md
E:V3-114406	精确	3	114406	618	26	32	lore/wiki/gu/luck-atk-1-03-gu.md
E:V3-114408	精确	3	114408	618	27	54	lore/wiki/gu/luck-atk-1-03-gu.md
E:V3-114422	精确	3	114422	618	34	106	lore/wiki/gu/roster-3.md
E:V3-114472	精确	3	114472	618	59	38	lore/wiki/gu/roster-3.md
E:V3-114590	精确	3	114590	619	36	23	lore/wiki/characters/he-lou-lan.md
E:V3-115232	精确	3	115232	622	29	20	lore/wiki/events/royal-court.md
E:V3-115822	精确	3	115822	624	67	32	lore/wiki/rules/tribulation.md
E:V3-115888	精确	3	115888	624	100	33	lore/wiki/events/royal-court.md
E:V3-116164	精确	3	116164	626	39	76	lore/wiki/log.md
E:V3-116216	精确	3	116216	626	65	22	lore/wiki/characters/he-lou-lan.md
E:V3-116312	精确	3	116312	626	113	37	lore/wiki/events/royal-court.md
E:V3-116408	精确	3	116408	627	40	85	lore/wiki/characters/fang-yuan.md
E:V3-116620	精确	3	116620	628	20	9	lore/wiki/tools/benchmark-zyl.md
E:V3-116662	精确	3	116662	628	41	18	lore/wiki/events/true-yang-collapse.md
E:V3-116680	精确	3	116680	628	50	29	lore/wiki/rules/tribulation.md
E:V3-116832	精确	3	116832	629	27	45	lore/wiki/tools/benchmark-zyl.md
E:V3-117130	精确	3	117130	630	75	36	lore/wiki/events/true-yang-collapse.md
E:V3-117368	精确	3	117368	631	85	31	lore/wiki/characters/he-lou-lan.md
E:V3-117410	未找到	3	117410			0	lore/wiki/characters/fang-yuan.md
E:V3-117690	精确	3	117690	633	10	51	lore/wiki/log.md
E:V3-118054	精确	3	118054	634	88	36	lore/wiki/events/true-yang-collapse.md
E:V3-118078	精确	3	118078	634	100	14	lore/wiki/tools/benchmark-zyl.md
E:V3-118080	精确	3	118080	634	101	11	lore/wiki/world/aptitude-and-aperture.md
E:V3-118258	精确	3	118258	635	76	10	lore/wiki/characters/fang-yuan.md
E:V3-118328	精确	3	118328	636	5	55	lore/wiki/events/true-yang-collapse.md
E:V3-118692	精确	3	118692	637	97	15	lore/wiki/tools/benchmark-zyl.md
E:V3-118834	精确	3	118834	638	59	15	lore/wiki/events/true-yang-collapse.md
E:V3-118912	精确	3	118912	638	98	12	lore/wiki/events/true-yang-collapse.md
E:V3-118922	精确	3	118922	638	103	8	lore/wiki/world/primeval-essence.md
E:V3-118944	精确	3	118944	639	8	40	lore/wiki/log.md
E:V3-118946	精确	3	118946	639	9	33	lore/wiki/gu/wisdom-gu.md
E:V3-119044	差异(需人工)	3	119044	639	58	12	lore/wiki/tools/benchmark-zyl.md
E:V3-119170	精确	3	119170	640	17	15	lore/wiki/gu/wisdom-gu.md
E:V3-119172	精确	3	119172	640	18	35	lore/wiki/log.md
E:V3-119174	精确	3	119174	640	19	32	lore/wiki/log.md
E:V3-119176	精确	3	119176	640	20	10	lore/wiki/gu/wisdom-gu.md
E:V3-119740	精确	3	119740	643	23	95	lore/wiki/gu/wisdom-gu.md
E:V3-119808	精确	3	119808	643	57	55	lore/wiki/events/true-yang-collapse.md
E:V3-119956	精确	3	119956	644	44	8	lore/wiki/characters/fang-yuan.md
E:V3-120140	精确	3	120140	645	32	59	lore/wiki/gu/wisdom-gu.md
E:V3-120142	精确	3	120142	645	33	94	lore/wiki/events/true-yang-collapse.md
E:V3-120150	精确	3	120150	645	37	87	lore/wiki/log.md
E:V3-120152	精确	3	120152	645	38	61	lore/wiki/gu/wisdom-gu.md
E:V3-120192	精确	3	120192	646	2	195	lore/wiki/log.md
E:V3-120232	精确	3	120232	646	22	85	lore/wiki/log.md
E:V3-120316	精确	3	120316	647	23	24	lore/wiki/gu/wisdom-gu.md
E:V3-120322	精确	3	120322	647	26	77	lore/wiki/gu/wisdom-gu.md
E:V3-120396	精确	3	120396	647	63	46	lore/wiki/log.md
E:V3-120400	精确	3	120400	647	65	65	lore/wiki/gu/human-atk-1-01-gu.md
E:V3-120402	精确	3	120402	647	66	34	lore/wiki/log.md
E:V3-120404	精确	3	120404	647	67	83	lore/wiki/log.md
E:V3-120408	精确	3	120408	647	69	20	lore/wiki/gu/human-atk-1-01-gu.md
E:V3-120412	精确	3	120412	647	71	16	lore/wiki/gu/human-atk-1-01-gu.md
E:V3-120432	模糊唯一(需复核)	3	120432	647	81	20	lore/wiki/gu/human-atk-1-01-gu.md
E:V3-120438	精确	3	120438	647	84	36	lore/wiki/gu/human-atk-1-01-gu.md
E:V3-120542	精确	3	120542	648	35	12	lore/wiki/events/true-yang-collapse.md
E:V3-120582	精确	3	120582	648	55	92	lore/wiki/characters/fang-yuan.md
E:V3-120728	精确	3	120728	649	21	28	lore/wiki/characters/he-lou-lan.md
E:V3-120794	精确	3	120794	649	53	112	lore/wiki/gu/human-atk-1-01-gu.md
E:V3-120992	精确	3	120992	650	62	38	lore/wiki/characters/he-lou-lan.md
E:V3-121042	重复(无法唯一)	3	121042			5	lore/wiki/events/true-yang-collapse.md
E:V4-121154	精确	4	121154	651	47	31	lore/wiki/events/true-yang-collapse.md
E:V4-121232	精确	4	121232	652	10	43	lore/wiki/rules/killer-moves.md
E:V4-121346	精确	4	121346	652	67	62	lore/wiki/gu/wisdom-gu.md
E:V4-121348	精确	4	121348	652	68	80	lore/wiki/gu/wisdom-gu.md
E:V4-121474	精确	4	121474	653	25	100	lore/wiki/tools/benchmark-qms.md
E:V4-121572	精确	4	121572	654	1	5	lore/wiki/world/zangmeng.md
E:V4-121640	精确	4	121640	654	33	26	lore/wiki/tools/benchmark-zyl.md
E:V4-121678	精确	4	121678	654	52	62	lore/wiki/events/true-yang-collapse.md
E:V4-121686	精确	4	121686	654	56	39	lore/wiki/world/zangmeng.md
E:V4-121818	精确	4	121818	655	51	46	lore/wiki/events/true-yang-collapse.md
E:V4-121888	精确	4	121888	656	4	53	lore/wiki/log.md
E:V4-121986	精确	4	121986	656	53	17	lore/wiki/tools/benchmark-xq.md
E:V4-121990	精确	4	121990	656	55	19	lore/wiki/tools/benchmark-xq.md
E:V4-121994	精确	4	121994	656	57	40	lore/wiki/tools/benchmark-xq.md
E:V4-122208	模糊唯一(需复核)	4	122208	658	7	20	lore/wiki/log.md
E:V4-122210	精确	4	122210	658	8	31	lore/wiki/gu/wisdom-gu.md
E:V4-122212	精确	4	122212	658	9	30	lore/wiki/log.md
E:V4-122214	精确	4	122214	658	10	52	lore/wiki/gu/wisdom-gu.md
E:V4-122218	精确	4	122218	658	12	28	lore/wiki/gu/wisdom-gu.md
E:V4-122222	模糊唯一(需复核)	4	122222	658	14	20	lore/wiki/log.md
E:V4-122224	精确	4	122224	658	15	17	lore/wiki/gu/wisdom-gu.md
E:V4-122304	精确	4	122304	658	55	84	lore/wiki/events/true-yang-collapse.md
E:V4-122600	精确	4	122600	660	47	75	lore/wiki/characters/he-lou-lan.md
E:V4-122654	精确	4	122654	660	74	39	lore/wiki/gu/human-atk-1-01-gu.md
E:V4-122778	精确	4	122778	661	60	44	lore/wiki/gu/heaven-atk-5-07-gu.md
E:V4-122780	精确	4	122780	661	61	16	lore/wiki/events/true-yang-collapse.md
E:V4-122790	精确	4	122790	661	66	26	lore/wiki/events/true-yang-collapse.md
E:V4-122848	精确	4	122848	662	15	61	lore/wiki/gu/spring-autumn-cicada-gu.md
E:V4-123028	精确	4	123028	663	11	75	lore/wiki/events/true-yang-collapse.md
E:V4-123184	精确	4	123184	664	14	34	lore/wiki/gu/soul-atk-1-02-gu.md
E:V4-123190	精确	4	123190	664	17	135	lore/wiki/gu/soul-atk-1-02-gu.md
E:V4-123192	精确	4	123192	664	18	41	lore/wiki/gu/soul-atk-1-02-gu.md
E:V4-123194	精确	4	123194	664	19	16	lore/wiki/gu/soul-atk-1-02-gu.md
E:V4-123196	精确	4	123196	664	20	47	lore/wiki/gu/soul-atk-1-02-gu.md
E:V4-123198	精确	4	123198	664	21	21	lore/wiki/gu/soul-atk-1-02-gu.md
E:V4-123238	精确	4	123238	664	41	79	lore/wiki/gu/luck-atk-1-03-gu.md
E:V4-123276	精确	4	123276	664	60	77	lore/wiki/events/true-yang-collapse.md
E:V4-123356	精确	4	123356	665	25	24	lore/wiki/gu/human-def-1-32-gu.md
E:V4-123358	精确	4	123358	665	26	57	lore/wiki/gu/human-def-1-32-gu.md
E:V4-123360	精确	4	123360	665	27	31	lore/wiki/gu/human-def-1-32-gu.md
E:V4-123374	精确	4	123374	665	34	61	lore/wiki/gu/soul-atk-1-02-gu.md
E:V4-123376	精确	4	123376	665	35	24	lore/wiki/gu/soul-atk-1-02-gu.md
E:V4-123388	精确	4	123388	665	41	18	lore/wiki/gu/soul-atk-1-02-gu.md
E:V4-123420	精确	4	123420	665	57	74	lore/wiki/tools/benchmark-zyl.md
E:V4-123432	精确	4	123432	665	63	41	lore/wiki/world/gu-care-and-refinement.md
E:V4-123450	精确	4	123450	665	72	54	lore/wiki/rules/refinement.md
E:V4-123492	精确	4	123492	666	9	79	lore/wiki/world/gu-care-and-refinement.md
E:V4-123500	精确	4	123500	666	13	34	lore/wiki/gu/wisdom-gu.md
E:V4-123502	精确	4	123502	666	14	52	lore/wiki/gu/wisdom-gu.md
E:V4-123504	精确	4	123504	666	15	35	lore/wiki/gu/wisdom-gu.md
E:V4-123568	精确	4	123568	666	45	67	lore/wiki/gu/moonlight-gu.md
E:V4-123706	精确	4	123706	667	44	12	lore/wiki/world/economy-roster.md
E:V4-123708	精确	4	123708	667	45	78	lore/wiki/tools/benchmark-qms.md
E:V4-123776	精确	4	123776	668	4	26	lore/wiki/characters/fang-yuan.md
E:V4-123804	精确	4	123804	668	18	50	lore/wiki/gu/bone-def-3-01-gu.md
E:V4-123818	精确	4	123818	668	25	51	lore/wiki/rules/killer-moves.md
E:V4-123856	精确	4	123856	668	44	80	lore/wiki/gu/roster-3.md
E:V4-123888	精确	4	123888	668	60	31	lore/wiki/world/economy-roster.md
E:V4-124284	精确	4	124284	671	54	57	lore/wiki/events/true-yang-collapse.md
E:V4-124294	精确	4	124294	671	59	65	lore/wiki/rules/refinement.md
E:V4-124308	精确	4	124308	671	66	47	lore/wiki/gu/wisdom-gu.md
E:V4-124314	精确	4	124314	671	69	35	lore/wiki/rules/killer-moves.md
E:V4-124328	精确	4	124328	671	76	69	lore/wiki/gu/wisdom-gu.md
E:V4-124330	精确	4	124330	671	77	58	lore/wiki/tools/benchmark-zyl.md
E:V4-124430	精确	4	124430	672	43	38	lore/wiki/rules/killer-moves.md
E:V4-124474	精确	4	124474	672	65	52	lore/wiki/characters/fang-yuan.md
E:V4-124538	精确	4	124538	673	27	25	lore/wiki/log.md
E:V4-124558	精确	4	124558	673	37	20	lore/wiki/gu/soul-atk-1-02-gu.md
E:V4-124564	精确	4	124564	673	40	144	lore/wiki/gu/soul-atk-1-02-gu.md
E:V4-124596	精确	4	124596	673	56	17	lore/wiki/events/true-yang-collapse.md
E:V4-124902	精确	4	124902	675	59	12	lore/wiki/events/true-yang-collapse.md
E:V4-125262	精确	4	125262	677	32	32	lore/wiki/tools/benchmark-zyl.md
E:V4-125320	精确	4	125320	677	61	46	lore/wiki/rules/killer-moves.md
E:V4-125514	精确	4	125514	678	67	38	lore/wiki/rules/killer-moves.md
E:V4-125528	精确	4	125528	678	74	26	lore/wiki/rules/killer-moves.md
E:V4-125532	精确	4	125532	678	76	68	lore/wiki/events/true-yang-collapse.md
E:V4-125614	精确	4	125614	679	32	63	lore/wiki/gu/human-def-1-32-gu.md
E:V4-125624	精确	4	125624	679	37	132	lore/wiki/gu/human-def-1-32-gu.md
E:V4-125666	精确	4	125666	679	58	23	lore/wiki/gu/roster-3.md
E:V4-125742	精确	4	125742	680	34	26	lore/wiki/gu/human-def-1-32-gu.md
E:V4-126052	精确	4	126052	682	24	70	lore/wiki/events/true-yang-collapse.md
E:V4-126106	精确	4	126106	682	51	64	lore/wiki/gu/soul-atk-1-02-gu.md
E:V4-126204	精确	4	126204	683	18	26	lore/wiki/gu/wisdom-gu.md
E:V4-126226	精确	4	126226	683	29	29	lore/wiki/gu/wisdom-gu.md
E:V4-126420	精确	4	126420	684	38	72	lore/wiki/tools/benchmark-zyl.md
E:V4-126568	模糊唯一(需复核)	4	126568	685	40	20	lore/wiki/rules/killer-moves.md
E:V4-126670	模糊唯一(需复核)	4	126670	685	91	20	lore/wiki/characters/he-lou-lan.md
E:V4-126838	精确	4	126838	686	76	16	lore/wiki/events/true-yang-collapse.md
E:V4-126882	精确	4	126882	687	4	100	lore/wiki/characters/fang-yuan.md
E:V4-127016	精确	4	127016	687	71	108	lore/wiki/events/true-yang-collapse.md
E:V4-127044	精确	4	127044	688	9	99	lore/wiki/rules/path-realms.md
E:V4-127048	精确	4	127048	688	11	50	lore/wiki/rules/path-realms.md
E:V4-127052	精确	4	127052	688	13	74	lore/wiki/rules/path-realms.md
E:V4-127198	精确	4	127198	689	12	35	lore/wiki/characters/fang-yuan.md
E:V4-127404	精确	4	127404	690	27	50	lore/wiki/gu/human-def-1-32-gu.md
E:V4-127450	重复(无法唯一)	4	127450			5	lore/wiki/events/true-yang-collapse.md
E:V4-127594	精确	4	127594	691	18	89	lore/wiki/characters/he-lou-lan.md
E:V4-127666	精确	4	127666	691	54	111	lore/wiki/gu/human-def-1-32-gu.md
E:V4-127670	精确	4	127670	691	56	92	lore/wiki/events/true-yang-collapse.md
E:V4-127856	精确	4	127856	693	2	111	lore/wiki/events/true-yang-collapse.md
E:V4-127938	精确	4	127938	693	43	31	lore/wiki/tools/benchmark-zyl.md
E:V4-128004	精确	4	128004	694	8	59	lore/wiki/gu/soul-atk-1-02-gu.md
E:V4-128016	精确	4	128016	694	14	20	lore/wiki/gu/luck-atk-1-03-gu.md
E:V4-128018	精确	4	128018	694	15	51	lore/wiki/gu/soul-atk-1-02-gu.md
E:V4-128088	精确	4	128088	694	50	80	lore/wiki/gu/roster-3.md
E:V4-128094	精确	4	128094	694	53	132	lore/wiki/gu/roster-3.md
E:V4-128120	精确	4	128120	694	66	56	lore/wiki/gu/soul-atk-1-02-gu.md
E:V4-128308	精确	4	128308	695	77	127	lore/wiki/events/true-yang-collapse.md
E:V4-128412	精确	4	128412	695	129	21	lore/wiki/gu/soul-atk-1-02-gu.md
E:V4-128586	精确	4	128586	696	80	54	lore/wiki/gu/soul-atk-1-02-gu.md
E:V4-128588	精确	4	128588	696	81	25	lore/wiki/gu/soul-atk-1-02-gu.md
E:V4-129100	精确	4	129100	700	54	39	lore/wiki/events/true-yang-collapse.md
E:V4-129376	精确	4	129376	702	13	51	lore/wiki/gu/slave-atk-1-03-gu.md
E:V4-129410	精确	4	129410	702	30	33	lore/wiki/events/true-yang-collapse.md
E:V4-129458	精确	4	129458	702	54	41	lore/wiki/tools/benchmark-zyl.md
E:V4-129536	精确	4	129536	703	21	89	lore/wiki/events/true-yang-collapse.md
E:V4-129832	精确	4	129832	704	82	38	lore/wiki/events/true-yang-collapse.md
E:V4-130034	精确	4	130034	706	11	87	lore/wiki/events/true-yang-collapse.md
E:V4-130062	精确	4	130062	706	25	93	lore/wiki/events/true-yang-collapse.md
E:V4-130064	精确	4	130064	706	26	21	lore/wiki/gu/human-def-1-32-gu.md
E:V4-130242	精确	4	130242	707	41	86	lore/wiki/events/true-yang-collapse.md
E:V4-130340	精确	4	130340	708	20	42	lore/wiki/events/true-yang-collapse.md
E:V4-130454	精确	4	130454	708	77	9	lore/wiki/characters/fang-yuan.md
E:V4-130504	精确	4	130504	709	19	83	lore/wiki/gu/human-def-1-32-gu.md
E:V4-130560	精确	4	130560	709	47	142	lore/wiki/gu/human-def-1-32-gu.md
E:V4-130570	精确	4	130570	709	52	14	lore/wiki/gu/human-def-1-32-gu.md
E:V4-130634	精确	4	130634	710	20	64	lore/wiki/gu/human-def-1-32-gu.md
E:V4-130674	精确	4	130674	710	40	156	lore/wiki/gu/human-def-1-32-gu.md
E:V4-130694	精确	4	130694	710	50	52	lore/wiki/gu/soul-atk-1-02-gu.md
E:V4-130782	精确	4	130782	711	30	35	lore/wiki/events/true-yang-collapse.md
E:V4-130914	精确	4	130914	712	10	37	lore/wiki/events/true-yang-collapse.md
E:V4-130980	精确	4	130980	712	43	52	lore/wiki/log.md
E:V4-130982	精确	4	130982	712	44	81	lore/wiki/log.md
E:V4-131086	精确	4	131086	713	19	24	lore/wiki/tools/benchmark-zyl.md
E:V4-131244	精确	4	131244	714	18	53	lore/wiki/events/true-yang-collapse.md
E:V4-131340	精确	4	131340	714	66	55	lore/wiki/gu/human-def-1-32-gu.md
E:V4-131352	精确	4	131352	714	72	58	lore/wiki/gu/human-def-1-32-gu.md
E:V4-131610	精确	4	131610	716	30	100	lore/wiki/rules/dao-marks.md
E:V4-131612	精确	4	131612	716	31	93	lore/wiki/rules/dao-marks.md
E:V4-132108	精确	4	132108	719	15	47	lore/wiki/events/true-yang-collapse.md
E:V4-132150	精确	4	132150	719	36	71	lore/wiki/events/true-yang-collapse.md
E:V4-132322	精确	4	132322	720	45	114	lore/wiki/rules/killer-moves.md
E:V4-133072	精确	4	133072	724	68	58	lore/wiki/events/true-yang-collapse.md
E:V4-133100	精确	4	133100	724	82	36	lore/wiki/tools/benchmark-zyl.md
E:V4-133262	精确	4	133262	725	76	34	lore/wiki/tools/benchmark-zyl.md
E:V4-133340	精确	4	133340	726	36	42	lore/wiki/events/true-yang-collapse.md
E:V4-133456	精确	4	133456	727	14	88	lore/wiki/tools/benchmark-zyl.md
E:V4-133684	精确	4	133684	728	30	88	lore/wiki/events/true-yang-collapse.md
E:V4-133866	精确	4	133866	729	25	30	lore/wiki/events/true-yang-collapse.md
E:V4-134012	精确	4	134012	730	11	90	lore/wiki/events/true-yang-collapse.md
E:V4-134168	精确	4	134168	731	17	31	lore/wiki/tools/benchmark-xq.md
E:V4-134258	精确	4	134258	731	62	78	lore/wiki/events/true-yang-collapse.md
E:V4-134310	精确	4	134310	732	20	154	lore/wiki/rules/killer-moves.md
E:V4-134396	精确	4	134396	732	63	29	lore/wiki/events/true-yang-collapse.md
E:V4-134522	精确	4	134522	733	55	86	lore/wiki/gu/soul-atk-1-02-gu.md
E:V4-134772	精确	4	134772	735	19	53	lore/wiki/rules/dream-path.md
E:V4-134774	精确	4	134774	735	20	22	lore/wiki/rules/dream-path.md
E:V4-134776	精确	4	134776	735	21	71	lore/wiki/tools/benchmark-rules.md
E:V4-134782	精确	4	134782	735	24	161	lore/wiki/rules/dream-path.md
E:V4-134786	精确	4	134786	735	26	50	lore/wiki/rules/dream-path.md
E:V4-134806	精确	4	134806	735	36	57	lore/wiki/tools/benchmark-zyl.md
E:V4-134818	精确	4	134818	735	42	53	lore/wiki/rules/dream-path.md
E:V4-134820	精确	4	134820	735	43	16	lore/wiki/rules/dream-path.md
E:V4-134876	精确	4	134876	736	6	22	lore/wiki/tools/benchmark-zyl.md
E:V4-134916	精确	4	134916	736	26	72	lore/wiki/events/true-yang-collapse.md
E:V4-135020	精确	4	135020	737	1	32	lore/wiki/log.md
E:V4-135022	精确	4	135022	737	2	67	lore/wiki/rules/killer-moves.md
E:V4-135024	精确	4	135024	737	3	21	lore/wiki/gu/gu-relations.md
E:V4-135026	精确	4	135026	737	4	63	lore/wiki/gu/gu-relations.md
E:V4-135028	精确	4	135028	737	5	68	lore/wiki/gu/gu-relations.md
E:V4-135078	精确	4	135078	737	30	31	lore/wiki/gu/soul-atk-1-02-gu.md
E:V4-135198	精确	4	135198	738	3	25	lore/wiki/rules/killer-moves.md
E:V4-135202	精确	4	135202	738	5	42	lore/wiki/log.md
E:V4-135248	精确	4	135248	738	28	23	lore/wiki/gu/human-def-1-32-gu.md
E:V4-135256	精确	4	135256	738	32	42	lore/wiki/gu/human-def-1-32-gu.md
E:V4-135704	精确	4	135704	741	25	45	lore/wiki/tools/benchmark-rules.md
E:V4-135706	精确	4	135706	741	26	30	lore/wiki/rules/tribulation.md
E:V4-135708	精确	4	135708	741	27	58	lore/wiki/rules/tribulation.md
E:V4-135710	精确	4	135710	741	28	36	lore/wiki/rules/tribulation.md
E:V4-135806	精确	4	135806	742	1	4	lore/wiki/log.md
E:V4-136032	精确	4	136032	743	36	86	lore/wiki/events/zangmeng-ambush.md
E:V4-136280	精确	4	136280	744	71	61	lore/wiki/gu/human-def-1-32-gu.md
E:V4-136298	精确	4	136298	745	3	43	lore/wiki/log.md
E:V4-136326	精确	4	136326	745	17	37	lore/wiki/characters/roster.md
E:V4-136334	精确	4	136334	745	21	84	lore/wiki/events/zangmeng-ambush.md
E:V4-136368	精确	4	136368	745	38	11	lore/wiki/gu/human-def-1-32-gu.md
E:V4-136370	精确	4	136370	745	39	16	lore/wiki/gu/human-def-1-32-gu.md
E:V4-136372	精确	4	136372	745	40	36	lore/wiki/gu/human-def-1-32-gu.md
E:V4-136374	精确	4	136374	745	41	9	lore/wiki/gu/human-def-1-32-gu.md
E:V4-136376	精确	4	136376	745	42	60	lore/wiki/gu/human-def-1-32-gu.md
E:V4-136378	精确	4	136378	745	43	37	lore/wiki/gu/human-def-1-32-gu.md
E:V4-136438	精确	4	136438	746	2	33	lore/wiki/gu/human-def-1-32-gu.md
E:V4-136548	精确	4	136548	746	57	11	lore/wiki/rules/tribulation.md
E:V4-136552	精确	4	136552	746	59	27	lore/wiki/tools/benchmark-rules.md
E:V4-136556	精确	4	136556	746	61	50	lore/wiki/tools/benchmark-xq.md
E:V4-136620	精确	4	136620	747	15	91	lore/wiki/events/zangmeng-ambush.md
E:V4-136934	精确	4	136934	749	25	69	lore/wiki/gu/soul-atk-1-02-gu.md
E:V4-136940	精确	4	136940	749	28	29	lore/wiki/gu/soul-atk-1-02-gu.md
E:V4-137172	精确	4	137172	750	67	106	lore/wiki/log.md
E:V4-137954	精确	4	137954	755	36	20	lore/wiki/events/zangmeng-ambush.md
E:V4-138032	精确	4	138032	755	75	36	lore/wiki/gu/force-atk-1-05-gu.md
E:V4-138036	精确	4	138036	755	77	32	lore/wiki/gu/force-atk-1-05-gu.md
E:V4-138038	精确	4	138038	755	78	39	lore/wiki/gu/force-atk-1-05-gu.md
E:V4-138040	精确	4	138040	755	79	61	lore/wiki/gu/force-atk-1-05-gu.md
E:V4-138684	精确	4	138684	759	58	35	lore/wiki/rules/dao-marks.md
E:V4-138686	精确	4	138686	759	59	41	lore/wiki/rules/dao-marks.md
E:V4-138690	精确	4	138690	759	61	32	lore/wiki/rules/dao-marks.md
E:V4-138692	精确	4	138692	759	62	55	lore/wiki/tools/benchmark-rules.md
E:V4-138700	精确	4	138700	759	66	29	lore/wiki/rules/tribulation.md
E:V4-138704	精确	4	138704	759	68	28	lore/wiki/tools/benchmark-rules.md
E:V4-138706	精确	4	138706	759	69	88	lore/wiki/rules/dao-marks.md
E:V4-139030	精确	4	139030	761	22	34	lore/wiki/rules/killer-moves.md
E:V4-139052	精确	4	139052	761	33	26	lore/wiki/events/zangmeng-ambush.md
E:V4-139204	精确	4	139204	762	16	32	lore/wiki/rules/dao-marks.md
E:V4-139206	精确	4	139206	762	17	43	lore/wiki/tools/benchmark-rules.md
E:V4-139558	精确	4	139558	764	24	12	lore/wiki/rules/dream-path.md
E:V4-139560	精确	4	139560	764	25	59	lore/wiki/tools/benchmark-rules.md
E:V4-139572	精确	4	139572	764	31	36	lore/wiki/rules/dream-path.md
E:V4-139576	精确	4	139576	764	33	39	lore/wiki/rules/killer-moves.md
E:V4-139584	精确	4	139584	764	37	31	lore/wiki/log.md
E:V4-139590	精确	4	139590	764	40	42	lore/wiki/rules/dream-path.md
E:V4-139880	精确	4	139880	766	13	71	lore/wiki/gu/human-def-1-32-gu.md
E:V4-139888	精确	4	139888	766	17	60	lore/wiki/gu/human-def-1-32-gu.md
E:V4-139890	精确	4	139890	766	18	36	lore/wiki/gu/human-def-1-32-gu.md
E:V4-139892	精确	4	139892	766	19	30	lore/wiki/gu/human-def-1-32-gu.md
E:V4-139894	精确	4	139894	766	20	45	lore/wiki/gu/human-def-1-32-gu.md
E:V4-139896	精确	4	139896	766	21	22	lore/wiki/gu/human-def-1-32-gu.md
E:V4-140090	精确	4	140090	768	1	117	lore/wiki/log.md
E:V4-140096	精确	4	140096	768	4	82	lore/wiki/characters/roster.md
E:V4-140150	精确	4	140150	768	31	24	lore/wiki/rules/dream-path.md
E:V4-140154	精确	4	140154	768	33	21	lore/wiki/tools/benchmark-rules.md
E:V4-140222	精确	4	140222	768	67	29	lore/wiki/gu/human-def-1-32-gu.md
E:V4-140228	精确	4	140228	769	1	22	lore/wiki/gu/human-def-1-32-gu.md
E:V4-140230	精确	4	140230	769	2	37	lore/wiki/gu/human-def-1-32-gu.md
E:V4-140234	精确	4	140234	769	4	22	lore/wiki/gu/human-def-1-32-gu.md
E:V4-140260	精确	4	140260	769	17	77	lore/wiki/gu/heaven-atk-5-07-gu.md
E:V4-140264	精确	4	140264	769	19	40	lore/wiki/gu/heaven-atk-5-07-gu.md
E:V4-140266	精确	4	140266	769	20	19	lore/wiki/gu/heaven-atk-5-07-gu.md
E:V4-140384	精确	4	140384	770	13	103	lore/wiki/characters/roster.md
E:V4-140404	精确	4	140404	770	23	99	lore/wiki/characters/roster.md
E:V4-140412	精确	4	140412	770	27	80	lore/wiki/log.md
E:V4-140434	精确	4	140434	770	38	114	lore/wiki/events/zangmeng-ambush.md
E:V4-140700	精确	4	140700	772	3	72	lore/wiki/events/zangmeng-ambush.md
E:V4-140704	精确	4	140704	772	5	26	lore/wiki/log.md
E:V4-140872	精确	4	140872	772	89	33	lore/wiki/rules/dream-path.md
E:V4-140876	精确	4	140876	772	91	34	lore/wiki/tools/benchmark-rules.md
E:V4-140974	精确	4	140974	773	47	39	lore/wiki/log.md
E:V4-140978	精确	4	140978	773	49	132	lore/wiki/world/shadow-sect.md
E:V4-140980	精确	4	140980	773	50	122	lore/wiki/world/shadow-sect.md
E:V4-141114	精确	4	141114	774	33	119	lore/wiki/events/zangmeng-ambush.md
E:V4-141138	精确	4	141138	774	45	168	lore/wiki/characters/roster-2.md
E:V4-141144	精确	4	141144	774	48	40	lore/wiki/characters/roster-2.md
E:V4-141156	精确	4	141156	774	54	95	lore/wiki/characters/roster-2.md
E:V4-141492	精确	4	141492	776	62	23	lore/wiki/characters/he-lou-lan.md
E:V4-141588	精确	4	141588	777	15	39	lore/wiki/rules/dream-path.md
E:V4-141592	精确	4	141592	777	17	78	lore/wiki/tools/benchmark-rules.md
E:V4-142074	精确	4	142074	780	19	40	lore/wiki/gu/heaven-atk-5-07-gu.md
E:V4-142076	精确	4	142076	780	20	51	lore/wiki/gu/heaven-atk-5-07-gu.md
E:V4-142182	精确	4	142182	780	73	56	lore/wiki/rules/dao-marks.md
E:V4-142396	精确	4	142396	782	5	22	lore/wiki/events/zangmeng-ambush.md
E:V4-142732	精确	4	142732	783	75	7	lore/wiki/events/zangmeng-ambush.md
E:V4-142914	精确	4	142914	784	83	46	lore/wiki/gu/roster-3.md
E:V4-142918	精确	4	142918	784	85	16	lore/wiki/events/zangmeng-ambush.md
E:V4-143322	精确	4	143322	786	81	41	lore/wiki/events/zangmeng-ambush.md
E:V4-144650	精确	4	144650	794	25	57	lore/wiki/world/soul-path.md
E:V4-144660	精确	4	144660	794	30	24	lore/wiki/events/zangmeng-ambush.md
E:V4-144666	精确	4	144666	794	33	14	lore/wiki/events/zangmeng-ambush.md
E:V4-145070	精确	4	145070	796	45	63	lore/wiki/events/zangmeng-ambush.md
E:V4-146096	精确	4	146096	802	24	51	lore/wiki/gu/human-def-1-32-gu.md
E:V4-146442	精确	4	146442	804	18	46	lore/wiki/events/zangmeng-ambush.md
E:V4-146952	精确	4	146952	806	83	30	lore/wiki/events/zangmeng-ambush.md
E:V4-147146	精确	4	147146	807	81	54	lore/wiki/gu/human-atk-1-01-gu.md
E:V4-147308	精确	4	147308	808	69	14	lore/wiki/events/zangmeng-ambush.md
E:V4-147376	模糊唯一(需复核)	4	147376	808	103	16	lore/wiki/events/zangmeng-ambush.md
E:V4-147750	精确	4	147750	811	15	31	lore/wiki/events/zangmeng-ambush.md
E:V4-147854	精确	4	147854	811	67	37	lore/wiki/events/zangmeng-ambush.md
E:V4-148012	精确	4	148012	813	9	43	lore/wiki/events/zangmeng-ambush.md
E:V4-148056	精确	4	148056	813	31	87	lore/wiki/gu/soul-atk-1-02-gu.md
E:V4-148106	精确	4	148106	813	56	74	lore/wiki/events/zangmeng-ambush.md
E:V4-148250	精确	4	148250	814	64	143	lore/wiki/gu/human-def-1-32-gu.md
E:V4-148460	精确	4	148460	815	94	22	lore/wiki/events/zangmeng-ambush.md
E:V4-148568	精确	4	148568	816	47	31	lore/wiki/events/zangmeng-ambush.md
E:V4-148574	精确	4	148574	816	50	53	lore/wiki/gu/human-def-1-32-gu.md
E:V4-148576	精确	4	148576	816	51	48	lore/wiki/gu/human-def-1-32-gu.md
E:V4-148578	精确	4	148578	816	52	49	lore/wiki/gu/human-def-1-32-gu.md
E:V4-148580	精确	4	148580	816	53	70	lore/wiki/gu/human-def-1-32-gu.md
E:V4-148584	精确	4	148584	816	55	29	lore/wiki/log.md
E:V4-148586	精确	4	148586	816	56	29	lore/wiki/gu/human-def-1-32-gu.md
E:V4-148630	精确	4	148630	817	11	42	lore/wiki/gu/human-def-1-32-gu.md
E:V4-148654	重复(无法唯一)	4	148654			3	lore/wiki/events/zangmeng-ambush.md
E:V4-148666	精确	4	148666	817	29	51	lore/wiki/log.md
E:V4-148670	精确	4	148670	817	31	51	lore/wiki/gu/human-def-1-32-gu.md
E:V4-148784	精确	4	148784	818	21	66	lore/wiki/log.md
E:V4-148866	精确	4	148866	818	62	10	lore/wiki/gu/human-def-1-32-gu.md
E:V4-148868	精确	4	148868	818	63	42	lore/wiki/gu/human-def-1-32-gu.md
E:V4-148880	精确	4	148880	818	69	40	lore/wiki/gu/soul-atk-1-02-gu.md
E:V4-148920	精确	4	148920	819	7	31	lore/wiki/gu/soul-atk-1-02-gu.md
E:V4-148926	精确	4	148926	819	10	14	lore/wiki/gu/soul-atk-1-02-gu.md
E:V4-148930	精确	4	148930	819	12	44	lore/wiki/gu/soul-atk-1-02-gu.md
E:V4-148936	精确	4	148936	819	15	47	lore/wiki/gu/soul-atk-1-02-gu.md
E:V4-148946	精确	4	148946	819	20	30	lore/wiki/gu/soul-atk-1-02-gu.md
E:V4-148976	精确	4	148976	819	35	42	lore/wiki/events/zangmeng-ambush.md
E:V4-149106	精确	4	149106	820	12	55	lore/wiki/events/zangmeng-ambush.md
E:V4-149132	精确	4	149132	820	25	94	lore/wiki/rules/killer-moves.md
E:V4-149458	模糊唯一(需复核)	4	149458	822	28	20	lore/wiki/events/zangmeng-ambush.md
E:V4-149510	精确	4	149510	822	54	23	lore/wiki/characters/red-lotus.md
E:V4-149548	精确	4	149548	822	73	161	lore/wiki/rules/dao-marks.md
E:V4-149566	精确	4	149566	823	2	138	lore/wiki/events/zangmeng-ambush.md
E:V4-149574	精确	4	149574	823	6	126	lore/wiki/rules/dao-marks.md
E:V4-149584	精确	4	149584	823	11	68	lore/wiki/rules/dao-marks.md
E:V4-149586	精确	4	149586	823	12	175	lore/wiki/rules/dao-marks.md
E:V4-149588	精确	4	149588	823	13	99	lore/wiki/rules/dao-marks.md
E:V4-149590	精确	4	149590	823	14	17	lore/wiki/rules/dao-marks.md
E:V4-149598	精确	4	149598	823	18	94	lore/wiki/rules/dao-marks.md
E:V4-149614	精确	4	149614	823	26	97	lore/wiki/rules/killer-moves.md
E:V4-149774	精确	4	149774	824	50	51	lore/wiki/gu/soul-atk-1-02-gu.md
E:V4-149816	精确	4	149816	824	71	32	lore/wiki/events/zangmeng-ambush.md
E:V4-150142	精确	4	150142	826	50	19	lore/wiki/events/zangmeng-ambush.md
E:V4-150282	精确	4	150282	827	36	41	lore/wiki/gu/human-def-1-32-gu.md
E:V4-150406	精确	4	150406	828	26	49	lore/wiki/rules/dao-marks.md
E:V4-150438	精确	4	150438	828	42	44	lore/wiki/log.md
E:V4-150440	精确	4	150440	828	43	37	lore/wiki/rules/tribulation.md
E:V4-150524	精确	4	150524	829	15	16	lore/wiki/events/zangmeng-ambush.md
E:V4-150610	精确	4	150610	829	58	25	lore/wiki/events/zangmeng-ambush.md
E:V4-150642	精确	4	150642	830	1	7	lore/wiki/events/central-plain-refinement-conference.md
E:V4-150660	精确	4	150660	830	8	37	lore/wiki/events/central-plain-refinement-conference.md
E:V4-150694	精确	4	150694	830	25	97	lore/wiki/events/central-plain-refinement-conference.md
E:V4-150698	精确	4	150698	830	27	71	lore/wiki/tools/benchmark-cpr.md
E:V4-150706	精确	4	150706	830	31	105	lore/wiki/events/central-plain-refinement-conference.md
E:V4-150722	精确	4	150722	830	39	25	lore/wiki/characters/roster-2.md
E:V4-150724	精确	4	150724	830	40	97	lore/wiki/tools/benchmark-cpr.md
E:V4-150834	精确	4	150834	831	5	18	lore/wiki/tools/benchmark-cpr.md
E:V4-150838	精确	4	150838	831	7	36	lore/wiki/tools/benchmark-cpr.md
E:V4-150846	精确	4	150846	831	11	35	lore/wiki/tools/benchmark-cpr.md
E:V4-150878	精确	4	150878	831	27	39	lore/wiki/tools/benchmark-cpr.md
E:V4-150902	精确	4	150902	831	39	22	lore/wiki/tools/benchmark-cpr.md
E:V4-150910	精确	4	150910	831	43	25	lore/wiki/events/central-plain-refinement-conference.md
E:V4-150918	精确	4	150918	831	47	44	lore/wiki/events/central-plain-refinement-conference.md
E:V4-150926	精确	4	150926	831	51	31	lore/wiki/events/central-plain-refinement-conference.md
E:V4-150932	精确	4	150932	831	54	67	lore/wiki/events/central-plain-refinement-conference.md
E:V4-150936	精确	4	150936	831	56	38	lore/wiki/events/central-plain-refinement-conference.md
E:V4-150940	精确	4	150940	831	58	49	lore/wiki/tools/benchmark-cpr.md
E:V4-150942	精确	4	150942	831	59	26	lore/wiki/tools/benchmark-cpr.md
E:V4-150944	精确	4	150944	831	60	27	lore/wiki/events/central-plain-refinement-conference.md
E:V4-150956	精确	4	150956	831	66	14	lore/wiki/characters/roster-2.md
E:V4-150964	精确	4	150964	831	70	122	lore/wiki/events/central-plain-refinement-conference.md
E:V4-150984	精确	4	150984	831	80	11	lore/wiki/events/central-plain-refinement-conference.md
E:V4-150986	精确	4	150986	831	81	22	lore/wiki/tools/benchmark-cpr.md
E:V4-151004	精确	4	151004	832	4	23	lore/wiki/events/central-plain-refinement-conference.md
E:V4-151030	精确	4	151030	832	17	16	lore/wiki/events/central-plain-refinement-conference.md
E:V4-151042	精确	4	151042	832	23	18	lore/wiki/tools/benchmark-cpr.md
E:V4-151082	精确	4	151082	832	43	32	lore/wiki/events/central-plain-refinement-conference.md
E:V4-151098	精确	4	151098	832	51	40	lore/wiki/events/central-plain-refinement-conference.md
E:V4-151114	模糊唯一(需复核)	4	151114	832	59	20	lore/wiki/events/central-plain-refinement-conference.md
E:V4-151118	模糊唯一(需复核)	4	151118	832	61	20	lore/wiki/events/central-plain-refinement-conference.md
E:V4-151120	精确	4	151120	832	62	41	lore/wiki/gu/spring-autumn-cicada-gu.md
E:V4-151122	精确	4	151122	832	63	21	lore/wiki/tools/benchmark-cpr.md
E:V4-151134	精确	4	151134	832	69	47	lore/wiki/gu/spring-autumn-cicada-gu.md
E:V4-151148	精确	4	151148	832	76	67	lore/wiki/events/central-plain-refinement-conference.md
E:V4-151192	精确	4	151192	833	16	37	lore/wiki/events/central-plain-refinement-conference.md
E:V4-151194	精确	4	151194	833	17	21	lore/wiki/events/central-plain-refinement-conference.md
E:V4-151198	精确	4	151198	833	19	44	lore/wiki/events/central-plain-refinement-conference.md
E:V4-151200	精确	4	151200	833	20	106	lore/wiki/gu/fire-atk-2-01-gu.md
E:V4-151202	精确	4	151202	833	21	47	lore/wiki/gu/fire-atk-2-01-gu.md
E:V4-151206	精确	4	151206	833	23	105	lore/wiki/gu/fire-atk-2-01-gu.md
E:V4-151208	精确	4	151208	833	24	39	lore/wiki/gu/fire-atk-2-01-gu.md
E:V4-151210	精确	4	151210	833	25	37	lore/wiki/gu/fire-atk-2-01-gu.md
E:V4-151216	精确	4	151216	833	28	38	lore/wiki/events/central-plain-refinement-conference.md
E:V4-151220	精确	4	151220	833	30	56	lore/wiki/events/central-plain-refinement-conference.md
E:V4-151226	精确	4	151226	833	33	70	lore/wiki/tools/benchmark-cpr.md
E:V4-151254	精确	4	151254	833	47	66	lore/wiki/gu/fire-atk-2-01-gu.md
E:V4-151256	精确	4	151256	833	48	41	lore/wiki/tools/benchmark-cpr.md
E:V4-151272	精确	4	151272	833	56	49	lore/wiki/gu/fire-atk-2-01-gu.md
E:V4-151274	精确	4	151274	833	57	25	lore/wiki/gu/fire-atk-2-01-gu.md
E:V4-151278	精确	4	151278	833	59	16	lore/wiki/gu/fire-atk-2-01-gu.md
E:V4-151298	精确	4	151298	833	69	21	lore/wiki/gu/fire-atk-2-01-gu.md
E:V4-151314	精确	4	151314	834	2	96	lore/wiki/gu/fire-atk-2-01-gu.md
E:V4-151352	精确	4	151352	834	21	30	lore/wiki/events/central-plain-refinement-conference.md
E:V4-151390	精确	4	151390	834	40	35	lore/wiki/events/central-plain-refinement-conference.md
E:V4-151410	精确	4	151410	834	50	45	lore/wiki/events/central-plain-refinement-conference.md
E:V4-151510	精确	4	151510	835	38	41	lore/wiki/events/central-plain-refinement-conference.md
E:V4-151532	精确	4	151532	835	49	57	lore/wiki/events/central-plain-refinement-conference.md
E:V4-151534	精确	4	151534	835	50	53	lore/wiki/events/central-plain-refinement-conference.md
E:V4-151548	重复(无法唯一)	4	151548			7	lore/wiki/events/central-plain-refinement-conference.md
E:V4-151672	重复(无法唯一)	4	151672			13	lore/wiki/events/central-plain-refinement-conference.md
E:V4-151686	重复(无法唯一)	4	151686			36	lore/wiki/events/central-plain-refinement-conference.md
E:V4-151696	重复(无法唯一)	4	151696			104	lore/wiki/log.md
E:V4-151760	精确	4	151760	838	24	52	lore/wiki/events/central-plain-refinement-conference.md
E:V4-151796	精确	4	151796	838	42	22	lore/wiki/events/central-plain-refinement-conference.md
E:V4-151842	精确	4	151842	838	65	21	lore/wiki/tools/benchmark-cpr.md
E:V4-151844	精确	4	151844	838	66	24	lore/wiki/tools/benchmark-cpr.md
E:V4-151850	精确	4	151850	838	69	32	lore/wiki/events/central-plain-refinement-conference.md
E:V4-151856	精确	4	151856	838	72	117	lore/wiki/tools/benchmark-cpr.md
E:V4-151866	精确	4	151866	838	77	35	lore/wiki/tools/benchmark-cpr.md
E:V4-151878	精确	4	151878	838	83	23	lore/wiki/characters/roster-2.md
E:V4-151880	精确	4	151880	838	84	18	lore/wiki/tools/benchmark-cpr.md
E:V4-151884	精确	4	151884	838	86	138	lore/wiki/tools/benchmark-cpr.md
E:V4-151886	精确	4	151886	838	87	22	lore/wiki/tools/benchmark-cpr.md
E:V4-151902	精确	4	151902	839	4	28	lore/wiki/events/central-plain-refinement-conference.md
E:V4-151966	精确	4	151966	839	36	45	lore/wiki/events/central-plain-refinement-conference.md
E:V4-151980	精确	4	151980	839	43	35	lore/wiki/rules/killer-moves.md
E:V4-151982	精确	4	151982	839	44	43	lore/wiki/rules/killer-moves.md
E:V4-151986	精确	4	151986	839	46	32	lore/wiki/rules/killer-moves.md
E:V4-151994	精确	4	151994	839	50	25	lore/wiki/rules/killer-moves.md
E:V4-152000	精确	4	152000	839	53	75	lore/wiki/rules/killer-moves.md
E:V4-152008	精确	4	152008	839	57	21	lore/wiki/rules/killer-moves.md
E:V4-152010	精确	4	152010	839	58	50	lore/wiki/rules/dao-marks.md
E:V4-152024	精确	4	152024	839	65	22	lore/wiki/tools/benchmark-cpr.md
E:V4-152036	精确	4	152036	839	71	53	lore/wiki/events/central-plain-refinement-conference.md
E:V4-152086	精确	4	152086	840	18	26	lore/wiki/events/central-plain-refinement-conference.md
E:V4-152186	精确	4	152186	840	68	9	lore/wiki/events/central-plain-refinement-conference.md
E:V4-152200	精确	4	152200	840	75	16	lore/wiki/events/central-plain-refinement-conference.md
E:V4-152202	精确	4	152202	840	76	31	lore/wiki/events/central-plain-refinement-conference.md
E:V4-152226	精确	4	152226	841	4	33	lore/wiki/events/central-plain-refinement-conference.md
E:V4-152240	精确	4	152240	841	11	68	lore/wiki/characters/roster-2.md
E:V4-152242	精确	4	152242	841	12	49	lore/wiki/tools/benchmark-cpr.md
E:V4-152328	精确	4	152328	841	55	49	lore/wiki/rules/dream-path.md
E:V4-152332	精确	4	152332	841	57	41	lore/wiki/events/central-plain-refinement-conference.md
E:V4-152334	精确	4	152334	841	58	78	lore/wiki/events/central-plain-refinement-conference.md
E:V4-152338	精确	4	152338	841	60	64	lore/wiki/events/central-plain-refinement-conference.md
E:V4-152356	精确	4	152356	841	69	74	lore/wiki/events/central-plain-refinement-conference.md
E:V4-152398	精确	4	152398	842	14	20	lore/wiki/characters/roster-2.md
E:V4-152400	精确	4	152400	842	15	45	lore/wiki/tools/benchmark-cpr.md
E:V4-152522	精确	4	152522	842	76	46	lore/wiki/events/central-plain-refinement-conference.md
E:V4-152540	精确	4	152540	843	1	52	lore/wiki/events/central-plain-refinement-conference.md
E:V4-152544	精确	4	152544	843	3	29	lore/wiki/events/central-plain-refinement-conference.md
E:V4-152554	精确	4	152554	843	8	38	lore/wiki/events/central-plain-refinement-conference.md
E:V4-152738	精确	4	152738	844	12	18	lore/wiki/events/central-plain-refinement-conference.md
E:V4-152740	精确	4	152740	844	13	25	lore/wiki/events/central-plain-refinement-conference.md
E:V4-152742	精确	4	152742	844	14	12	lore/wiki/tools/benchmark-cpr.md
E:V4-152746	精确	4	152746	844	16	36	lore/wiki/events/central-plain-refinement-conference.md
E:V4-152748	精确	4	152748	844	17	25	lore/wiki/tools/benchmark-cpr.md
E:V4-152752	精确	4	152752	844	19	24	lore/wiki/tools/benchmark-cpr.md
E:V4-152764	精确	4	152764	844	25	35	lore/wiki/events/central-plain-refinement-conference.md
E:V4-152770	精确	4	152770	844	28	52	lore/wiki/tools/benchmark-cpr.md
E:V4-152772	精确	4	152772	844	29	44	lore/wiki/events/central-plain-refinement-conference.md
E:V4-152774	精确	4	152774	844	30	37	lore/wiki/events/central-plain-refinement-conference.md
E:V4-152776	精确	4	152776	844	31	8	lore/wiki/events/central-plain-refinement-conference.md
E:V4-152834	精确	4	152834	844	60	61	lore/wiki/rules/refinement.md
E:V4-152876	精确	4	152876	844	81	43	lore/wiki/events/central-plain-refinement-conference.md
E:V4-152898	精确	4	152898	845	6	65	lore/wiki/rules/path-realms.md
E:V4-152932	精确	4	152932	845	23	49	lore/wiki/events/central-plain-refinement-conference.md
E:V4-153000	精确	4	153000	845	57	36	lore/wiki/characters/fang-yuan.md
E:V4-153072	精确	4	153072	846	4	45	lore/wiki/tools/benchmark-cpr.md
E:V4-153074	精确	4	153074	846	5	12	lore/wiki/events/central-plain-refinement-conference.md
E:V4-153100	精确	4	153100	846	18	15	lore/wiki/events/central-plain-refinement-conference.md
E:V4-153110	精确	4	153110	846	23	34	lore/wiki/events/central-plain-refinement-conference.md
E:V4-153130	精确	4	153130	846	33	43	lore/wiki/events/central-plain-refinement-conference.md
E:V4-153160	精确	4	153160	846	48	27	lore/wiki/tools/benchmark-cpr.md
E:V4-153164	精确	4	153164	846	50	36	lore/wiki/tools/benchmark-cpr.md
E:V4-153184	精确	4	153184	846	60	23	lore/wiki/tools/benchmark-cpr.md
E:V4-153192	精确	4	153192	846	64	28	lore/wiki/gu/heaven-atk-5-07-gu.md
E:V4-153196	精确	4	153196	846	66	37	lore/wiki/gu/heaven-atk-5-07-gu.md
E:V4-153234	精确	4	153234	847	1	10	lore/wiki/tools/benchmark-cpr.md
E:V4-153258	精确	4	153258	847	13	39	lore/wiki/characters/roster-2.md
E:V4-153298	精确	4	153298	847	33	107	lore/wiki/events/central-plain-refinement-conference.md
E:V4-153404	精确	4	153404	847	86	77	lore/wiki/events/central-plain-refinement-conference.md
E:V4-153476	精确	4	153476	848	29	41	lore/wiki/events/central-plain-refinement-conference.md
E:V4-153478	精确	4	153478	848	30	26	lore/wiki/events/central-plain-refinement-conference.md
E:V4-153490	精确	4	153490	848	36	37	lore/wiki/events/central-plain-refinement-conference.md
E:V4-153492	精确	4	153492	848	37	34	lore/wiki/events/central-plain-refinement-conference.md
E:V4-153494	精确	4	153494	848	38	24	lore/wiki/events/central-plain-refinement-conference.md
E:V4-153500	精确	4	153500	848	41	48	lore/wiki/events/central-plain-refinement-conference.md
E:V4-153504	精确	4	153504	848	43	99	lore/wiki/log.md
E:V4-153506	精确	4	153506	848	44	118	lore/wiki/events/central-plain-refinement-conference.md
E:V4-153514	精确	4	153514	848	48	31	lore/wiki/events/central-plain-refinement-conference.md
E:V4-153538	精确	4	153538	848	60	123	lore/wiki/gu/human-atk-1-01-gu.md
E:V4-153580	精确	4	153580	848	81	25	lore/wiki/gu/human-atk-1-01-gu.md
E:V4-153586	精确	4	153586	848	84	92	lore/wiki/log.md
E:V4-153596	精确	4	153596	848	89	39	lore/wiki/events/central-plain-refinement-conference.md
E:V4-153600	精确	4	153600	848	91	27	lore/wiki/events/central-plain-refinement-conference.md
E:V4-153602	精确	4	153602	848	92	61	lore/wiki/events/central-plain-refinement-conference.md
E:V4-153606	精确	4	153606	849	1	4	lore/wiki/events/central-plain-refinement-conference.md
E:V4-153786	精确	4	153786	850	17	48	lore/wiki/events/central-plain-refinement-conference.md
E:V4-153812	精确	4	153812	850	30	36	lore/wiki/events/central-plain-refinement-conference.md
E:V4-153814	精确	4	153814	850	31	11	lore/wiki/log.md
E:V4-153816	精确	4	153816	850	32	24	lore/wiki/rules/dao-marks.md
E:V4-153822	精确	4	153822	850	35	46	lore/wiki/gu/fire-atk-2-01-gu.md
E:V4-153828	精确	4	153828	850	38	13	lore/wiki/events/central-plain-refinement-conference.md
E:V4-153830	精确	4	153830	850	39	56	lore/wiki/tools/benchmark-cpr.md
E:V4-153838	精确	4	153838	850	43	36	lore/wiki/events/central-plain-refinement-conference.md
E:V4-153840	精确	4	153840	850	44	59	lore/wiki/tools/benchmark-cpr.md
E:V4-153842	精确	4	153842	850	45	60	lore/wiki/events/central-plain-refinement-conference.md
E:V4-153846	精确	4	153846	850	47	54	lore/wiki/events/central-plain-refinement-conference.md
E:V4-153848	精确	4	153848	850	48	51	lore/wiki/tools/benchmark-cpr.md
E:V4-154026	精确	4	154026	851	41	16	lore/wiki/tools/benchmark-cpr.md
E:V4-154044	精确	4	154044	851	50	43	lore/wiki/tools/benchmark-cpr.md
E:V4-154050	精确	4	154050	851	53	24	lore/wiki/events/central-plain-refinement-conference.md
E:V4-154068	精确	4	154068	851	62	33	lore/wiki/events/central-plain-refinement-conference.md
E:V4-154070	精确	4	154070	851	63	83	lore/wiki/characters/roster-2.md
E:V4-154184	精确	4	154184	852	40	29	lore/wiki/tools/benchmark-cpr.md
E:V4-154196	精确	4	154196	852	46	62	lore/wiki/tools/benchmark-cpr.md
E:V4-154212	精确	4	154212	852	54	56	lore/wiki/characters/roster-2.md
E:V4-154216	精确	4	154216	852	56	18	lore/wiki/tools/benchmark-cpr.md
E:V4-154242	精确	4	154242	852	69	20	lore/wiki/tools/benchmark-cpr.md
E:V4-154254	精确	4	154254	852	75	70	lore/wiki/events/central-plain-refinement-conference.md
E:V4-154262	精确	4	154262	852	79	32	lore/wiki/events/central-plain-refinement-conference.md
E:V4-154298	精确	4	154298	853	1	8	lore/wiki/events/central-plain-refinement-conference.md
E:V4-154304	精确	4	154304	853	2	36	lore/wiki/characters/roster.md
E:V4-154340	精确	4	154340	853	20	62	lore/wiki/events/central-plain-refinement-conference.md
E:V4-154342	精确	4	154342	853	21	50	lore/wiki/events/central-plain-refinement-conference.md
E:V4-154346	精确	4	154346	853	23	72	lore/wiki/tools/benchmark-cpr.md
E:V4-154504	精确	4	154504	854	3	51	lore/wiki/tools/benchmark-cpr.md
E:V4-154506	精确	4	154506	854	4	14	lore/wiki/events/central-plain-refinement-conference.md
E:V4-154508	精确	4	154508	854	5	26	lore/wiki/tools/benchmark-cpr.md
E:V4-154512	精确	4	154512	854	7	48	lore/wiki/tools/benchmark-cpr.md
E:V4-154542	精确	4	154542	854	22	15	lore/wiki/events/central-plain-refinement-conference.md
E:V4-154640	精确	4	154640	854	71	45	lore/wiki/events/zangmeng-ambush.md
E:V4-154690	精确	4	154690	855	8	38	lore/wiki/events/central-plain-refinement-conference.md
E:V4-154734	精确	4	154734	855	30	97	lore/wiki/tools/benchmark-cpr.md
E:V4-154814	精确	4	154814	855	70	37	lore/wiki/events/central-plain-refinement-conference.md
E:V4-154816	精确	4	154816	855	71	15	lore/wiki/events/central-plain-refinement-conference.md
E:V4-154818	精确	4	154818	855	72	30	lore/wiki/events/central-plain-refinement-conference.md
E:V4-154824	精确	4	154824	855	75	111	lore/wiki/gu/soul-atk-1-02-gu.md
E:V4-154826	精确	4	154826	855	76	17	lore/wiki/characters/fang-yuan.md
E:V4-154830	精确	4	154830	855	78	35	lore/wiki/events/central-plain-refinement-conference.md
E:V4-154856	精确	4	154856	855	91	22	lore/wiki/tools/benchmark-cpr.md
E:V4-154944	精确	4	154944	856	37	56	lore/wiki/gu/roster-3.md
E:V4-154990	精确	4	154990	856	60	48	lore/wiki/log.md
E:V4-154994	模糊唯一(需复核)	4	154994	856	62	20	lore/wiki/gu/gu-relations.md
E:V4-154998	精确	4	154998	856	64	59	lore/wiki/log.md
E:V4-155000	精确	4	155000	856	65	30	lore/wiki/rules/refinement.md
E:V4-155002	模糊唯一(需复核)	4	155002	856	66	20	lore/wiki/log.md
E:V4-155028	重复(无法唯一)	4	155028			4	lore/wiki/tools/benchmark-cpr.md
E:V4-155118	精确	4	155118	857	35	58	lore/wiki/tools/benchmark-cpr.md
E:V4-155170	精确	4	155170	858	1	56	lore/wiki/events/central-plain-refinement-conference.md
E:V4-155248	精确	4	155248	858	40	49	lore/wiki/tools/benchmark-cpr.md
E:V4-155278	精确	4	155278	858	55	31	lore/wiki/gu/fire-atk-2-01-gu.md
E:V4-155280	精确	4	155280	858	56	102	lore/wiki/gu/fire-atk-2-01-gu.md
E:V4-155284	精确	4	155284	858	58	26	lore/wiki/gu/fire-atk-2-01-gu.md
E:V4-155290	精确	4	155290	858	61	45	lore/wiki/gu/fire-atk-2-01-gu.md
E:V4-155294	精确	4	155294	858	63	24	lore/wiki/gu/fire-atk-2-01-gu.md
E:V4-155326	精确	4	155326	858	79	17	lore/wiki/gu/fire-atk-2-01-gu.md
E:V4-155328	精确	4	155328	858	80	42	lore/wiki/gu/fire-atk-2-01-gu.md
E:V4-155338	精确	4	155338	858	85	28	lore/wiki/gu/fire-atk-2-01-gu.md
E:V4-155390	精确	4	155390	859	23	49	lore/wiki/tools/benchmark-cpr.md
E:V4-155398	精确	4	155398	859	27	36	lore/wiki/gu/fire-atk-2-01-gu.md
E:V4-155472	精确	4	155472	859	64	29	lore/wiki/tools/benchmark-cpr.md
E:V4-155482	精确	4	155482	859	69	28	lore/wiki/tools/benchmark-cpr.md
E:V4-155486	精确	4	155486	859	71	37	lore/wiki/tools/benchmark-cpr.md
E:V4-155492	精确	4	155492	859	74	25	lore/wiki/tools/benchmark-cpr.md
E:V4-155506	模糊唯一(需复核)	4	155506	859	81	20	lore/wiki/events/central-plain-refinement-conference.md
E:V4-155520	精确	4	155520	860	3	35	lore/wiki/tools/benchmark-cpr.md
E:V4-155530	精确	4	155530	860	8	47	lore/wiki/tools/benchmark-cpr.md
E:V4-155532	精确	4	155532	860	9	17	lore/wiki/events/central-plain-refinement-conference.md
E:V4-155536	精确	4	155536	860	11	32	lore/wiki/events/central-plain-refinement-conference.md
E:V4-155538	精确	4	155538	860	12	73	lore/wiki/events/central-plain-refinement-conference.md
E:V4-155540	精确	4	155540	860	13	42	lore/wiki/events/central-plain-refinement-conference.md
E:V4-155576	精确	4	155576	860	31	90	lore/wiki/events/central-plain-refinement-conference.md
E:V4-155596	精确	4	155596	860	41	26	lore/wiki/events/central-plain-refinement-conference.md
E:V4-155600	精确	4	155600	860	43	22	lore/wiki/tools/benchmark-cpr.md
E:V4-155602	精确	4	155602	860	44	35	lore/wiki/events/central-plain-refinement-conference.md
E:V4-155604	精确	4	155604	860	45	32	lore/wiki/characters/roster-2.md
E:V4-155606	精确	4	155606	860	46	81	lore/wiki/tools/benchmark-cpr.md
E:V4-155608	精确	4	155608	860	47	35	lore/wiki/tools/benchmark-cpr.md
E:V4-155616	精确	4	155616	860	51	38	lore/wiki/gu/blood-atk-3-03-gu.md
E:V4-155630	精确	4	155630	860	58	72	lore/wiki/events/central-plain-refinement-conference.md
E:V4-155632	精确	4	155632	860	59	19	lore/wiki/events/central-plain-refinement-conference.md
E:V4-155668	精确	4	155668	860	77	25	lore/wiki/tools/benchmark-cpr.md
E:V4-155680	精确	4	155680	860	83	45	lore/wiki/log.md
E:V4-155704	精确	4	155704	861	6	37	lore/wiki/events/central-plain-refinement-conference.md
E:V4-155708	精确	4	155708	861	8	26	lore/wiki/tools/benchmark-cpr.md
E:V4-155710	精确	4	155710	861	9	39	lore/wiki/events/central-plain-refinement-conference.md
E:V4-155712	精确	4	155712	861	10	46	lore/wiki/tools/benchmark-cpr.md
E:V4-155718	精确	4	155718	861	13	79	lore/wiki/events/central-plain-refinement-conference.md
E:V4-155726	精确	4	155726	861	17	17	lore/wiki/tools/benchmark-cpr.md
E:V4-155746	精确	4	155746	861	27	32	lore/wiki/events/central-plain-refinement-conference.md
E:V4-155770	精确	4	155770	861	39	15	lore/wiki/events/central-plain-refinement-conference.md
E:V4-155776	精确	4	155776	861	42	28	lore/wiki/tools/benchmark-cpr.md
E:V4-155778	重复(无法唯一)	4	155778			61	lore/wiki/events/central-plain-refinement-conference.md
E:V4-155808	精确	4	155808	861	58	23	lore/wiki/events/central-plain-refinement-conference.md
E:V4-155812	精确	4	155812	861	60	11	lore/wiki/tools/benchmark-cpr.md
E:V4-155836	精确	4	155836	861	72	33	lore/wiki/events/central-plain-refinement-conference.md
E:V4-155840	精确	4	155840	861	74	50	lore/wiki/events/central-plain-refinement-conference.md
E:V4-155882	精确	4	155882	862	9	50	lore/wiki/characters/roster-2.md
E:V4-155910	精确	4	155910	862	23	44	lore/wiki/events/central-plain-refinement-conference.md
E:V4-155914	精确	4	155914	862	25	121	lore/wiki/characters/roster-2.md
E:V4-155924	精确	4	155924	862	30	124	lore/wiki/characters/roster-2.md
E:V4-155930	精确	4	155930	862	33	43	lore/wiki/characters/roster-2.md
E:V4-156002	精确	4	156002	862	69	58	lore/wiki/world/gu-care-and-refinement.md
E:V4-156062	精确	4	156062	863	3	29	lore/wiki/log.md
E:V4-156110	精确	4	156110	863	27	36	lore/wiki/rules/refinement.md
E:V4-156138	精确	4	156138	863	41	153	lore/wiki/events/central-plain-refinement-conference.md
E:V4-156142	精确	4	156142	863	43	165	lore/wiki/events/central-plain-refinement-conference.md
E:V4-156152	精确	4	156152	863	48	243	lore/wiki/events/central-plain-refinement-conference.md
E:V4-156226	重复(无法唯一)	4	156226			17	lore/wiki/events/central-plain-refinement-conference.md
E:V4-156244	重复(无法唯一)	4	156244			88	lore/wiki/rules/refinement.md
E:V4-156440	精确	4	156440	864	111	29	lore/wiki/rules/refinement.md
E:V4-156442	精确	4	156442	864	112	50	lore/wiki/events/central-plain-refinement-conference.md
E:V4-156458	精确	4	156458	865	3	24	lore/wiki/events/central-plain-refinement-conference.md
E:V4-156584	精确	4	156584	865	66	22	lore/wiki/characters/roster-2.md
E:V4-156594	精确	4	156594	865	71	21	lore/wiki/tools/benchmark-cpr.md
E:V4-156628	精确	4	156628	866	2	50	lore/wiki/events/central-plain-refinement-conference.md
E:V4-156686	精确	4	156686	866	31	25	lore/wiki/events/central-plain-refinement-conference.md
E:V4-156692	精确	4	156692	866	34	87	lore/wiki/events/central-plain-refinement-conference.md
E:V4-156694	精确	4	156694	866	35	93	lore/wiki/events/central-plain-refinement-conference.md
E:V4-156698	精确	4	156698	866	37	64	lore/wiki/events/central-plain-refinement-conference.md
E:V4-156700	精确	4	156700	866	38	41	lore/wiki/events/central-plain-refinement-conference.md
E:V4-156712	精确	4	156712	866	44	62	lore/wiki/events/central-plain-refinement-conference.md
E:V4-156906	精确	4	156906	867	64	33	lore/wiki/events/zangmeng-ambush.md
E:V4-157030	重复(无法唯一)	4	157030			9	lore/wiki/events/zangmeng-ambush.md
E:V4-157068	精确	4	157068	868	35	77	lore/wiki/gu/human-def-1-32-gu.md
E:V4-157488	精确	4	157488	870	64	76	lore/wiki/events/zangmeng-ambush.md
E:V4-157896	精确	4	157896	872	63	50	lore/wiki/events/zangmeng-ambush.md
E:V4-157982	精确	4	157982	873	13	32	lore/wiki/gu/human-atk-1-01-gu.md
E:V4-157984	精确	4	157984	873	14	33	lore/wiki/gu/human-atk-1-01-gu.md
E:V4-157988	精确	4	157988	873	16	86	lore/wiki/gu/human-atk-1-01-gu.md
E:V4-158266	精确	4	158266	875	66	36	lore/wiki/events/zangmeng-ambush.md
E:V4-158298	精确	4	158298	875	82	20	lore/wiki/rules/killer-moves.md
E:V4-158412	精确	4	158412	876	44	81	lore/wiki/events/zangmeng-ambush.md
E:V4-158488	精确	4	158488	876	82	65	lore/wiki/rules/killer-moves.md
E:V4-158566	精确	4	158566	877	28	29	lore/wiki/rules/dao-marks.md
E:V4-158596	精确	4	158596	877	43	19	lore/wiki/events/zangmeng-ambush.md
E:V4-158776	精确	4	158776	878	37	30	lore/wiki/events/zangmeng-ambush.md
E:V4-159008	重复(无法唯一)	4	159008			116	lore/wiki/events/zangmeng-ambush.md
E:V4-159200	精确	4	159200	881	68	31	lore/wiki/events/zangmeng-ambush.md
E:V4-159474	精确	4	159474	883	7	54	lore/wiki/events/zangmeng-ambush.md
E:V4-159594	精确	4	159594	883	67	18	lore/wiki/events/zangmeng-ambush.md
E:V4-159688	精确	4	159688	884	14	104	lore/wiki/gu/roster-3.md
E:V4-159706	精确	4	159706	884	23	92	lore/wiki/events/zangmeng-ambush.md
E:V4-159712	精确	4	159712	884	26	17	lore/wiki/events/zangmeng-ambush.md
E:V4-159788	精确	4	159788	884	64	94	lore/wiki/events/zangmeng-ambush.md
E:V4-160074	精确	4	160074	886	24	12	lore/wiki/events/zangmeng-ambush.md
E:V4-160166	精确	4	160166	886	70	11	lore/wiki/COORDINATION.md
E:V4-160374	精确	4	160374	887	53	20	lore/wiki/events/zangmeng-ambush.md
E:V4-160402	精确	4	160402	887	67	37	lore/wiki/events/zangmeng-ambush.md
E:V4-160518	精确	4	160518	888	30	114	lore/wiki/events/zangmeng-ambush.md
E:V4-160764	精确	4	160764	889	61	73	lore/wiki/events/zangmeng-ambush.md
E:V4-160768	精确	4	160768	889	63	7	lore/wiki/rules/dao-marks.md
E:V4-160820	精确	4	160820	889	89	28	lore/wiki/events/zangmeng-ambush.md
E:V4-160976	精确	4	160976	890	74	99	lore/wiki/events/zangmeng-ambush.md
E:V4-161054	重复(无法唯一)	4	161054			7	lore/wiki/events/zangmeng-ambush.md
E:V4-161138	精确	4	161138	891	65	43	lore/wiki/rules/dao-marks.md
E:V4-161176	精确	4	161176	891	84	23	lore/wiki/events/zangmeng-ambush.md
E:V4-161264	未找到	4	161264			0	lore/wiki/events/zangmeng-ambush.md
E:V4-161364	差异(需人工)	4	161364	918	3	12	lore/wiki/events/zangmeng-ambush.md
E:V4-161456	未找到	4	161456			0	lore/wiki/events/zangmeng-ambush.md
E:V4-161462	未找到	4	161462			0	lore/wiki/events/zangmeng-ambush.md
E:V4-161550	精确	4	161550	894	4	29	lore/wiki/rules/dao-marks.md
E:V4-161928	精确	4	161928	895	91	36	lore/wiki/events/zangmeng-ambush.md
E:V4-162221	行号越界/空行	4	162221			0	lore/wiki/events/zangmeng-ambush.md
E:V4-162248	精确	4	162248	897	57	26	lore/wiki/events/zangmeng-ambush.md
E:V4-162404	精确	4	162404	898	57	35	lore/wiki/events/zangmeng-ambush.md
E:V4-162410	精确	4	162410	898	60	46	lore/wiki/events/zangmeng-ambush.md
E:V4-162414	精确	4	162414	898	62	28	lore/wiki/events/zangmeng-ambush.md
E:V4-162788	模糊唯一(需复核)	4	162788	900	74	20	lore/wiki/events/zangmeng-ambush.md
E:V4-163196	精确	4	163196	902	85	45	lore/wiki/events/zangmeng-ambush.md
E:V4-163326	精确	4	163326	903	58	48	lore/wiki/rules/killer-moves.md
E:V4-163336	精确	4	163336	903	63	20	lore/wiki/rules/killer-moves.md
E:V4-163338	精确	4	163338	903	64	91	lore/wiki/rules/killer-moves.md
E:V4-163344	精确	4	163344	903	67	27	lore/wiki/rules/killer-moves.md
E:V4-163364	精确	4	163364	903	77	131	lore/wiki/rules/killer-moves.md
E:V4-163368	精确	4	163368	903	79	86	lore/wiki/rules/killer-moves.md
E:V4-163370	精确	4	163370	903	80	11	lore/wiki/rules/killer-moves.md
E:V4-163372	精确	4	163372	903	81	33	lore/wiki/rules/killer-moves.md
E:V4-163812	精确	4	163812	906	62	18	lore/wiki/events/zangmeng-ambush.md
E:V4-163816	精确	4	163816	906	64	97	lore/wiki/rules/refinement.md
E:V4-164162	精确	4	164162	908	52	87	lore/wiki/events/zangmeng-ambush.md
E:V4-164330	精确	4	164330	909	71	114	lore/wiki/events/zangmeng-ambush.md
E:V4-164648	精确	4	164648	912	60	31	lore/wiki/gu/wisdom-gu.md
E:V4-164674	精确	4	164674	912	73	23	lore/wiki/events/zangmeng-ambush.md
E:V4-164716	精确	4	164716	913	17	111	lore/wiki/events/zangmeng-ambush.md
E:V4-164836	精确	4	164836	913	77	8	lore/wiki/events/zangmeng-ambush.md
E:V4-164906	精确	4	164906	914	32	9	lore/wiki/events/zangmeng-ambush.md
E:V4-165000	精确	4	165000	914	79	42	lore/wiki/events/zangmeng-ambush.md
E:V4-165324	精确	4	165324	916	77	32	lore/wiki/events/zangmeng-ambush.md
E:V4-165466	精确	4	165466	917	43	29	lore/wiki/events/zangmeng-ambush.md
E:V4-165682	精确	4	165682	918	63	91	lore/wiki/events/zangmeng-ambush.md
E:V4-165874	精确	4	165874	919	47	12	lore/wiki/rules/dream-path.md
E:V4-165876	精确	4	165876	919	48	27	lore/wiki/events/zangmeng-ambush.md
E:V4-166132	精确	4	166132	920	61	24	lore/wiki/events/zangmeng-ambush.md
E:V4-166400	精确	4	166400	921	81	16	lore/wiki/events/zangmeng-ambush.md
E:V4-166506	精确	4	166506	922	18	31	lore/wiki/events/zangmeng-ambush.md
E:V4-166538	精确	4	166538	922	34	43	lore/wiki/log.md
E:V4-166544	精确	4	166544	922	37	36	lore/wiki/gu/wisdom-gu.md
E:V4-166582	精确	4	166582	922	56	72	lore/wiki/gu/wisdom-gu.md
E:V4-166708	精确	4	166708	923	18	45	lore/wiki/events/zangmeng-ambush.md
E:V4-166802	精确	4	166802	923	65	40	lore/wiki/events/zangmeng-ambush.md
E:V4-167106	精确	4	167106	925	15	13	lore/wiki/events/zangmeng-ambush.md
E:V4-167186	精确	4	167186	925	55	32	lore/wiki/events/zangmeng-ambush.md
E:V4-167240	精确	4	167240	925	82	55	lore/wiki/rules/killer-moves.md
E:V4-167338	精确	4	167338	926	30	31	lore/wiki/events/zangmeng-ambush.md
E:V4-167688	精确	4	167688	927	100	61	lore/wiki/events/zangmeng-ambush.md
E:V4-167782	精确	4	167782	928	32	24	lore/wiki/characters/roster.md
E:V4-167808	精确	4	167808	928	45	40	lore/wiki/rules/killer-moves.md
E:V4-168078	精确	4	168078	929	80	36	lore/wiki/rules/killer-moves.md
E:V4-168100	精确	4	168100	929	91	5	lore/wiki/events/zangmeng-ambush.md
E:V4-168296	精确	4	168296	930	76	28	lore/wiki/characters/roster.md
E:V4-168504	精确	4	168504	931	92	52	lore/wiki/events/zangmeng-ambush.md
E:V4-168540	精确	4	168540	931	110	49	lore/wiki/events/zangmeng-ambush.md
E:V4-168582	精确	4	168582	932	17	46	lore/wiki/gu/wisdom-gu.md
E:V4-168702	精确	4	168702	932	77	56	lore/wiki/events/zangmeng-ambush.md
E:V4-168818	精确	4	168818	933	39	28	lore/wiki/events/zangmeng-ambush.md
E:V4-169096	精确	4	169096	934	79	55	lore/wiki/events/zangmeng-ambush.md
E:V4-169194	精确	4	169194	935	41	100	lore/wiki/events/zangmeng-ambush.md
E:V4-169480	精确	4	169480	937	18	11	lore/wiki/events/zangmeng-ambush.md
E:V4-169636	精确	4	169636	938	2	30	lore/wiki/events/zangmeng-ambush.md
E:V4-169810	重复(无法唯一)	4	169810			7	lore/wiki/events/zangmeng-ambush.md
E:V4-170082	精确	4	170082	939	109	24	lore/wiki/events/zangmeng-ambush.md
E:V4-170292	精确	4	170292	940	89	13	lore/wiki/events/zangmeng-ambush.md
E:V4-170512	精确	4	170512	941	98	31	lore/wiki/events/zangmeng-ambush.md
E:V4-170610	精确	4	170610	942	43	27	lore/wiki/events/zangmeng-ambush.md
E:V4-170702	模糊唯一(需复核)	4	170702	942	89	20	lore/wiki/rules/refinement.md
E:V4-170734	精确	4	170734	943	9	83	lore/wiki/rules/path-realms.md
E:V4-170740	精确	4	170740	943	12	57	lore/wiki/events/central-plain-refinement-conference.md
E:V4-170820	精确	4	170820	943	52	73	lore/wiki/world/aptitude-and-aperture.md
E:V4-170850	精确	4	170850	943	67	73	lore/wiki/world/aptitude-and-aperture.md
E:V4-170854	精确	4	170854	943	69	45	lore/wiki/events/zangmeng-ambush.md
E:V4-170856	精确	4	170856	943	70	42	lore/wiki/world/aptitude-and-aperture.md
E:V4-170860	精确	4	170860	943	72	24	lore/wiki/world/aptitude-and-aperture.md
E:V4-170870	精确	4	170870	943	77	63	lore/wiki/world/aptitude-and-aperture.md
E:V4-170872	精确	4	170872	943	78	41	lore/wiki/world/aptitude-and-aperture.md
E:V4-171012	精确	4	171012	944	64	172	lore/wiki/events/zangmeng-ambush.md
E:V4-171094	精确	4	171094	945	5	35	lore/wiki/rules/tribulation.md
E:V4-171108	精确	4	171108	945	12	33	lore/wiki/rules/tribulation.md
E:V4-171118	精确	4	171118	945	17	13	lore/wiki/rules/tribulation.md
E:V4-171148	精确	4	171148	945	32	20	lore/wiki/tools/benchmark-xq.md
E:V4-171278	精确	4	171278	945	97	31	lore/wiki/events/zangmeng-ambush.md
E:V4-171298	精确	4	171298	945	107	16	lore/wiki/rules/tribulation.md
E:V4-171386	精确	4	171386	946	24	87	lore/wiki/gu/human-def-1-32-gu.md
E:V4-171398	精确	4	171398	946	30	59	lore/wiki/events/zangmeng-ambush.md
E:V4-171736	精确	4	171736	947	98	10	lore/wiki/events/zangmeng-ambush.md
E:V4-171840	精确	4	171840	948	25	6	lore/wiki/rules/dao-marks.md
E:V4-171842	精确	4	171842	948	26	36	lore/wiki/tools/benchmark-rules.md
E:V4-171858	精确	4	171858	948	34	72	lore/wiki/rules/killer-moves.md
E:V4-171860	精确	4	171860	948	35	49	lore/wiki/rules/killer-moves.md
E:V4-171996	精确	4	171996	948	103	54	lore/wiki/events/zangmeng-ambush.md
E:V4-172310	精确	4	172310	949	153	21	lore/wiki/characters/he-lou-lan.md
E:V4-172566	精确	4	172566	951	14	47	lore/wiki/events/yitian-mountain.md
E:V4-172736	精确	4	172736	951	99	18	lore/wiki/events/yitian-mountain.md
E:V4-172854	精确	4	172854	952	52	12	lore/wiki/events/yitian-mountain.md
E:V4-172888	精确	4	172888	952	69	10	lore/wiki/events/yitian-mountain.md
E:V4-173040	精确	4	173040	953	51	84	lore/wiki/events/yitian-mountain.md
E:V4-173048	精确	4	173048	953	55	91	lore/wiki/gu/wisdom-gu.md
E:V4-173064	精确	4	173064	953	63	53	lore/wiki/gu/heaven-atk-5-07-gu.md
E:V4-173074	精确	4	173074	953	68	23	lore/wiki/gu/heaven-atk-5-07-gu.md
E:V4-173146	精确	4	173146	954	13	42	lore/wiki/events/yitian-mountain.md
E:V4-173166	精确	4	173166	954	23	149	lore/wiki/events/yitian-mountain.md
E:V4-173292	精确	4	173292	954	86	25	lore/wiki/characters/he-lou-lan.md
E:V4-173366	精确	4	173366	955	31	31	lore/wiki/events/yitian-mountain.md
E:V4-173404	精确	4	173404	955	50	52	lore/wiki/events/yitian-mountain.md
E:V4-173560	精确	4	173560	956	56	41	lore/wiki/gu/human-def-1-32-gu.md
E:V4-173592	精确	4	173592	956	72	41	lore/wiki/events/yitian-mountain.md
E:V4-173674	精确	4	173674	957	9	40	lore/wiki/rules/killer-moves.md
E:V4-173676	精确	4	173676	957	10	26	lore/wiki/rules/killer-moves.md
E:V4-173700	精确	4	173700	957	22	90	lore/wiki/events/yitian-mountain.md
E:V4-173848	精确	4	173848	957	96	11	lore/wiki/events/yitian-mountain.md
E:V4-174136	精确	4	174136	959	38	55	lore/wiki/gu/soul-atk-1-02-gu.md
E:V4-174138	精确	4	174138	959	39	29	lore/wiki/gu/soul-atk-1-02-gu.md
E:V4-174162	精确	4	174162	959	51	19	lore/wiki/events/yitian-mountain.md
E:V4-174342	精确	4	174342	960	38	26	lore/wiki/events/yitian-mountain.md
E:V4-174738	精确	4	174738	962	17	45	lore/wiki/rules/killer-moves.md
E:V4-174976	精确	4	174976	962	136	42	lore/wiki/events/yitian-mountain.md
E:V4-175198	精确	4	175198	964	15	101	lore/wiki/events/yitian-mountain.md
E:V4-175294	精确	4	175294	964	63	19	lore/wiki/characters/bai-ning-bing.md
E:V4-175398	精确	4	175398	965	36	37	lore/wiki/events/yitian-mountain.md
E:V4-175698	精确	4	175698	966	99	13	lore/wiki/events/yitian-mountain.md
E:V4-176126	精确	4	176126	968	98	50	lore/wiki/events/yitian-mountain.md
E:V4-176290	精确	4	176290	969	79	86	lore/wiki/events/yitian-mountain.md
E:V4-176294	精确	4	176294	969	81	36	lore/wiki/events/yitian-mountain.md
E:V4-176324	精确	4	176324	969	96	22	lore/wiki/events/yitian-mountain.md
E:V4-176385	行号越界/空行	4	176385			0	lore/wiki/events/yitian-mountain.md
E:V4-176584	精确	4	176584	971	24	47	lore/wiki/rules/path-realms.md
E:V4-176600	精确	4	176600	971	32	35	lore/wiki/events/yitian-mountain.md
E:V4-176616	重复(无法唯一)	4	176616			3	lore/wiki/events/yitian-mountain.md
E:V4-176642	精确	4	176642	971	53	39	lore/wiki/events/yitian-mountain.md
E:V4-176860	精确	4	176860	972	68	27	lore/wiki/characters/fang-yuan.md
E:V4-176953	行号越界/空行	4	176953			0	lore/wiki/events/yitian-mountain.md
E:V4-177184	精确	4	177184	974	2	12	lore/wiki/events/yitian-mountain.md
E:V4-177188	精确	4	177188	974	4	79	lore/wiki/events/yitian-mountain.md
E:V4-177194	模糊唯一(需复核)	4	177194	974	7	20	lore/wiki/events/yitian-mountain.md
E:V4-177226	精确	4	177226	974	23	26	lore/wiki/events/yitian-mountain.md
E:V4-177370	精确	4	177370	975	1	60	lore/wiki/gu/roster-3.md
E:V4-177442	精确	4	177442	975	37	9	lore/wiki/events/yitian-mountain.md
E:V4-177466	精确	4	177466	975	49	25	lore/wiki/events/yitian-mountain.md
E:V4-177498	精确	4	177498	975	65	19	lore/wiki/events/yitian-mountain.md
E:V4-177578	重复(无法唯一)	4	177578			6	lore/wiki/events/yitian-mountain.md
E:V4-177602	精确	4	177602	975	117	7	lore/wiki/events/yitian-mountain.md
E:V4-177608	重复(无法唯一)	4	177608			6	lore/wiki/characters/fang-yuan.md
E:V4-177636	精确	4	177636	976	12	27	lore/wiki/gu/spring-autumn-cicada-gu.md
E:V4-177648	精确	4	177648	976	18	36	lore/wiki/gu/spring-autumn-cicada-gu.md
E:V4-177680	精确	4	177680	976	34	19	lore/wiki/characters/fang-yuan.md
E:V4-177716	精确	4	177716	976	52	12	lore/wiki/gu/spring-autumn-cicada-gu.md
E:V4-177856	精确	4	177856	977	10	18	lore/wiki/log.md
E:V4-177860	精确	4	177860	977	12	23	lore/wiki/log.md
E:V4-177866	精确	4	177866	977	15	71	lore/wiki/log.md
E:V4-177868	精确	4	177868	977	16	75	lore/wiki/log.md
E:V4-177880	精确	4	177880	977	22	37	lore/wiki/rules/refinement.md
E:V4-178046	精确	4	178046	978	6	18	lore/wiki/events/yitian-mountain.md
E:V4-178124	精确	4	178124	978	45	16	lore/wiki/events/yitian-mountain.md
E:V4-178340	精确	4	178340	979	54	50	lore/wiki/log.md
E:V4-178490	精确	4	178490	980	49	86	lore/wiki/gu/roster-3.md
E:V4-178528	精确	4	178528	980	68	66	lore/wiki/events/yitian-mountain.md
E:V4-178580	精确	4	178580	981	5	29	lore/wiki/events/yitian-mountain.md
E:V4-178598	精确	4	178598	981	14	12	lore/wiki/events/yitian-mountain.md
E:V4-178604	精确	4	178604	981	17	36	lore/wiki/events/yitian-mountain.md
E:V4-178882	精确	4	178882	982	65	58	lore/wiki/rules/killer-moves.md
E:V4-178892	精确	4	178892	982	70	47	lore/wiki/events/yitian-mountain.md
E:V4-179120	精确	4	179120	983	100	32	lore/wiki/events/yitian-mountain.md
E:V4-179292	精确	4	179292	984	74	55	lore/wiki/events/yitian-mountain.md
E:V4-179336	精确	4	179336	984	96	17	lore/wiki/events/yitian-mountain.md
E:V4-179624	精确	4	179624	986	50	52	lore/wiki/events/yitian-mountain.md
E:V4-179688	精确	4	179688	986	82	21	lore/wiki/events/yitian-mountain.md
E:V4-180018	模糊唯一(需复核)	4	180018	988	71	20	lore/wiki/characters/fang-yuan.md
E:V4-180034	精确	4	180034	988	79	54	lore/wiki/events/yitian-mountain.md
E:V4-180086	精确	4	180086	989	18	32	lore/wiki/events/yitian-mountain.md
E:V4-180126	精确	4	180126	989	38	26	lore/wiki/events/yitian-mountain.md
E:V4-180180	精确	4	180180	989	65	64	lore/wiki/events/yitian-mountain.md
E:V4-180242	精确	4	180242	990	12	29	lore/wiki/gu/water-atk-3-06-gu.md
E:V4-180274	重复(无法唯一)	4	180274			14	lore/wiki/events/yitian-mountain.md
E:V4-180362	精确	4	180362	990	72	46	lore/wiki/gu/soul-atk-1-02-gu.md
E:V4-180756	精确	4	180756	992	64	52	lore/wiki/gu/wisdom-gu.md
E:V4-181468	精确	4	181468	996	44	23	lore/wiki/events/yitian-mountain.md
E:V4-181518	精确	4	181518	996	69	45	lore/wiki/events/yitian-mountain.md
E:V4-181680	精确	4	181680	997	53	51	lore/wiki/events/yitian-mountain.md
E:V4-181760	精确	4	181760	997	93	14	lore/wiki/events/yitian-mountain.md
E:V4-181880	精确	4	181880	998	44	21	lore/wiki/events/yitian-mountain.md
E:V4-182352	精确	4	182352	1001	1	5	lore/wiki/gu/roster-3.md
E:V4-182516	精确	4	182516	1001	81	36	lore/wiki/events/yitian-mountain.md
E:V4-182614	精确	4	182614	1002	23	128	lore/wiki/events/yitian-mountain.md
E:V4-182808	精确	4	182808	1003	39	88	lore/wiki/events/yitian-mountain.md
E:V4-182868	精确	4	182868	1003	69	49	lore/wiki/events/yitian-mountain.md
E:V4-183290	精确	4	183290	1006	7	15	lore/wiki/events/yitian-mountain.md
E:V4-183570	精确	4	183570	1007	39	141	lore/wiki/events/yitian-mountain.md
E:V4-183632	精确	4	183632	1007	70	12	lore/wiki/events/yitian-mountain.md
E:V4-183680	精确	4	183680	1007	94	60	lore/wiki/characters/fang-yuan.md
E:V4-183716	精确	4	183716	1008	15	40	lore/wiki/events/yitian-mountain.md
E:V4-183746	精确	4	183746	1008	30	31	lore/wiki/events/yitian-mountain.md
E:V4-183880	精确	4	183880	1008	97	35	lore/wiki/log.md
E:V4-183884	精确	4	183884	1008	99	32	lore/wiki/events/yitian-mountain.md
E:V4-183892	引文过短	4	183892			0	lore/wiki/events/yitian-mountain.md
E:V4-183922	精确	4	183922	1009	13	44	lore/wiki/events/yitian-mountain.md
E:V4-184082	精确	4	184082	1009	94	11	lore/wiki/events/yitian-mountain.md
E:V4-184122	精确	4	184122	1010	16	26	lore/wiki/events/yitian-mountain.md
E:V4-184174	精确	4	184174	1010	42	36	lore/wiki/events/yitian-mountain.md
E:V4-184304	精确	4	184304	1010	107	65	lore/wiki/events/yitian-mountain.md
E:V4-184418	精确	4	184418	1011	50	33	lore/wiki/events/yitian-mountain.md
E:V4-184434	精确	4	184434	1011	58	34	lore/wiki/events/yitian-mountain.md
E:V4-184514	精确	4	184514	1012	8	24	lore/wiki/events/yitian-mountain.md
E:V4-184566	精确	4	184566	1012	34	34	lore/wiki/events/yitian-mountain.md
E:V4-184644	精确	4	184644	1012	74	29	lore/wiki/events/yitian-mountain.md
E:V4-184770	精确	4	184770	1013	20	33	lore/wiki/rules/tribulation.md
E:V4-184772	精确	4	184772	1013	21	20	lore/wiki/tools/benchmark-rules.md
E:V4-184774	精确	4	184774	1013	22	33	lore/wiki/tools/benchmark-rules.md
E:V4-184778	精确	4	184778	1013	24	37	lore/wiki/tools/benchmark-rules.md
E:V4-184780	精确	4	184780	1013	25	35	lore/wiki/rules/tribulation.md
E:V4-184782	精确	4	184782	1013	26	47	lore/wiki/rules/tribulation.md
E:V4-184784	精确	4	184784	1013	27	20	lore/wiki/rules/tribulation.md
E:V4-184790	精确	4	184790	1013	30	24	lore/wiki/rules/tribulation.md
E:V4-184794	精确	4	184794	1013	32	55	lore/wiki/rules/tribulation.md
E:V4-184878	精确	4	184878	1013	74	71	lore/wiki/rules/killer-moves.md
E:V4-185050	精确	4	185050	1014	61	8	lore/wiki/events/yitian-mountain.md
E:V4-185096	精确	4	185096	1014	84	11	lore/wiki/events/yitian-mountain.md
E:V4-185102	精确	4	185102	1014	87	5	lore/wiki/events/yitian-mountain.md
E:V4-185160	精确	4	185160	1016	11	14	lore/wiki/events/yitian-mountain.md
E:V4-185216	精确	4	185216	1016	39	20	lore/wiki/events/yitian-mountain.md
E:V4-185266	精确	4	185266	1016	64	35	lore/wiki/gu/spring-autumn-cicada-gu.md
E:V4-185298	精确	4	185298	1016	80	46	lore/wiki/events/yitian-mountain.md
E:V4-185362	精确	4	185362	1016	112	31	lore/wiki/events/yitian-mountain.md
E:V4-185386	精确	4	185386	1017	10	53	lore/wiki/rules/refinement.md
E:V4-185552	精确	4	185552	1017	93	29	lore/wiki/events/yitian-mountain.md
E:V4-185750	精确	4	185750	1018	88	22	lore/wiki/log.md
E:V4-185788	重复(无法唯一)	4	185788			30	lore/wiki/events/yitian-mountain.md
E:V4-185798	精确	4	185798	1018	112	81	lore/wiki/events/yitian-mountain.md
E:V4-185828	精确	4	185828	1019	11	82	lore/wiki/events/yitian-mountain.md
E:V4-185886	精确	4	185886	1019	40	26	lore/wiki/events/yitian-mountain.md
E:V4-185986	重复(无法唯一)	4	185986			37	lore/wiki/events/yitian-mountain.md
E:V4-186002	精确	4	186002	1019	98	33	lore/wiki/events/yitian-mountain.md
E:V4-186044	精确	4	186044	1020	1	13	lore/wiki/events/yitian-mountain.md
E:V4-186336	精确	4	186336	1021	45	28	lore/wiki/events/yitian-mountain.md
E:V4-186481	行号越界/空行	4	186481			0	lore/wiki/events/yitian-mountain.md
E:V4-186502	精确	4	186502	1022	9	19	lore/wiki/events/yitian-mountain.md
E:V4-186662	精确	4	186662	1022	89	9	lore/wiki/events/yitian-mountain.md
E:V4-186710	精确	4	186710	1023	4	24	lore/wiki/events/yitian-mountain.md
E:V4-186730	精确	4	186730	1023	14	24	lore/wiki/world/shadow-sect.md
E:V4-186806	精确	4	186806	1023	52	78	lore/wiki/events/yitian-mountain.md
E:V4-186876	精确	4	186876	1024	1	9	lore/wiki/events/yitian-mountain.md
E:V4-186880	精确	4	186880	1024	3	43	lore/wiki/events/yitian-mountain.md
E:V4-186892	精确	4	186892	1024	9	37	lore/wiki/events/yitian-mountain.md
E:V4-186905	行号越界/空行	4	186905			0	lore/wiki/events/yitian-mountain.md
E:V4-186988	精确	4	186988	1024	57	71	lore/wiki/events/yitian-mountain.md
E:V4-187044	重复(无法唯一)	4	187044			4	lore/wiki/events/yitian-mountain.md
E:V4-187056	精确	4	187056	1024	91	18	lore/wiki/events/yitian-mountain.md
E:V4-187078	精确	4	187078	1024	102	75	lore/wiki/rules/dao-marks.md
E:V4-187106	精确	4	187106	1025	1	2	lore/wiki/events/yitian-mountain.md
E:V4-187193	行号越界/空行	4	187193			0	lore/wiki/events/yitian-mountain.md
E:V4-187204	精确	4	187204	1025	50	54	lore/wiki/events/yitian-mountain.md
E:V4-187220	重复(无法唯一)	4	187220			83	lore/wiki/events/yitian-mountain.md
E:V4-187244	重复(无法唯一)	4	187244			101	lore/wiki/events/yitian-mountain.md
E:V4-187274	精确	4	187274	1025	85	19	lore/wiki/events/yitian-mountain.md
E:V4-187322	精确	4	187322	1025	110	16	lore/wiki/events/yitian-mountain.md
E:V4-187334	精确	4	187334	1025	116	26	lore/wiki/events/yitian-mountain.md
E:V4-187342	引文过短	4	187342			0	lore/wiki/events/yitian-mountain.md
E:V4-187356	精确	4	187356	1026	2	13	lore/wiki/log.md
E:V4-187430	精确	4	187430	1026	40	52	lore/wiki/events/yitian-mountain.md
E:V4-187460	精确	4	187460	1026	55	15	lore/wiki/events/yitian-mountain.md
E:V4-187558	精确	4	187558	1027	1	7	lore/wiki/events/yitian-mountain.md
E:V4-187586	精确	4	187586	1027	13	17	lore/wiki/events/yitian-mountain.md
E:V4-187676	精确	4	187676	1027	58	18	lore/wiki/log.md
E:V4-187690	精确	4	187690	1027	65	24	lore/wiki/events/yitian-mountain.md
E:V4-187780	精确	4	187780	1028	1	29	lore/wiki/characters/fang-yuan.md
E:V4-187836	精确	4	187836	1028	29	19	lore/wiki/events/yitian-mountain.md
E:V4-187896	精确	4	187896	1028	59	17	lore/wiki/events/yitian-mountain.md
E:V4-187960	精确	4	187960	1028	91	5	lore/wiki/events/yitian-mountain.md
E:V5-188006	精确	5	188006	1029	1	20	lore/wiki/events/yitian-mountain.md
E:V5-188012	重复(无法唯一)	5	188012			9	lore/wiki/gu/spring-autumn-cicada-gu.md
E:V5-188028	精确	5	188028	1029	12	30	lore/wiki/gu/spring-autumn-cicada-gu.md
E:V5-188084	精确	5	188084	1029	40	64	lore/wiki/gu/spring-autumn-cicada-gu.md
E:V5-188104	精确	5	188104	1029	50	32	lore/wiki/gu/spring-autumn-cicada-gu.md
E:V5-188116	精确	5	188116	1029	56	67	lore/wiki/gu/spring-autumn-cicada-gu.md
E:V5-188126	精确	5	188126	1029	61	110	lore/wiki/rules/venerables.md
E:V5-188130	精确	5	188130	1029	63	117	lore/wiki/gu/spring-autumn-cicada-gu.md
E:V5-188144	精确	5	188144	1029	70	237	lore/wiki/gu/spring-autumn-cicada-gu.md
E:V5-188146	精确	5	188146	1029	71	17	lore/wiki/gu/spring-autumn-cicada-gu.md
E:V5-188166	精确	5	188166	1029	81	37	lore/wiki/gu/spring-autumn-cicada-gu.md
E:V5-188178	精确	5	188178	1030	1	39	lore/wiki/events/yitian-mountain.md
E:V5-188382	精确	5	188382	1031	6	37	lore/wiki/gu/white-boar-strength-gu.md
E:V5-188384	精确	5	188384	1031	7	28	lore/wiki/gu/white-boar-strength-gu.md
E:V5-189086	精确	5	189086	1034	47	17	lore/wiki/characters/fang-yuan.md
E:V5-189380	精确	5	189380	1035	93	15	lore/wiki/characters/he-lou-lan.md
E:V5-189526	精确	5	189526	1036	59	105	lore/wiki/gu/wisdom-gu.md
E:V5-189574	精确	5	189574	1037	6	115	lore/wiki/gu/spring-autumn-cicada-gu.md
E:V5-189578	精确	5	189578	1037	8	25	lore/wiki/gu/spring-autumn-cicada-gu.md
E:V5-189580	精确	5	189580	1037	9	13	lore/wiki/gu/spring-autumn-cicada-gu.md
E:V5-189582	精确	5	189582	1037	10	55	lore/wiki/gu/spring-autumn-cicada-gu.md
E:V5-189700	精确	5	189700	1037	69	11	lore/wiki/events/yitian-mountain.md
E:V5-190076	精确	5	190076	1039	74	34	lore/wiki/gu/roster-3.md
E:V5-190338	精确	5	190338	1041	1	5	lore/wiki/gu/sword-atk-4-01-gu.md
E:V5-190342	精确	5	190342	1041	3	23	lore/wiki/gu/sword-atk-4-01-gu.md
E:V5-190348	精确	5	190348	1041	6	20	lore/wiki/gu/sword-atk-4-01-gu.md
E:V5-190380	精确	5	190380	1041	22	23	lore/wiki/gu/sword-atk-4-01-gu.md
E:V5-190382	精确	5	190382	1041	23	29	lore/wiki/gu/sword-atk-4-01-gu.md
E:V5-190388	精确	5	190388	1041	26	24	lore/wiki/gu/sword-atk-4-01-gu.md
E:V5-190390	精确	5	190390	1041	27	15	lore/wiki/gu/sword-atk-4-01-gu.md
E:V5-190392	精确	5	190392	1041	28	41	lore/wiki/gu/sword-atk-4-01-gu.md
E:V5-190394	精确	5	190394	1041	29	20	lore/wiki/gu/sword-atk-4-01-gu.md
E:V5-190396	精确	5	190396	1041	30	14	lore/wiki/gu/sword-atk-4-01-gu.md
E:V5-190402	精确	5	190402	1041	33	59	lore/wiki/gu/sword-atk-4-01-gu.md
E:V5-190408	精确	5	190408	1041	36	12	lore/wiki/gu/sword-atk-4-01-gu.md
E:V5-190410	精确	5	190410	1041	37	27	lore/wiki/gu/sword-atk-4-01-gu.md
E:V5-190418	精确	5	190418	1041	41	63	lore/wiki/log.md
E:V5-190428	精确	5	190428	1041	46	5	lore/wiki/gu/sword-atk-4-01-gu.md
E:V5-190460	精确	5	190460	1041	62	16	lore/wiki/gu/sword-atk-4-01-gu.md
E:V5-190464	精确	5	190464	1041	64	24	lore/wiki/gu/sword-atk-4-01-gu.md
E:V5-190472	精确	5	190472	1041	68	54	lore/wiki/gu/sword-atk-4-01-gu.md
E:V5-190476	精确	5	190476	1041	70	63	lore/wiki/gu/sword-atk-4-01-gu.md
E:V5-190504	精确	5	190504	1041	84	17	lore/wiki/gu/sword-atk-4-01-gu.md
E:V5-190594	重复(无法唯一)	5	190594			29	lore/wiki/gu/heaven-atk-5-07-gu.md
E:V5-190954	重复(无法唯一)	5	190954			44	lore/wiki/gu/sword-atk-4-01-gu.md
E:V5-191196	精确	5	191196	1045	42	26	lore/wiki/world/shadow-sect.md
E:V5-192166	精确	5	192166	1052	94	59	lore/wiki/rules/dao-marks.md
E:V5-192204	精确	5	192204	1052	113	6	lore/wiki/events/yitian-mountain.md
E:V5-192506	精确	5	192506	1054	47	91	lore/wiki/COORDINATION.md
E:V5-192550	精确	5	192550	1054	69	25	lore/wiki/events/yitian-mountain.md
E:V5-193394	精确	5	193394	1058	81	21	lore/wiki/events/yitian-mountain.md
E:V5-194106	精确	5	194106	1062	16	60	lore/wiki/events/yitian-mountain.md
E:V5-194186	精确	5	194186	1062	56	63	lore/wiki/gu/spring-autumn-cicada-gu.md
E:V5-194410	精确	5	194410	1063	78	41	lore/wiki/events/yitian-mountain.md
E:V5-194412	精确	5	194412	1063	79	8	lore/wiki/events/yitian-mountain.md
E:V5-194470	重复(无法唯一)	5	194470			8	lore/wiki/COORDINATION.md
E:V5-194498	精确	5	194498	1064	11	58	lore/wiki/rules/dao-marks.md
E:V5-194506	精确	5	194506	1064	15	15	lore/wiki/tools/benchmark-rules.md
E:V5-194508	精确	5	194508	1064	16	43	lore/wiki/rules/refinement.md
E:V5-194510	精确	5	194510	1064	17	83	lore/wiki/tools/benchmark-rules.md
E:V5-194608	精确	5	194608	1064	66	47	lore/wiki/rules/dao-marks.md
E:V5-194634	精确	5	194634	1064	79	18	lore/wiki/rules/killer-moves.md
E:V5-195084	精确	5	195084	1067	3	93	lore/wiki/gu/force-atk-1-05-gu.md
E:V5-195088	精确	5	195088	1067	5	30	lore/wiki/gu/force-atk-1-05-gu.md
E:V5-195584	精确	5	195584	1069	70	9	lore/wiki/gu/sword-atk-4-01-gu.md
E:V5-195588	精确	5	195588	1069	72	14	lore/wiki/gu/sword-atk-4-01-gu.md
E:V5-195596	精确	5	195596	1069	76	39	lore/wiki/gu/sword-atk-4-01-gu.md
E:V5-195606	精确	5	195606	1069	81	13	lore/wiki/gu/roster-3.md
E:V5-195610	精确	5	195610	1069	83	19	lore/wiki/gu/sword-atk-4-01-gu.md
E:V5-195612	精确	5	195612	1069	84	35	lore/wiki/gu/sword-atk-4-01-gu.md
E:V5-195614	精确	5	195614	1069	85	24	lore/wiki/gu/sword-atk-4-01-gu.md
E:V5-195620	精确	5	195620	1069	88	30	lore/wiki/gu/sword-atk-4-01-gu.md
E:V5-195622	精确	5	195622	1069	89	27	lore/wiki/gu/sword-atk-4-01-gu.md
E:V5-195624	精确	5	195624	1069	90	10	lore/wiki/gu/sword-atk-4-01-gu.md
E:V5-195628	精确	5	195628	1069	92	62	lore/wiki/gu/sword-atk-4-01-gu.md
E:V5-195632	精确	5	195632	1069	94	25	lore/wiki/gu/sword-atk-4-01-gu.md
E:V5-195634	精确	5	195634	1069	95	50	lore/wiki/gu/sword-atk-4-01-gu.md
E:V5-195648	精确	5	195648	1069	102	40	lore/wiki/gu/sword-atk-4-01-gu.md
E:V5-195650	精确	5	195650	1069	103	5	lore/wiki/gu/roster-3.md
E:V5-195652	精确	5	195652	1069	104	79	lore/wiki/gu/sword-atk-4-01-gu.md
E:V5-195948	精确	5	195948	1071	18	45	lore/wiki/gu/roster-3.md
E:V5-196196	精确	5	196196	1072	48	106	lore/wiki/rules/killer-moves.md
E:V5-196464	精确	5	196464	1073	82	17	lore/wiki/characters/fang-yuan.md
E:V5-196832	精确	5	196832	1076	10	72	lore/wiki/rules/dao-marks.md
E:V5-197088	精确	5	197088	1077	24	44	lore/wiki/gu/spring-autumn-cicada-gu.md
E:V5-197448	引文过短	5	197448			0	lore/wiki/events/yitian-mountain.md
E:V5-197628	精确	5	197628	1080	10	82	lore/wiki/world/shadow-sect.md
E:V5-197694	精确	5	197694	1080	43	40	lore/wiki/gu/roster-3.md
E:V5-197898	精确	5	197898	1081	65	14	lore/wiki/events/yitian-mountain.md
E:V5-198284	精确	5	198284	1083	65	27	lore/wiki/gu/wisdom-gu.md
E:V5-198290	精确	5	198290	1083	68	32	lore/wiki/gu/wisdom-gu.md
E:V5-198294	精确	5	198294	1083	70	56	lore/wiki/log.md
E:V5-198342	精确	5	198342	1084	2	22	lore/wiki/gu/wisdom-gu.md
E:V5-198346	精确	5	198346	1084	4	46	lore/wiki/gu/heaven-atk-5-07-gu.md
E:V5-198348	重复(无法唯一)	5	198348			6	lore/wiki/log.md
E:V5-198350	精确	5	198350	1084	6	30	lore/wiki/gu/heaven-atk-5-07-gu.md
E:V5-198356	精确	5	198356	1084	9	95	lore/wiki/gu/heaven-atk-5-07-gu.md
E:V5-198358	精确	5	198358	1084	10	71	lore/wiki/gu/wisdom-gu.md
E:V5-198360	精确	5	198360	1084	11	67	lore/wiki/gu/heaven-atk-5-07-gu.md
E:V5-198362	精确	5	198362	1084	12	30	lore/wiki/gu/heaven-atk-5-07-gu.md
E:V5-198364	精确	5	198364	1084	13	65	lore/wiki/gu/heaven-atk-5-07-gu.md
E:V5-198374	精确	5	198374	1084	18	24	lore/wiki/gu/heaven-atk-5-07-gu.md
E:V5-198384	精确	5	198384	1084	23	10	lore/wiki/gu/heaven-atk-5-07-gu.md
E:V5-198386	精确	5	198386	1084	24	22	lore/wiki/gu/heaven-atk-5-07-gu.md
E:V5-198388	精确	5	198388	1084	25	75	lore/wiki/gu/heaven-atk-5-07-gu.md
E:V5-198392	精确	5	198392	1084	27	19	lore/wiki/gu/wisdom-gu.md
E:V5-198394	精确	5	198394	1084	28	42	lore/wiki/log.md
E:V5-198626	精确	5	198626	1085	61	126	lore/wiki/gu/heaven-atk-5-07-gu.md
E:V5-198636	精确	5	198636	1085	66	92	lore/wiki/world/shadow-sect.md
E:V5-198660	精确	5	198660	1086	3	90	lore/wiki/events/yitian-mountain.md
E:V5-198684	精确	5	198684	1086	15	75	lore/wiki/gu/spring-autumn-cicada-gu.md
E:V5-198688	精确	5	198688	1086	17	88	lore/wiki/gu/spring-autumn-cicada-gu.md
E:V5-198726	精确	5	198726	1086	36	85	lore/wiki/gu/spring-autumn-cicada-gu.md
E:V5-198856	精确	5	198856	1087	32	91	lore/wiki/gu/gu-relations.md
E:V5-199122	精确	5	199122	1088	89	19	lore/wiki/characters/fang-yuan.md
E:V5-199310	精确	5	199310	1090	82	38	lore/wiki/gu/soul-atk-1-02-gu.md
E:V5-199798	精确	5	199798	1093	45	19	lore/wiki/gu/luck-atk-1-03-gu.md
E:V5-199800	精确	5	199800	1093	46	53	lore/wiki/gu/roster-3.md
E:V5-199968	精确	5	199968	1094	38	70	lore/wiki/events/yitian-mountain.md
E:V5-200026	精确	5	200026	1094	67	49	lore/wiki/events/yitian-mountain.md
E:V5-200050	精确	5	200050	1094	79	42	lore/wiki/rules/dao-marks.md
E:V5-200062	精确	5	200062	1094	85	9	lore/wiki/log.md
E:V5-200070	精确	5	200070	1094	89	20	lore/wiki/gu/luck-atk-1-03-gu.md
E:V5-200204	精确	5	200204	1095	59	57	lore/wiki/events/yitian-mountain.md
E:V5-200252	模糊唯一(需复核)	5	200252	1095	83	20	lore/wiki/events/yitian-mountain.md
E:V5-200330	精确	5	200330	1096	29	19	lore/wiki/events/yitian-mountain.md
E:V5-200366	精确	5	200366	1096	47	39	lore/wiki/gu/spring-autumn-cicada-gu.md
E:V5-200556	精确	5	200556	1097	57	36	lore/wiki/events/yitian-mountain.md
E:V5-200668	精确	5	200668	1097	113	44	lore/wiki/gu/soul-atk-1-02-gu.md
E:V5-200724	精确	5	200724	1098	12	39	lore/wiki/events/yitian-mountain.md
E:V5-200912	精确	5	200912	1098	106	18	lore/wiki/events/yitian-mountain.md
E:V5-201058	模糊唯一(需复核)	5	201058	1099	62	20	lore/wiki/events/yitian-mountain.md
E:V5-201122	精确	5	201122	1099	94	50	lore/wiki/events/yitian-mountain.md
E:V5-201266	精确	5	201266	1100	67	14	lore/wiki/events/yitian-mountain.md
E:V5-201522	精确	5	201522	1101	91	59	lore/wiki/events/yitian-mountain.md
E:V5-201570	精确	5	201570	1102	19	40	lore/wiki/events/yitian-mountain.md
E:V5-201818	重复(无法唯一)	5	201818			9	lore/wiki/world/soul-path.md
E:V5-201820	精确	5	201820	1103	33	19	lore/wiki/events/yitian-mountain.md
E:V5-201834	精确	5	201834	1103	40	29	lore/wiki/world/soul-path.md
E:V5-201854	精确	5	201854	1103	50	36	lore/wiki/events/yitian-mountain.md
E:V5-201872	精确	5	201872	1103	59	11	lore/wiki/events/yitian-mountain.md
E:V5-202038	精确	5	202038	1104	40	47	lore/wiki/gu/wine-insect-gu.md
E:V5-202040	模糊唯一(需复核)	5	202040	1104	41	16	lore/wiki/gu/wine-insect-gu.md
E:V5-202134	精确	5	202134	1104	88	13	lore/wiki/events/yitian-mountain.md
E:V5-202166	精确	5	202166	1105	12	68	lore/wiki/events/langya-blessed-land-invasion.md
E:V5-202278	精确	5	202278	1105	68	25	lore/wiki/events/yitian-mountain.md
E:V5-202314	精确	5	202314	1105	86	37	lore/wiki/events/yitian-mountain.md
E:V5-202340	精确	5	202340	1106	6	34	lore/wiki/themes/fate.md
E:V5-202446	精确	5	202446	1106	59	27	lore/wiki/events/yitian-mountain.md
E:V5-202448	精确	5	202448	1106	60	65	lore/wiki/gu/spring-autumn-cicada-gu.md
E:V5-202460	精确	5	202460	1106	66	55	lore/wiki/gu/spring-autumn-cicada-gu.md
E:V5-202746	精确	5	202746	1107	109	60	lore/wiki/rules/tribulation.md
E:V5-202752	精确	5	202752	1108	1	17	lore/wiki/rules/tribulation.md
E:V5-202754	精确	5	202754	1108	2	72	lore/wiki/tools/benchmark-rules.md
E:V5-202770	精确	5	202770	1108	10	17	lore/wiki/log.md
E:V5-202772	精确	5	202772	1108	11	30	lore/wiki/rules/tribulation.md
E:V5-202780	精确	5	202780	1108	15	32	lore/wiki/rules/tribulation.md
E:V5-202884	精确	5	202884	1108	67	24	lore/wiki/events/yitian-mountain.md
E:V5-202886	精确	5	202886	1108	68	49	lore/wiki/rules/tribulation.md
E:V5-203090	精确	5	203090	1109	58	33	lore/wiki/events/yitian-mountain.md
E:V5-203110	精确	5	203110	1109	68	22	lore/wiki/events/yitian-mountain.md
E:V5-203124	精确	5	203124	1109	75	63	lore/wiki/events/yitian-mountain.md
E:V5-203130	精确	5	203130	1109	78	33	lore/wiki/rules/tribulation.md
E:V5-203205	行号越界/空行	5	203205			0	lore/wiki/world/cultivation-system.md
E:V5-203214	精确	5	203214	1110	22	10	lore/wiki/events/yitian-mountain.md
E:V5-203246	重复(无法唯一)	5	203246			5	lore/wiki/characters/fang-yuan.md
E:V5-203248	精确	5	203248	1110	39	43	lore/wiki/events/yitian-mountain.md
E:V5-203320	精确	5	203320	1110	75	42	lore/wiki/rules/tribulation.md
E:V5-203322	精确	5	203322	1110	76	58	lore/wiki/rules/tribulation.md
E:V5-203324	精确	5	203324	1110	77	35	lore/wiki/events/yitian-mountain.md
E:V5-203552	精确	5	203552	1111	93	11	lore/wiki/events/yitian-mountain.md
E:V5-203594	精确	5	203594	1112	17	52	lore/wiki/events/yitian-mountain.md
E:V5-203700	精确	5	203700	1112	70	33	lore/wiki/rules/tribulation.md
E:V5-203742	精确	5	203742	1113	1	61	lore/wiki/events/yitian-mountain.md
E:V5-204034	精确	5	204034	1114	57	13	lore/wiki/characters/he-lou-lan.md
E:V5-204070	精确	5	204070	1114	75	68	lore/wiki/world/shadow-sect.md
E:V5-204076	精确	5	204076	1114	78	61	lore/wiki/events/yitian-mountain.md
E:V5-204078	精确	5	204078	1114	79	46	lore/wiki/world/shadow-sect.md
E:V5-204082	精确	5	204082	1114	81	109	lore/wiki/world/shadow-sect.md
E:V5-204288	精确	5	204288	1115	97	29	lore/wiki/events/yitian-mountain.md
E:V5-204522	精确	5	204522	1116	109	7	lore/wiki/events/yitian-mountain.md
E:V5-205046	精确	5	205046	1119	53	13	lore/wiki/characters/he-lou-lan.md
E:V5-205342	精确	5	205342	1120	99	8	lore/wiki/events/yitian-mountain.md
E:V5-205462	精确	5	205462	1120	159	47	lore/wiki/events/yitian-mountain.md
E:V5-205552	精确	5	205552	1121	23	10	lore/wiki/events/langya-blessed-land-invasion.md
E:V5-205568	精确	5	205568	1121	31	78	lore/wiki/events/langya-blessed-land-invasion.md
E:V5-205570	差异(需人工)	5	205570	1121	32	10	lore/wiki/events/langya-blessed-land-invasion.md
E:V5-205666	精确	5	205666	1121	80	71	lore/wiki/events/yitian-mountain.md
E:V5-205756	精确	5	205756	1122	5	35	lore/wiki/events/yitian-mountain.md
E:V5-205848	精确	5	205848	1122	51	81	lore/wiki/events/yitian-mountain.md
E:V5-205918	精确	5	205918	1122	86	22	lore/wiki/events/yitian-mountain.md
E:V5-206172	精确	5	206172	1124	20	26	lore/wiki/events/reverse-flow-river.md
E:V5-206330	精确	5	206330	1124	99	42	lore/wiki/events/reverse-flow-river.md
E:V5-206430	精确	5	206430	1125	27	14	lore/wiki/events/reverse-flow-river.md
E:V5-206558	精确	5	206558	1125	91	19	lore/wiki/events/reverse-flow-river.md
E:V5-206712	精确	5	206712	1126	57	57	lore/wiki/events/reverse-flow-river.md
E:V5-206806	精确	5	206806	1127	5	20	lore/wiki/events/reverse-flow-river.md
E:V5-207166	精确	5	207166	1128	81	78	lore/wiki/events/reverse-flow-river.md
E:V5-207426	精确	5	207426	1130	33	51	lore/wiki/events/reverse-flow-river.md
E:V5-207582	精确	5	207582	1131	22	100	lore/wiki/events/reverse-flow-river.md
E:V5-207846	精确	5	207846	1132	58	67	lore/wiki/events/reverse-flow-river.md
E:V5-208100	精确	5	208100	1134	3	131	lore/wiki/events/reverse-flow-river.md
E:V5-208296	重复(无法唯一)	5	208296			7	lore/wiki/events/reverse-flow-river.md
E:V5-208598	精确	5	208598	1136	31	35	lore/wiki/events/reverse-flow-river.md
E:V5-208894	精确	5	208894	1137	74	6	lore/wiki/events/reverse-flow-river.md
E:V5-208970	精确	5	208970	1138	20	45	lore/wiki/rules/dao-marks.md
E:V5-208972	精确	5	208972	1138	21	96	lore/wiki/log.md
E:V5-209160	精确	5	209160	1138	115	17	lore/wiki/events/reverse-flow-river.md
E:V5-209194	精确	5	209194	1138	132	17	lore/wiki/events/reverse-flow-river.md
E:V5-209268	精确	5	209268	1139	2	33	lore/wiki/events/reverse-flow-river.md
E:V5-209380	精确	5	209380	1139	58	25	lore/wiki/events/reverse-flow-river.md
E:V5-209392	精确	5	209392	1139	64	36	lore/wiki/gu/heaven-atk-5-07-gu.md
E:V5-209394	精确	5	209394	1139	65	64	lore/wiki/gu/heaven-atk-5-07-gu.md
E:V5-209460	精确	5	209460	1139	98	32	lore/wiki/gu/heaven-atk-5-07-gu.md
E:V5-209556	精确	5	209556	1140	28	20	lore/wiki/gu/gu-relations.md
E:V5-209558	精确	5	209558	1140	29	16	lore/wiki/gu/gu-relations.md
E:V5-209560	精确	5	209560	1140	30	12	lore/wiki/gu/gu-relations.md
E:V5-209566	精确	5	209566	1140	33	27	lore/wiki/gu/gu-relations.md
E:V5-209568	精确	5	209568	1140	34	46	lore/wiki/gu/gu-relations.md
E:V5-209570	精确	5	209570	1140	35	29	lore/wiki/gu/gu-relations.md
E:V5-209572	精确	5	209572	1140	36	22	lore/wiki/gu/gu-relations.md
E:V5-209580	精确	5	209580	1140	40	42	lore/wiki/gu/gu-relations.md
E:V5-209584	精确	5	209584	1140	42	15	lore/wiki/gu/gu-relations.md
E:V5-209592	精确	5	209592	1140	46	60	lore/wiki/gu/spring-autumn-cicada-gu.md
E:V5-209700	精确	5	209700	1140	100	35	lore/wiki/gu/spring-autumn-cicada-gu.md
E:V5-209760	模糊唯一(需复核)	5	209760	1141	11	20	lore/wiki/events/reverse-flow-river.md
E:V5-209788	精确	5	209788	1141	25	37	lore/wiki/rules/refinement.md
E:V5-209798	精确	5	209798	1141	30	17	lore/wiki/rules/tribulation.md
E:V5-210062	精确	5	210062	1142	59	16	lore/wiki/rules/refinement.md
E:V5-210426	精确	5	210426	1144	41	23	lore/wiki/events/reverse-flow-river.md
E:V5-210518	精确	5	210518	1144	87	39	lore/wiki/events/reverse-flow-river.md
E:V5-210594	精确	5	210594	1145	25	23	lore/wiki/events/reverse-flow-river.md
E:V5-211036	精确	5	211036	1147	45	23	lore/wiki/events/reverse-flow-river.md
E:V5-211188	精确	5	211188	1148	2	21	lore/wiki/events/reverse-flow-river.md
E:V5-211794	精确	5	211794	1150	70	7	lore/wiki/events/reverse-flow-river.md
E:V5-211836	精确	5	211836	1150	91	25	lore/wiki/rules/path-realms.md
E:V5-211892	精确	5	211892	1151	6	39	lore/wiki/events/reverse-flow-river.md
E:V5-212002	精确	5	212002	1151	61	37	lore/wiki/events/reverse-flow-river.md
E:V5-212082	精确	5	212082	1151	101	33	lore/wiki/events/reverse-flow-river.md
E:V5-212112	精确	5	212112	1152	9	83	lore/wiki/events/reverse-flow-river.md
E:V5-212174	精确	5	212174	1152	40	82	lore/wiki/events/reverse-flow-river.md
E:V5-212186	精确	5	212186	1152	46	18	lore/wiki/events/reverse-flow-river.md
E:V5-212284	精确	5	212284	1152	95	25	lore/wiki/events/reverse-flow-river.md
E:V5-212312	精确	5	212312	1152	109	99	lore/wiki/events/reverse-flow-river.md
E:V5-212350	精确	5	212350	1153	9	17	lore/wiki/events/reverse-flow-river.md
E:V5-212406	精确	5	212406	1153	37	62	lore/wiki/events/reverse-flow-river.md
E:V5-212446	精确	5	212446	1153	57	42	lore/wiki/events/reverse-flow-river.md
E:V5-212468	精确	5	212468	1153	68	11	lore/wiki/events/reverse-flow-river.md
E:V5-212498	精确	5	212498	1153	83	10	lore/wiki/events/reverse-flow-river.md
E:V5-212538	精确	5	212538	1153	103	20	lore/wiki/events/reverse-flow-river.md
E:V5-212590	精确	5	212590	1154	23	28	lore/wiki/events/reverse-flow-river.md
E:V5-212610	精确	5	212610	1154	33	20	lore/wiki/events/reverse-flow-river.md
E:V5-212634	精确	5	212634	1154	45	55	lore/wiki/events/reverse-flow-river.md
E:V5-212724	精确	5	212724	1154	90	59	lore/wiki/events/reverse-flow-river.md
E:V5-212796	精确	5	212796	1155	16	20	lore/wiki/events/reverse-flow-river.md
E:V5-212812	精确	5	212812	1155	24	74	lore/wiki/events/reverse-flow-river.md
E:V5-212824	精确	5	212824	1155	30	31	lore/wiki/events/reverse-flow-river.md
E:V5-212850	精确	5	212850	1155	43	41	lore/wiki/events/reverse-flow-river.md
E:V5-212910	精确	5	212910	1155	73	25	lore/wiki/events/reverse-flow-river.md
E:V5-212940	精确	5	212940	1155	88	69	lore/wiki/events/reverse-flow-river.md
E:V5-212960	精确	5	212960	1155	98	71	lore/wiki/events/reverse-flow-river.md
E:V5-212986	精确	5	212986	1156	11	16	lore/wiki/events/reverse-flow-river.md
E:V5-213028	精确	5	213028	1156	32	42	lore/wiki/events/reverse-flow-river.md
E:V5-213044	精确	5	213044	1156	40	23	lore/wiki/events/reverse-flow-river.md
E:V5-213092	精确	5	213092	1156	64	41	lore/wiki/events/reverse-flow-river.md
E:V5-213114	精确	5	213114	1156	75	42	lore/wiki/events/reverse-flow-river.md
E:V5-213150	精确	5	213150	1157	6	51	lore/wiki/events/reverse-flow-river.md
E:V5-213164	精确	5	213164	1157	13	51	lore/wiki/events/reverse-flow-river.md
E:V5-213180	精确	5	213180	1157	21	45	lore/wiki/events/reverse-flow-river.md
E:V5-213188	精确	5	213188	1157	25	67	lore/wiki/events/reverse-flow-river.md
E:V5-213208	精确	5	213208	1157	35	28	lore/wiki/events/reverse-flow-river.md
E:V5-213262	精确	5	213262	1157	62	64	lore/wiki/events/reverse-flow-river.md
E:V5-213318	精确	5	213318	1157	90	36	lore/wiki/events/reverse-flow-river.md
E:V5-213376	精确	5	213376	1158	25	103	lore/wiki/events/reverse-flow-river.md
E:V5-213408	精确	5	213408	1158	41	19	lore/wiki/events/reverse-flow-river.md
E:V5-213478	精确	5	213478	1158	76	24	lore/wiki/events/reverse-flow-river.md
E:V5-213496	精确	5	213496	1159	5	29	lore/wiki/events/reverse-flow-river.md
E:V5-213594	精确	5	213594	1159	54	54	lore/wiki/rules/dao-marks.md
E:V5-213608	精确	5	213608	1159	61	50	lore/wiki/events/reverse-flow-river.md
E:V5-213634	精确	5	213634	1159	74	23	lore/wiki/events/reverse-flow-river.md
E:V5-213694	精确	5	213694	1159	104	21	lore/wiki/events/reverse-flow-river.md
E:V5-213740	精确	5	213740	1160	20	85	lore/wiki/events/reverse-flow-river.md
E:V5-213792	精确	5	213792	1160	46	42	lore/wiki/events/reverse-flow-river.md
E:V5-213818	精确	5	213818	1160	59	25	lore/wiki/characters/roster.md
E:V5-213866	模糊唯一(需复核)	5	213866	1160	83	20	lore/wiki/characters/roster.md
E:V5-213912	精确	5	213912	1161	12	45	lore/wiki/events/reverse-flow-river.md
E:V5-213972	精确	5	213972	1161	42	41	lore/wiki/events/reverse-flow-river.md
E:V5-214014	精确	5	214014	1161	63	33	lore/wiki/events/reverse-flow-river.md
E:V5-214056	精确	5	214056	1162	1	5	lore/wiki/events/reverse-flow-river.md
E:V5-214208	精确	5	214208	1162	75	35	lore/wiki/characters/roster.md
E:V5-214286	精确	5	214286	1162	114	19	lore/wiki/characters/fang-yuan.md
E:V5-214332	精确	5	214332	1163	3	27	lore/wiki/characters/roster.md
E:V5-214466	精确	5	214466	1163	70	68	lore/wiki/events/reverse-flow-river.md
E:V5-214532	重复(无法唯一)	5	214532			4	lore/wiki/events/reverse-flow-river.md
E:V5-214570	差异(需人工)	5	214570	1164	21	8	lore/wiki/events/reverse-flow-river.md
E:V5-214646	精确	5	214646	1164	59	36	lore/wiki/events/reverse-flow-river.md
E:V5-214764	精确	5	214764	1165	3	72	lore/wiki/events/reverse-flow-river.md
E:V5-215298	精确	5	215298	1167	68	16	lore/wiki/events/reverse-flow-river.md
E:V5-215372	模糊唯一(需复核)	5	215372	1168	1	20	lore/wiki/events/reverse-flow-river.md
E:V5-215562	精确	5	215562	1168	96	32	lore/wiki/events/reverse-flow-river.md
E:V5-216300	精确	5	216300	1172	56	33	lore/wiki/log.md
E:V5-216340	精确	5	216340	1172	76	53	lore/wiki/events/reverse-flow-river.md
E:V5-216508	未找到	5	216508			0	lore/wiki/events/reverse-flow-river.md
E:V5-216734	精确	5	216734	1174	82	71	lore/wiki/GOVERNANCE.md
E:V5-216834	精确	5	216834	1176	38	76	lore/wiki/events/reverse-flow-river.md
E:V5-216978	精确	5	216978	1177	23	47	lore/wiki/events/reverse-flow-river.md
E:V5-217012	精确	5	217012	1177	40	36	lore/wiki/events/reverse-flow-river.md
E:V5-217186	精确	5	217186	1178	37	44	lore/wiki/characters/bai-ning-bing.md
E:V5-217280	精确	5	217280	1178	84	28	lore/wiki/events/reverse-flow-river.md
E:V5-217348	精确	5	217348	1179	32	40	lore/wiki/events/reverse-flow-river.md
E:V5-217672	精确	5	217672	1180	88	13	lore/wiki/events/reverse-flow-river.md
E:V5-217890	精确	5	217890	1182	3	60	lore/wiki/events/reverse-flow-river.md
E:V5-218090	精确	5	218090	1184	1	3	lore/wiki/events/reverse-flow-river.md
E:V5-218182	精确	5	218182	1184	45	13	lore/wiki/events/reverse-flow-river.md
E:V5-218316	精确	5	218316	1184	112	22	lore/wiki/events/reverse-flow-river.md
E:V5-218320	精确	5	218320	1185	1	2	lore/wiki/events/reverse-flow-river.md
E:V5-218398	精确	5	218398	1185	38	20	lore/wiki/events/reverse-flow-river.md
E:V5-218498	精确	5	218498	1185	88	48	lore/wiki/events/reverse-flow-river.md
E:V5-218522	重复(无法唯一)	5	218522			6	lore/wiki/events/reverse-flow-river.md
E:V5-218584	精确	5	218584	1186	32	48	lore/wiki/events/reverse-flow-river.md
E:V5-218722	精确	5	218722	1187	1	4	lore/wiki/events/reverse-flow-river.md
E:V5-218892	精确	5	218892	1187	84	28	lore/wiki/events/reverse-flow-river.md
E:V5-218976	精确	5	218976	1188	33	12	lore/wiki/events/reverse-flow-river.md
E:V5-218990	精确	5	218990	1188	40	12	lore/wiki/gu/human-atk-1-01-gu.md
E:V5-218992	精确	5	218992	1188	41	41	lore/wiki/gu/human-atk-1-01-gu.md
E:V5-219050	精确	5	219050	1188	70	40	lore/wiki/gu/human-atk-1-01-gu.md
E:V5-219142	模糊唯一(需复核)	5	219142	1189	21	20	lore/wiki/events/reverse-flow-river.md
E:V5-219150	精确	5	219150	1189	25	24	lore/wiki/events/reverse-flow-river.md
E:V5-219174	精确	5	219174	1189	37	10	lore/wiki/events/reverse-flow-river.md
E:V5-219194	精确	5	219194	1189	47	18	lore/wiki/events/reverse-flow-river.md
E:V5-219404	精确	5	219404	1190	67	35	lore/wiki/events/reverse-flow-river.md
E:V5-219450	精确	5	219450	1190	90	9	lore/wiki/events/reverse-flow-river.md
E:V5-219672	精确	5	219672	1192	1	7	lore/wiki/events/reverse-flow-river.md
E:V5-219858	精确	5	219858	1192	92	64	lore/wiki/events/reverse-flow-river.md
E:V5-219898	模糊唯一(需复核)	5	219898	1193	12	20	lore/wiki/events/reverse-flow-river.md
E:V5-220014	重复(无法唯一)	5	220014			5	lore/wiki/events/reverse-flow-river.md
E:V5-220192	精确	5	220192	1195	6	7	lore/wiki/events/reverse-flow-river.md
E:V5-220404	精确	5	220404	1196	14	68	lore/wiki/events/reverse-flow-river.md
E:V5-220688	精确	5	220688	1197	74	12	lore/wiki/events/reverse-flow-river.md
E:V5-220884	精确	5	220884	1198	71	29	lore/wiki/events/reverse-flow-river.md
E:V5-220908	精确	5	220908	1199	1	4	lore/wiki/events/reverse-flow-river.md
E:V5-220962	精确	5	220962	1199	26	9	lore/wiki/characters/bai-ning-bing.md
E:V5-221104	精确	5	221104	1200	1	7	lore/wiki/events/reverse-flow-river.md
E:V5-221310	重复(无法唯一)	5	221310			4	lore/wiki/events/reverse-flow-river.md
E:V5-221484	精确	5	221484	1201	86	35	lore/wiki/events/reverse-flow-river.md
E:V5-221620	精确	5	221620	1202	66	24	lore/wiki/events/reverse-flow-river.md
E:V5-221680	精确	5	221680	1202	96	50	lore/wiki/events/reverse-flow-river.md
E:V5-221726	精确	5	221726	1204	21	41	lore/wiki/events/reverse-flow-river.md
E:V5-221860	精确	5	221860	1205	1	2	lore/wiki/events/reverse-flow-river.md
E:V5-221894	精确	5	221894	1205	16	126	lore/wiki/world/primeval-essence.md
E:V5-221934	精确	5	221934	1205	36	23	lore/wiki/events/reverse-flow-river.md
E:V5-222010	重复(无法唯一)	5	222010			6	lore/wiki/events/reverse-flow-river.md
E:V5-222058	精确	5	222058	1206	1	2	lore/wiki/events/reverse-flow-river.md
E:V5-222380	精确	5	222380	1207	86	73	lore/wiki/events/reverse-flow-river.md
E:V5-222390	精确	5	222390	1208	1	2	lore/wiki/events/reverse-flow-river.md
E:V5-222958	精确	5	222958	1210	41	17	lore/wiki/events/reverse-flow-river.md
E:V5-223094	精确	5	223094	1211	11	19	lore/wiki/events/reverse-flow-river.md
E:V5-223276	精确	5	223276	1212	1	4	lore/wiki/events/reverse-flow-river.md
E:V5-223726	精确	5	223726	1214	41	20	lore/wiki/events/reverse-flow-river.md
E:V5-223764	精确	5	223764	1214	60	20	lore/wiki/events/reverse-flow-river.md
E:V5-223776	精确	5	223776	1214	66	33	lore/wiki/gu/roster-3.md
E:V5-223998	精确	5	223998	1215	66	15	lore/wiki/characters/roster.md
E:V5-224206	精确	5	224206	1216	81	83	lore/wiki/events/reverse-flow-river.md
E:V5-224424	精确	5	224424	1217	89	62	lore/wiki/characters/roster.md
E:V5-224690	精确	5	224690	1219	15	8	lore/wiki/characters/roster.md
E:V5-224856	精确	5	224856	1219	98	71	lore/wiki/characters/roster.md
E:V5-225000	精确	5	225000	1220	68	71	lore/wiki/characters/roster.md
E:V5-225038	精确	5	225038	1220	87	69	lore/wiki/events/reverse-flow-river.md
E:V5-225762	精确	5	225762	1224	31	78	lore/wiki/rules/killer-moves.md
E:V5-226036	精确	5	226036	1225	64	33	lore/wiki/events/reverse-flow-river.md
E:V5-226132	精确	5	226132	1226	17	42	lore/wiki/events/reverse-flow-river.md
E:V5-226150	精确	5	226150	1226	26	44	lore/wiki/events/reverse-flow-river.md
E:V5-226262	精确	5	226262	1226	82	12	lore/wiki/events/reverse-flow-river.md
E:V5-226834	精确	5	226834	1229	94	48	lore/wiki/characters/fang-yuan.md
E:V5-227136	精确	5	227136	1231	58	14	lore/wiki/events/reverse-flow-river.md
E:V5-227630	精确	5	227630	1233	95	79	lore/wiki/events/reverse-flow-river.md
E:V5-227716	精确	5	227716	1234	41	36	lore/wiki/events/reverse-flow-river.md
E:V5-228940	精确	5	228940	1241	14	65	lore/wiki/rules/dao-marks.md
E:V5-229100	精确	5	229100	1241	94	82	lore/wiki/events/reverse-flow-river.md
E:V5-229164	精确	5	229164	1242	27	51	lore/wiki/events/reverse-flow-river.md
E:V5-229230	精确	5	229230	1242	60	22	lore/wiki/gu/human-atk-1-01-gu.md
E:V5-229232	精确	5	229232	1242	61	20	lore/wiki/gu/human-atk-1-01-gu.md
E:V5-230204	精确	5	230204	1248	34	62	lore/wiki/rules/killer-moves.md
E:V5-230238	精确	5	230238	1248	51	99	lore/wiki/events/reverse-flow-river.md
E:V5-230276	精确	5	230276	1248	70	71	lore/wiki/log.md
E:V5-230290	精确	5	230290	1249	1	47	lore/wiki/events/reverse-flow-river.md
E:V5-230294	精确	5	230294	1249	3	30	lore/wiki/characters/yuan-lian-xian-zun.md
E:V5-230774	模糊唯一(需复核)	5	230774	1251	49	20	lore/wiki/characters/bai-ning-bing.md
E:V5-230794	精确	5	230794	1251	59	89	lore/wiki/characters/bai-ning-bing.md
E:V5-231010	精确	5	231010	1252	68	21	lore/wiki/world/longevity-heaven.md
E:V5-231016	精确	5	231016	1252	71	158	lore/wiki/events/reverse-flow-river.md
E:V5-231316	精确	5	231316	1254	20	10	lore/wiki/rules/path-realms.md
E:V5-231318	精确	5	231318	1254	21	78	lore/wiki/tools/benchmark-rules.md
E:V5-231900	精确	5	231900	1257	18	58	lore/wiki/events/reverse-flow-river.md
E:V5-232022	精确	5	232022	1258	9	91	lore/wiki/events/reverse-flow-river.md
E:V5-232980	精确	5	232980	1263	68	32	lore/wiki/events/reverse-flow-river.md
E:V5-233114	精确	5	233114	1264	31	13	lore/wiki/events/reverse-flow-river.md
E:V5-233438	模糊唯一(需复核)	5	233438	1266	1	20	lore/wiki/events/reverse-flow-river.md
E:V5-233468	模糊唯一(需复核)	5	233468	1266	16	20	lore/wiki/events/reverse-flow-river.md
E:V5-234252	精确	5	234252	1270	51	13	lore/wiki/events/reverse-flow-river.md
E:V5-234276	精确	5	234276	1270	63	43	lore/wiki/events/reverse-flow-river.md
E:V5-234290	重复(无法唯一)	5	234290			6	lore/wiki/events/reverse-flow-river.md
E:V5-234418	精确	5	234418	1271	22	90	lore/wiki/log.md
E:V5-234956	精确	5	234956	1273	86	24	lore/wiki/rules/killer-moves.md
E:V5-234960	精确	5	234960	1273	88	79	lore/wiki/tools/benchmark-rules.md
E:V5-234980	行号越界/空行	5	234980			0	lore/wiki/rules/dream-path.md
E:V5-234984	精确	5	234984	1274	2	62	lore/wiki/tools/benchmark-rules.md
E:V5-235226	精确	5	235226	1275	34	41	lore/wiki/events/reverse-flow-river.md
E:V5-235724	未找到	5	235724			0	lore/wiki/events/reverse-flow-river.md
E:V5-236188	精确	5	236188	1280	106	37	lore/wiki/events/reverse-flow-river.md
E:V5-236206	精确	5	236206	1280	115	3	lore/wiki/events/reverse-flow-river.md
E:V5-236550	精确	5	236550	1283	1	4	lore/wiki/events/reverse-flow-river.md
E:V5-236716	精确	5	236716	1284	1	8	lore/wiki/events/reverse-flow-river.md
E:V5-236818	精确	5	236818	1284	50	74	lore/wiki/events/reverse-flow-river.md
E:V5-236858	精确	5	236858	1285	1	4	lore/wiki/events/reverse-flow-river.md
E:V5-236938	精确	5	236938	1285	39	40	lore/wiki/events/reverse-flow-river.md
E:V5-236946	精确	5	236946	1285	43	32	lore/wiki/events/reverse-flow-river.md
E:V5-236958	精确	5	236958	1285	49	25	lore/wiki/events/reverse-flow-river.md
E:V5-237010	精确	5	237010	1285	75	31	lore/wiki/events/reverse-flow-river.md
E:V5-237136	精确	5	237136	1286	58	78	lore/wiki/log.md
E:V5-237546	精确	5	237546	1289	23	18	lore/wiki/events/reverse-flow-river.md
E:V5-237680	精确	5	237680	1290	2	77	lore/wiki/events/reverse-flow-river.md
E:V5-237882	精确	5	237882	1290	103	33	lore/wiki/themes/philosophy.md
E:V5-237890	精确	5	237890	1291	1	19	lore/wiki/characters/yuan-lian-xian-zun.md
E:V5-237920	精确	5	237920	1291	16	47	lore/wiki/events/reverse-flow-river.md
E:V5-237976	精确	5	237976	1291	44	47	lore/wiki/events/reverse-flow-river.md
E:V5-238002	精确	5	238002	1291	57	74	lore/wiki/events/reverse-flow-river.md
E:V5-238162	精确	5	238162	1292	21	24	lore/wiki/events/reverse-flow-river.md
E:V5-238352	精确	5	238352	1293	14	31	lore/wiki/events/reverse-flow-river.md
E:V5-238414	精确	5	238414	1293	45	26	lore/wiki/events/reverse-flow-river.md
E:V5-238564	精确	5	238564	1294	29	154	lore/wiki/events/reverse-flow-river.md
E:V5-239316	精确	5	239316	1298	21	46	lore/wiki/events/reverse-flow-river.md
E:V5-239332	精确	5	239332	1298	29	22	lore/wiki/events/reverse-flow-river.md
E:V5-239400	重复(无法唯一)	5	239400			6	lore/wiki/events/reverse-flow-river.md
E:V5-239404	精确	5	239404	1298	65	31	lore/wiki/events/reverse-flow-river.md
E:V5-239406	精确	5	239406	1298	66	86	lore/wiki/log.md
E:V5-239624	精确	5	239624	1299	60	70	lore/wiki/events/reverse-flow-river.md
E:V5-239744	精确	5	239744	1299	120	10	lore/wiki/events/reverse-flow-river.md
E:V5-239846	精确	5	239846	1301	10	69	lore/wiki/gu/persistence-gu.md
E:V5-239862	精确	5	239862	1301	18	21	lore/wiki/gu/roster-3.md
E:V5-239930	精确	5	239930	1301	52	94	lore/wiki/events/reverse-flow-river.md
E:V5-240186	精确	5	240186	1302	89	17	lore/wiki/events/reverse-flow-river.md
E:V5-240294	精确	5	240294	1303	51	59	lore/wiki/gu/gu-relations.md
E:V5-240578	精确	5	240578	1304	94	18	lore/wiki/events/reverse-flow-river.md
E:V5-240608	精确	5	240608	1304	109	18	lore/wiki/events/reverse-flow-river.md
E:V5-240694	精确	5	240694	1305	35	22	lore/wiki/events/reverse-flow-river.md
E:V5-241562	精确	5	241562	1310	31	48	lore/wiki/events/reverse-flow-river.md
E:V5-242350	精确	5	242350	1315	1	5	lore/wiki/events/reverse-flow-river.md
E:V5-242404	精确	5	242404	1315	26	49	lore/wiki/gu/heaven-atk-5-07-gu.md
E:V5-242406	精确	5	242406	1315	27	37	lore/wiki/gu/heaven-atk-5-07-gu.md
E:V5-242408	精确	5	242408	1315	28	13	lore/wiki/gu/heaven-atk-5-07-gu.md
E:V5-242568	精确	5	242568	1316	12	5	lore/wiki/events/reverse-flow-river.md
E:V5-242658	精确	5	242658	1316	57	24	lore/wiki/events/reverse-flow-river.md
E:V5-242698	精确	5	242698	1316	77	41	lore/wiki/events/reverse-flow-river.md
E:V5-242726	精确	5	242726	1316	91	102	lore/wiki/events/reverse-flow-river.md
E:V5-242900	精确	5	242900	1317	74	32	lore/wiki/events/reverse-flow-river.md
E:V5-243124	精确	5	243124	1318	84	38	lore/wiki/events/reverse-flow-river.md
E:V5-243262	精确	5	243262	1319	60	16	lore/wiki/events/reverse-flow-river.md
E:V5-243264	精确	5	243264	1319	61	55	lore/wiki/events/reverse-flow-river.md
E:V5-243524	精确	5	243524	1321	11	22	lore/wiki/events/reverse-flow-river.md
E:V5-243954	精确	5	243954	1324	19	29	lore/wiki/events/reverse-flow-river.md
E:V5-244170	重复(无法唯一)	5	244170			6	lore/wiki/events/reverse-flow-river.md
E:V5-244508	精确	5	244508	1327	14	34	lore/wiki/events/reverse-flow-river.md
E:V5-245266	精确	5	245266	1332	27	25	lore/wiki/events/reverse-flow-river.md
E:V5-246622	精确	5	246622	1338	83	40	lore/wiki/events/reverse-flow-river.md
E:V5-246640	精确	5	246640	1339	1	5	lore/wiki/characters/yuan-lian-xian-zun.md
E:V5-246682	精确	5	246682	1339	20	15	lore/wiki/characters/fang-yuan.md
E:V5-247258	精确	5	247258	1342	43	24	lore/wiki/rules/path-realms.md
E:V5-247266	精确	5	247266	1342	47	104	lore/wiki/rules/path-realms.md
E:V5-247268	精确	5	247268	1342	48	22	lore/wiki/rules/path-realms.md
E:V5-247270	精确	5	247270	1342	49	122	lore/wiki/rules/path-realms.md
E:V5-247274	精确	5	247274	1342	51	16	lore/wiki/rules/path-realms.md
E:V5-247278	精确	5	247278	1342	53	29	lore/wiki/rules/path-realms.md
E:V5-247280	精确	5	247280	1342	54	18	lore/wiki/rules/path-realms.md
E:V5-247282	精确	5	247282	1342	55	47	lore/wiki/rules/path-realms.md
E:V5-247292	精确	5	247292	1342	60	37	lore/wiki/rules/dream-path.md
E:V5-247294	精确	5	247294	1342	61	25	lore/wiki/rules/dream-path.md
E:V5-247384	精确	5	247384	1343	12	30	lore/wiki/events/reverse-flow-river.md
E:V5-248096	精确	5	248096	1346	56	118	lore/wiki/characters/fang-yuan.md
E:V5-248688	重复(无法唯一)	5	248688			6	lore/wiki/events/reverse-flow-river.md
E:V5-248714	精确	5	248714	1349	55	35	lore/wiki/events/reverse-flow-river.md
E:V5-248728	精确	5	248728	1349	62	122	lore/wiki/events/reverse-flow-river.md
E:V5-248764	精确	5	248764	1350	3	21	lore/wiki/events/reverse-flow-river.md
E:V5-248900	精确	5	248900	1350	71	10	lore/wiki/events/reverse-flow-river.md
E:V5-249098	精确	5	249098	1351	80	9	lore/wiki/events/reverse-flow-river.md
E:V5-249146	精确	5	249146	1351	104	74	lore/wiki/events/reverse-flow-river.md
E:V5-249396	精确	5	249396	1352	115	35	lore/wiki/events/reverse-flow-river.md
E:V5-250306	精确	5	250306	1357	31	13	lore/wiki/events/reverse-flow-river.md
E:V5-250408	精确	5	250408	1357	82	32	lore/wiki/events/reverse-flow-river.md
E:V5-250448	引文过短	5	250448			0	lore/wiki/events/reverse-flow-river.md
E:V5-250996	精确	5	250996	1360	77	42	lore/wiki/events/reverse-flow-river.md
E:V5-251134	精确	5	251134	1361	48	17	lore/wiki/events/reverse-flow-river.md
E:V5-251396	模糊唯一(需复核)	5	251396	1362	83	20	lore/wiki/events/reverse-flow-river.md
E:V5-251458	精确	5	251458	1363	20	75	lore/wiki/events/reverse-flow-river.md
E:V5-251830	精确	5	251830	1365	41	21	lore/wiki/events/reverse-flow-river.md
E:V5-251946	精确	5	251946	1366	1	4	lore/wiki/events/reverse-flow-river.md
E:V5-252196	精确	5	252196	1367	25	32	lore/wiki/rules/killer-moves.md
E:V5-252368	精确	5	252368	1367	111	29	lore/wiki/events/reverse-flow-river.md
E:V5-253044	精确	5	253044	1372	1	38	lore/wiki/events/reverse-flow-river.md
E:V5-253182	精确	5	253182	1372	70	25	lore/wiki/events/reverse-flow-river.md
E:V5-253246	精确	5	253246	1373	1	4	lore/wiki/events/reverse-flow-river.md
E:V5-253464	精确	5	253464	1374	4	27	lore/wiki/events/reverse-flow-river.md
E:V5-253558	精确	5	253558	1374	51	39	lore/wiki/events/reverse-flow-river.md
E:V5-253724	精确	5	253724	1375	30	43	lore/wiki/events/reverse-flow-river.md
E:V5-253882	精确	5	253882	1376	15	42	lore/wiki/events/reverse-flow-river.md
E:V5-254006	精确	5	254006	1376	77	10	lore/wiki/events/reverse-flow-river.md
E:V5-254168	精确	5	254168	1377	54	15	lore/wiki/characters/fang-yuan.md
E:V5-254216	精确	5	254216	1377	78	18	lore/wiki/events/reverse-flow-river.md
E:V5-254292	精确	5	254292	1378	3	7	lore/wiki/events/reverse-flow-river.md
E:V5-254302	精确	5	254302	1378	8	59	lore/wiki/events/reverse-flow-river.md
E:V5-254450	精确	5	254450	1378	82	11	lore/wiki/events/reverse-flow-river.md
E:V5-255080	精确	5	255080	1381	83	33	lore/wiki/events/reverse-flow-river.md
E:V5-255136	精确	5	255136	1382	1	6	lore/wiki/events/reverse-flow-river.md
E:V5-255322	精确	5	255322	1383	1	4	lore/wiki/events/reverse-flow-river.md
E:V5-255538	精确	5	255538	1384	1	4	lore/wiki/events/reverse-flow-river.md
E:V5-255738	精确	5	255738	1385	1	4	lore/wiki/events/reverse-flow-river.md
E:V5-255998	精确	5	255998	1386	24	32	lore/wiki/events/reverse-flow-river.md
E:V5-256106	精确	5	256106	1386	78	10	lore/wiki/events/reverse-flow-river.md
E:V5-256334	精确	5	256334	1387	91	42	lore/wiki/characters/fang-yuan.md
E:V5-256350	精确	5	256350	1388	1	3	lore/wiki/events/reverse-flow-river.md
E:V5-256782	精确	5	256782	1390	1	5	lore/wiki/characters/fang-yuan.md
E:V5-256982	精确	5	256982	1391	1	4	lore/wiki/events/reverse-flow-river.md
E:V5-257208	重复(无法唯一)	5	257208			2	lore/wiki/events/reverse-flow-river.md
E:V5-257412	精确	5	257412	1392	101	39	lore/wiki/events/reverse-flow-river.md
E:V5-257620	精确	5	257620	1395	1	5	lore/wiki/events/reverse-flow-river.md
E:V5-258034	精确	5	258034	1397	1	4	lore/wiki/events/reverse-flow-river.md
E:V5-258518	精确	5	258518	1399	73	56	lore/wiki/rules/dao-marks.md
E:V5-258588	精确	5	258588	1400	1	6	lore/wiki/events/reverse-flow-river.md
E:V5-258816	精确	5	258816	1401	1	4	lore/wiki/events/reverse-flow-river.md
E:V5-259006	精确	5	259006	1402	1	5	lore/wiki/events/reverse-flow-river.md
E:V5-259058	精确	5	259058	1402	25	71	lore/wiki/events/reverse-flow-river.md
E:V5-259060	精确	5	259060	1402	26	51	lore/wiki/events/reverse-flow-river.md
E:V5-259422	精确	5	259422	1404	1	4	lore/wiki/events/reverse-flow-river.md
E:V5-259624	精确	5	259624	1405	1	4	lore/wiki/characters/fang-yuan.md
E:V5-259874	精确	5	259874	1406	1	6	lore/wiki/events/reverse-flow-river.md
E:V5-260094	精确	5	260094	1407	1	5	lore/wiki/events/reverse-flow-river.md
E:V5-260374	精确	5	260374	1408	1	5	lore/wiki/events/reverse-flow-river.md
E:V5-260592	精确	5	260592	1409	1	7	lore/wiki/events/reverse-flow-river.md
E:V5-260816	精确	5	260816	1409	111	36	lore/wiki/events/reverse-flow-river.md
E:V5-260826	精确	5	260826	1410	1	6	lore/wiki/events/reverse-flow-river.md
E:V5-260950	重复(无法唯一)	5	260950			6	lore/wiki/events/reverse-flow-river.md
E:V5-261040	重复(无法唯一)	5	261040			3	lore/wiki/events/reverse-flow-river.md
E:V5-261058	精确	5	261058	1411	7	37	lore/wiki/characters/fang-yuan.md
E:V5-261400	模糊唯一(需复核)	5	261400	1412	69	20	lore/wiki/events/reverse-flow-river.md
E:V5-261682	精确	5	261682	1414	1	12	lore/wiki/events/reverse-flow-river.md
E:V5-261746	精确	5	261746	1414	33	38	lore/wiki/rules/killer-moves.md
E:V5-261928	精确	5	261928	1415	1	13	lore/wiki/events/reverse-flow-river.md
E:V5-262088	精确	5	262088	1415	81	37	lore/wiki/events/reverse-flow-river.md
E:V5-262130	精确	5	262130	1416	1	26	lore/wiki/events/reverse-flow-river.md
E:V5-262816	重复(无法唯一)	5	262816			3	lore/wiki/events/reverse-flow-river.md
E:V5-262944	模糊唯一(需复核)	5	262944	1420	41	20	lore/wiki/rules/killer-moves.md
E:V5-263308	精确	5	263308	1421	105	32	lore/wiki/events/reverse-flow-river.md
E:V5-263404	精确	5	263404	1422	46	30	lore/wiki/gu/spring-autumn-cicada-gu.md
E:V5-263494	重复(无法唯一)	5	263494			6	lore/wiki/events/reverse-flow-river.md
E:V5-263792	精确	5	263792	1424	16	40	lore/wiki/log.md
E:V5-264028	精确	5	264028	1425	23	55	lore/wiki/characters/red-lotus.md
E:V5-264046	重复(无法唯一)	5	264046			7	lore/wiki/events/reverse-flow-river.md
E:V5-264184	精确	5	264184	1425	101	12	lore/wiki/events/reverse-flow-river.md
E:V5-264186	精确	5	264186	1426	1	6	lore/wiki/characters/fang-yuan.md
E:V5-264322	精确	5	264322	1426	67	35	lore/wiki/gu/roster-3.md
E:V5-264336	精确	5	264336	1426	74	41	lore/wiki/characters/fang-yuan.md
E:V5-264364	精确	5	264364	1427	10	42	lore/wiki/events/reverse-flow-river.md
E:V5-264396	精确	5	264396	1427	26	58	lore/wiki/events/reverse-flow-river.md
E:V5-264456	精确	5	264456	1427	56	27	lore/wiki/events/reverse-flow-river.md
E:V5-264504	精确	5	264504	1427	80	27	lore/wiki/events/reverse-flow-river.md
E:V5-264658	引文过短	5	264658			0	lore/wiki/events/reverse-flow-river.md
E:V5-264808	精确	5	264808	1428	115	17	lore/wiki/events/reverse-flow-river.md
E:V5-265120	精确	5	265120	1431	1	4	lore/wiki/events/reverse-flow-river.md
E:V5-265494	精确	5	265494	1433	48	24	lore/wiki/events/reverse-flow-river.md
E:V5-265522	精确	5	265522	1434	1	2	lore/wiki/events/reverse-flow-river.md
E:V5-265616	精确	5	265616	1434	46	34	lore/wiki/events/reverse-flow-river.md
E:V5-266002	精确	5	266002	1437	10	73	lore/wiki/events/reverse-flow-river.md
E:V5-266048	精确	5	266048	1437	33	30	lore/wiki/events/reverse-flow-river.md
E:V5-266142	精确	5	266142	1437	80	42	lore/wiki/events/reverse-flow-river.md
E:V5-266194	精确	5	266194	1437	106	10	lore/wiki/events/reverse-flow-river.md
E:V5-266232	精确	5	266232	1438	15	76	lore/wiki/events/reverse-flow-river.md
E:V5-266382	精确	5	266382	1439	1	7	lore/wiki/events/reverse-flow-river.md
E:V5-266476	精确	5	266476	1439	46	20	lore/wiki/events/reverse-flow-river.md
E:V5-266494	精确	5	266494	1439	55	73	lore/wiki/events/reverse-flow-river.md
E:V5-266564	重复(无法唯一)	5	266564			7	lore/wiki/events/reverse-flow-river.md
E:V5-266590	精确	5	266590	1439	103	37	lore/wiki/events/reverse-flow-river.md
E:V5-266684	精确	5	266684	1440	42	20	lore/wiki/events/reverse-flow-river.md
E:V5-266794	精确	5	266794	1440	97	40	lore/wiki/rules/dao-marks.md
E:V5-266796	精确	5	266796	1440	98	14	lore/wiki/events/reverse-flow-river.md
E:V5-266890	精确	5	266890	1441	38	39	lore/wiki/events/reverse-flow-river.md
E:V5-266978	重复(无法唯一)	5	266978			8	lore/wiki/events/reverse-flow-river.md
E:V5-267196	精确	5	267196	1442	79	15	lore/wiki/events/reverse-flow-river.md
E:V5-267234	精确	5	267234	1442	98	28	lore/wiki/events/reverse-flow-river.md
E:V5-267286	精确	5	267286	1443	23	22	lore/wiki/events/reverse-flow-river.md
E:V5-267298	精确	5	267298	1443	29	34	lore/wiki/gu/soul-atk-1-02-gu.md
E:V5-267332	精确	5	267332	1443	46	48	lore/wiki/events/reverse-flow-river.md
E:V5-267334	精确	5	267334	1443	47	21	lore/wiki/gu/soul-atk-1-02-gu.md
E:V5-267340	精确	5	267340	1443	50	20	lore/wiki/gu/soul-atk-1-02-gu.md
E:V5-267348	精确	5	267348	1443	54	46	lore/wiki/log.md
E:V5-267352	精确	5	267352	1443	56	45	lore/wiki/gu/wisdom-gu.md
E:V5-267354	精确	5	267354	1443	57	34	lore/wiki/gu/wisdom-gu.md
E:V5-267494	精确	5	267494	1444	53	78	lore/wiki/events/reverse-flow-river.md
E:V5-267572	精确	5	267572	1444	92	45	lore/wiki/events/reverse-flow-river.md
E:V5-267822	精确	5	267822	1445	103	51	lore/wiki/events/reverse-flow-river.md
E:V5-267904	精确	5	267904	1446	38	42	lore/wiki/events/reverse-flow-river.md
E:V5-267916	精确	5	267916	1446	44	71	lore/wiki/characters/red-lotus.md
E:V5-267936	精确	5	267936	1446	54	21	lore/wiki/events/reverse-flow-river.md
E:V5-267964	精确	5	267964	1446	68	73	lore/wiki/events/reverse-flow-river.md
E:V5-268008	精确	5	268008	1447	9	17	lore/wiki/events/reverse-flow-river.md
E:V5-268376	精确	5	268376	1448	113	19	lore/wiki/events/reverse-flow-river.md
E:V5-268468	精确	5	268468	1449	43	17	lore/wiki/events/reverse-flow-river.md
E:V5-268508	重复(无法唯一)	5	268508			8	lore/wiki/events/reverse-flow-river.md
E:V5-268584	精确	5	268584	1450	15	88	lore/wiki/characters/fang-yuan.md
E:V5-268618	精确	5	268618	1450	32	34	lore/wiki/events/reverse-flow-river.md
E:V5-268688	精确	5	268688	1450	67	24	lore/wiki/events/reverse-flow-river.md
E:V5-268864	重复(无法唯一)	5	268864			5	lore/wiki/events/reverse-flow-river.md
E:V5-269048	精确	5	269048	1452	41	26	lore/wiki/events/reverse-flow-river.md
E:V5-269134	精确	5	269134	1452	84	31	lore/wiki/events/reverse-flow-river.md
E:V5-269156	精确	5	269156	1452	95	17	lore/wiki/events/reverse-flow-river.md
E:V5-269254	精确	5	269254	1453	33	175	lore/wiki/events/reverse-flow-river.md
E:V5-269292	精确	5	269292	1453	52	27	lore/wiki/events/reverse-flow-river.md
E:V5-269308	精确	5	269308	1453	60	20	lore/wiki/events/reverse-flow-river.md
E:V5-269326	精确	5	269326	1453	69	14	lore/wiki/events/reverse-flow-river.md
E:V5-269376	精确	5	269376	1454	23	92	lore/wiki/events/reverse-flow-river.md
E:V5-269412	精确	5	269412	1454	41	20	lore/wiki/events/reverse-flow-river.md
E:V5-269426	精确	5	269426	1454	48	71	lore/wiki/characters/red-lotus.md
E:V5-269442	精确	5	269442	1454	56	17	lore/wiki/events/reverse-flow-river.md
E:V5-269444	精确	5	269444	1454	57	21	lore/wiki/characters/red-lotus.md
E:V5-269460	精确	5	269460	1454	65	17	lore/wiki/events/reverse-flow-river.md
E:V5-269472	精确	5	269472	1454	71	42	lore/wiki/events/reverse-flow-river.md
E:V5-269516	精确	5	269516	1455	9	17	lore/wiki/events/reverse-flow-river.md
E:V5-269644	精确	5	269644	1455	73	51	lore/wiki/events/reverse-flow-river.md
E:V5-269650	精确	5	269650	1455	76	57	lore/wiki/events/reverse-flow-river.md
E:V5-269738	模糊唯一(需复核)	5	269738	1456	25	20	lore/wiki/events/reverse-flow-river.md
E:V5-269762	精确	5	269762	1456	37	100	lore/wiki/events/reverse-flow-river.md
E:V5-269846	精确	5	269846	1456	79	32	lore/wiki/events/reverse-flow-river.md
E:V5-269856	精确	5	269856	1456	84	46	lore/wiki/events/reverse-flow-river.md
E:V5-269866	精确	5	269866	1456	89	9	lore/wiki/events/reverse-flow-river.md
E:V5-269880	精确	5	269880	1457	5	35	lore/wiki/events/reverse-flow-river.md
E:V5-269916	精确	5	269916	1457	23	29	lore/wiki/events/reverse-flow-river.md
E:V5-269952	精确	5	269952	1457	41	36	lore/wiki/events/reverse-flow-river.md
E:V5-269986	重复(无法唯一)	5	269986			5	lore/wiki/events/reverse-flow-river.md
E:V5-269998	精确	5	269998	1457	65	114	lore/wiki/events/reverse-flow-river.md
E:V5-270144	精确	5	270144	1458	36	23	lore/wiki/events/fate-war.md
E:V5-270422	精确	5	270422	1459	81	81	lore/wiki/events/fate-war.md
E:V5-270480	精确	5	270480	1460	11	48	lore/wiki/gu/roster-3.md
E:V5-270584	精确	5	270584	1460	63	26	lore/wiki/gu/soul-atk-1-02-gu.md
E:V5-270586	精确	5	270586	1460	64	17	lore/wiki/gu/luck-atk-1-03-gu.md
E:V5-270590	精确	5	270590	1460	66	37	lore/wiki/gu/soul-atk-1-02-gu.md
E:V5-270594	精确	5	270594	1460	68	44	lore/wiki/gu/soul-atk-1-02-gu.md
E:V5-270596	精确	5	270596	1460	69	36	lore/wiki/gu/soul-atk-1-02-gu.md
E:V5-270750	精确	5	270750	1461	64	53	lore/wiki/world/heavenly-court.md
E:V5-270900	重复(无法唯一)	5	270900			4	lore/wiki/events/fate-war.md
E:V5-270904	精确	5	270904	1462	69	30	lore/wiki/gu/soul-atk-1-02-gu.md
E:V5-270906	精确	5	270906	1462	70	24	lore/wiki/gu/soul-atk-1-02-gu.md
E:V5-270924	精确	5	270924	1463	2	30	lore/wiki/gu/soul-atk-1-02-gu.md
E:V5-270934	精确	5	270934	1463	7	17	lore/wiki/gu/soul-atk-1-02-gu.md
E:V5-270936	精确	5	270936	1463	8	26	lore/wiki/gu/soul-atk-1-02-gu.md
E:V5-270940	精确	5	270940	1463	10	18	lore/wiki/log.md
E:V5-270944	精确	5	270944	1463	12	39	lore/wiki/gu/soul-atk-1-02-gu.md
E:V5-270954	精确	5	270954	1463	17	31	lore/wiki/gu/soul-atk-1-02-gu.md
E:V5-270958	精确	5	270958	1463	19	42	lore/wiki/gu/soul-atk-1-02-gu.md
E:V5-270962	精确	5	270962	1463	21	28	lore/wiki/log.md
E:V5-270966	精确	5	270966	1463	23	45	lore/wiki/gu/soul-atk-1-02-gu.md
E:V5-270968	精确	5	270968	1463	24	42	lore/wiki/gu/soul-atk-1-02-gu.md
E:V5-270990	精确	5	270990	1463	35	28	lore/wiki/gu/soul-atk-1-02-gu.md
E:V5-271010	精确	5	271010	1463	45	26	lore/wiki/gu/soul-atk-1-02-gu.md
E:V5-271014	模糊唯一(需复核)	5	271014	1463	47	20	lore/wiki/gu/soul-atk-1-02-gu.md
E:V5-271170	精确	5	271170	1464	34	26	lore/wiki/events/fate-war.md
E:V5-271290	精确	5	271290	1465	20	21	lore/wiki/events/fate-war.md
E:V5-271416	精确	5	271416	1466	12	27	lore/wiki/events/fate-war.md
E:V5-271488	精确	5	271488	1466	48	39	lore/wiki/events/fate-war.md
E:V5-271538	精确	5	271538	1467	1	45	lore/wiki/gu/soul-atk-1-02-gu.md
E:V5-271990	精确	5	271990	1469	54	29	lore/wiki/events/fate-war.md
E:V5-272186	精确	5	272186	1471	30	20	lore/wiki/events/fate-war.md
E:V5-273040	精确	5	273040	1475	76	9	lore/wiki/events/fate-war.md
E:V5-273142	精确	5	273142	1476	33	36	lore/wiki/log.md
E:V5-273628	精确	5	273628	1479	47	24	lore/wiki/gu/soul-atk-1-02-gu.md
E:V5-273632	精确	5	273632	1479	49	48	lore/wiki/gu/soul-atk-1-02-gu.md
E:V5-273654	精确	5	273654	1479	60	52	lore/wiki/gu/soul-atk-1-02-gu.md
E:V5-273792	精确	5	273792	1480	44	44	lore/wiki/gu/soul-atk-1-02-gu.md
E:V5-273794	精确	5	273794	1480	45	55	lore/wiki/gu/soul-atk-1-02-gu.md
E:V5-274038	精确	5	274038	1482	2	29	lore/wiki/gu/water-atk-3-06-gu.md
E:V5-275032	精确	5	275032	1486	78	34	lore/wiki/gu/soul-atk-1-02-gu.md
E:V5-275980	精确	5	275980	1492	32	17	lore/wiki/themes/philosophy.md
E:V5-276396	精确	5	276396	1494	86	17	lore/wiki/gu/roster-3.md
E:V5-276632	精确	5	276632	1496	7	52	lore/wiki/characters/red-lotus.md
E:V5-276648	精确	5	276648	1496	15	51	lore/wiki/gu/spring-autumn-cicada-gu.md
E:V5-276650	精确	5	276650	1496	16	50	lore/wiki/gu/spring-autumn-cicada-gu.md
E:V5-276652	精确	5	276652	1496	17	38	lore/wiki/gu/spring-autumn-cicada-gu.md
E:V5-276654	精确	5	276654	1496	18	55	lore/wiki/gu/spring-autumn-cicada-gu.md
E:V5-276722	精确	5	276722	1496	52	34	lore/wiki/log.md
E:V5-276724	精确	5	276724	1496	53	39	lore/wiki/gu/spring-autumn-cicada-gu.md
E:V5-276726	精确	5	276726	1496	54	9	lore/wiki/gu/spring-autumn-cicada-gu.md
E:V5-276732	精确	5	276732	1496	57	49	lore/wiki/gu/spring-autumn-cicada-gu.md
E:V5-276734	精确	5	276734	1496	58	41	lore/wiki/gu/spring-autumn-cicada-gu.md
E:V5-276740	精确	5	276740	1496	61	23	lore/wiki/gu/wisdom-gu.md
E:V5-277260	精确	5	277260	1499	59	32	lore/wiki/gu/spring-autumn-cicada-gu.md
E:V5-277262	精确	5	277262	1499	60	43	lore/wiki/gu/spring-autumn-cicada-gu.md
E:V5-277264	精确	5	277264	1499	61	14	lore/wiki/log.md
E:V5-277270	精确	5	277270	1499	64	27	lore/wiki/events/fate-war.md
E:V5-277328	精确	5	277328	1499	93	27	lore/wiki/gu/spring-autumn-cicada-gu.md
E:V5-277334	精确	5	277334	1499	96	28	lore/wiki/events/fate-war.md
E:V5-277404	精确	5	277404	1500	26	30	lore/wiki/gu/gu-relations.md
E:V5-277406	精确	5	277406	1500	27	28	lore/wiki/gu/gu-relations.md
E:V5-277410	精确	5	277410	1500	29	24	lore/wiki/log.md
E:V5-277482	精确	5	277482	1500	65	18	lore/wiki/gu/wisdom-gu.md
E:V5-277556	精确	5	277556	1501	26	59	lore/wiki/gu/spring-autumn-cicada-gu.md
E:V5-278354	精确	5	278354	1506	2	28	lore/wiki/events/fate-war.md
E:V5-278888	精确	5	278888	1509	1	4	lore/wiki/events/fate-war.md
E:V5-280674	精确	5	280674	1519	1	3	lore/wiki/events/fate-war.md
E:V5-281070	精确	5	281070	1521	11	56	lore/wiki/rules/path-realms.md
E:V5-281074	精确	5	281074	1521	13	22	lore/wiki/tools/benchmark-rules.md
E:V5-281084	精确	5	281084	1521	18	64	lore/wiki/rules/path-realms.md
E:V5-281086	精确	5	281086	1521	19	49	lore/wiki/rules/path-realms.md
E:V5-281100	精确	5	281100	1521	26	22	lore/wiki/tools/benchmark-venerables.md
E:V5-281102	精确	5	281102	1521	27	44	lore/wiki/tools/benchmark-venerables.md
E:V5-281112	精确	5	281112	1521	32	55	lore/wiki/rules/path-realms.md
E:V5-281118	精确	5	281118	1521	35	49	lore/wiki/rules/path-realms.md
E:V5-281196	精确	5	281196	1522	1	4	lore/wiki/events/fate-war.md
E:V5-281506	精确	5	281506	1524	11	55	lore/wiki/gu/soul-atk-1-02-gu.md
E:V5-281508	精确	5	281508	1524	12	81	lore/wiki/gu/soul-atk-1-02-gu.md
E:V5-281510	精确	5	281510	1524	13	48	lore/wiki/gu/soul-atk-1-02-gu.md
E:V5-281512	精确	5	281512	1524	14	24	lore/wiki/gu/soul-atk-1-02-gu.md
E:V5-282046	精确	5	282046	1527	24	33	lore/wiki/characters/yuan-lian-xian-zun.md
E:V5-282622	精确	5	282622	1530	87	15	lore/wiki/events/fate-war.md
E:V5-283368	精确	5	283368	1535	12	22	lore/wiki/events/fate-war.md
E:V5-284146	精确	5	284146	1540	7	37	lore/wiki/events/fate-war.md
E:V5-285494	精确	5	285494	1548	6	105	lore/wiki/events/fate-war.md
E:V5-285552	精确	5	285552	1548	35	13	lore/wiki/rules/refinement.md
E:V5-285554	精确	5	285554	1548	36	43	lore/wiki/tools/benchmark-rules.md
E:V5-285558	精确	5	285558	1548	38	17	lore/wiki/tools/benchmark-rules.md
E:V5-286120	精确	5	286120	1552	37	63	lore/wiki/rules/killer-moves.md
E:V5-286280	精确	5	286280	1553	58	22	lore/wiki/events/fate-war.md
E:V5-287150	精确	5	287150	1558	58	47	lore/wiki/events/fate-war.md
E:V5-287386	精确	5	287386	1560	49	71	lore/wiki/gu/heaven-atk-5-07-gu.md
E:V5-287980	精确	5	287980	1563	35	17	lore/wiki/gu/heaven-atk-5-07-gu.md
E:V5-288080	精确	5	288080	1563	85	49	lore/wiki/gu/heaven-atk-5-07-gu.md
E:V5-288082	精确	5	288082	1563	86	46	lore/wiki/gu/heaven-atk-5-07-gu.md
E:V5-288640	精确	5	288640	1566	81	31	lore/wiki/events/fate-war.md
E:V5-288800	精确	5	288800	1567	73	26	lore/wiki/events/fate-war.md
E:V5-288830	精确	5	288830	1568	6	37	lore/wiki/gu/wisdom-gu.md
E:V5-288892	精确	5	288892	1568	37	24	lore/wiki/gu/wisdom-gu.md
E:V5-288894	精确	5	288894	1568	38	37	lore/wiki/log.md
E:V5-288960	精确	5	288960	1568	71	29	lore/wiki/events/fate-war.md
E:V5-288976	精确	5	288976	1571	1	5	lore/wiki/gu/heaven-atk-5-07-gu.md
E:V5-289006	精确	5	289006	1571	13	53	lore/wiki/gu/heaven-atk-5-07-gu.md
E:V5-289008	精确	5	289008	1571	14	27	lore/wiki/gu/wisdom-gu.md
E:V5-289018	精确	5	289018	1571	19	71	lore/wiki/gu/wisdom-gu.md
E:V5-289032	精确	5	289032	1571	26	50	lore/wiki/log.md
E:V5-289070	精确	5	289070	1571	45	42	lore/wiki/log.md
E:V5-289074	精确	5	289074	1571	47	52	lore/wiki/gu/heaven-atk-5-07-gu.md
E:V5-289082	精确	5	289082	1571	51	63	lore/wiki/gu/heaven-atk-5-07-gu.md
E:V5-289084	精确	5	289084	1571	52	35	lore/wiki/gu/heaven-atk-5-07-gu.md
E:V5-289088	精确	5	289088	1571	54	31	lore/wiki/gu/heaven-atk-5-07-gu.md
E:V5-289108	精确	5	289108	1571	1	5	lore/wiki/gu/heaven-atk-5-07-gu.md
E:V5-289110	精确	5	289110	1572	1	4	lore/wiki/gu/heaven-atk-5-07-gu.md
E:V5-289122	精确	5	289122	1572	4	58	lore/wiki/rules/path-realms.md
E:V5-289124	精确	5	289124	1572	5	34	lore/wiki/rules/path-realms.md
E:V5-289128	模糊唯一(需复核)	5	289128	1572	7	20	lore/wiki/rules/dream-path.md
E:V5-289146	精确	5	289146	1572	16	48	lore/wiki/rules/path-realms.md
E:V5-289148	精确	5	289148	1572	17	77	lore/wiki/tools/benchmark-rules.md
E:V5-289152	精确	5	289152	1572	19	65	lore/wiki/rules/path-realms.md
E:V5-289268	精确	5	289268	1571	1	5	lore/wiki/gu/heaven-atk-5-07-gu.md
E:V5-289348	精确	5	289348	1571	39	29	lore/wiki/gu/heaven-atk-5-07-gu.md
E:V5-289378	精确	5	289378	1571	54	31	lore/wiki/gu/heaven-atk-5-07-gu.md
E:V5-289398	精确	5	289398	1571	1	5	lore/wiki/gu/heaven-atk-5-07-gu.md
E:V5-289400	精确	5	289400	1572	1	4	lore/wiki/gu/heaven-atk-5-07-gu.md
E:V5-289570	精确	5	289570	1573	6	59	lore/wiki/events/fate-war.md
E:V5-289728	精确	5	289728	1574	20	31	lore/wiki/gu/wisdom-gu.md
E:V5-289764	精确	5	289764	1574	38	113	lore/wiki/events/fate-war.md
E:V5-290224	精确	5	290224	1577	41	140	lore/wiki/log.md
E:V5-290638	精确	5	290638	1580	1	5	lore/wiki/events/fate-war.md
E:V5-290716	精确	5	290716	1580	38	57	lore/wiki/rules/path-realms.md
E:V5-290800	精确	5	290800	1580	80	39	lore/wiki/index.md
E:V5-290832	精确	5	290832	1581	13	77	lore/wiki/gu/soul-atk-1-02-gu.md
E:V5-290850	精确	5	290850	1581	22	10	lore/wiki/log.md
E:V5-290860	精确	5	290860	1581	27	88	lore/wiki/log.md
E:V5-290864	精确	5	290864	1581	29	39	lore/wiki/log.md
E:V5-290866	精确	5	290866	1581	30	32	lore/wiki/rules/killer-moves.md
E:V5-290870	精确	5	290870	1581	32	60	lore/wiki/rules/killer-moves.md
E:V5-290876	精确	5	290876	1581	35	83	lore/wiki/rules/killer-moves.md
E:V5-290878	精确	5	290878	1581	36	46	lore/wiki/rules/killer-moves.md
E:V5-290884	精确	5	290884	1581	39	79	lore/wiki/rules/killer-moves.md
E:V5-290890	精确	5	290890	1581	42	21	lore/wiki/log.md
E:V5-290908	精确	5	290908	1581	51	29	lore/wiki/rules/refinement.md
E:V5-290910	精确	5	290910	1581	52	29	lore/wiki/log.md
E:V5-290912	精确	5	290912	1581	53	65	lore/wiki/rules/refinement.md
E:V5-290918	精确	5	290918	1581	56	77	lore/wiki/rules/refinement.md
E:V5-290920	精确	5	290920	1581	57	23	lore/wiki/rules/refinement.md
E:V5-290976	精确	5	290976	1582	1	2	lore/wiki/events/fate-war.md
E:V5-291082	精确	5	291082	1582	52	19	lore/wiki/rules/killer-moves.md
E:V5-292152	精确	5	292152	1590	1	4	lore/wiki/events/fate-war.md
E:V5-292370	精确	5	292370	1591	25	43	lore/wiki/rules/killer-moves.md
E:V5-292638	精确	5	292638	1593	1	2	lore/wiki/events/fate-war.md
E:V5-292754	精确	5	292754	1594	2	14	lore/wiki/characters/yuan-lian-xian-zun.md
E:V5-293282	精确	5	293282	1598	1	9	lore/wiki/events/fate-war.md
E:V5-293406	精确	5	293406	1599	1	2	lore/wiki/events/fate-war.md
E:V5-293528	精确	5	293528	1600	4	31	lore/wiki/gu/wisdom-gu.md
E:V5-293530	精确	5	293530	1600	5	62	lore/wiki/log.md
E:V5-293538	精确	5	293538	1600	9	29	lore/wiki/gu/wisdom-gu.md
E:V5-293540	精确	5	293540	1600	10	47	lore/wiki/gu/wisdom-gu.md
E:V5-293542	精确	5	293542	1600	11	63	lore/wiki/log.md
E:V5-293544	精确	5	293544	1600	12	74	lore/wiki/gu/wisdom-gu.md
E:V5-293546	精确	5	293546	1600	13	44	lore/wiki/gu/wisdom-gu.md
E:V5-293580	精确	5	293580	1600	30	83	lore/wiki/gu/wisdom-gu.md
E:V5-293942	精确	5	293942	1602	90	29	lore/wiki/events/fate-war.md
E:V5-293956	精确	5	293956	1603	1	4	lore/wiki/events/fate-war.md
E:V5-294860	精确	5	294860	1609	17	76	lore/wiki/log.md
E:V5-295914	精确	5	295914	1616	54	79	lore/wiki/rules/killer-moves.md
E:V5-296512	精确	5	296512	1621	1	5	lore/wiki/events/fate-war.md
E:V5-296934	重复(无法唯一)	5	296934			6	lore/wiki/events/fate-war.md
E:V5-297318	精确	5	297318	1625	81	106	lore/wiki/gu/vitality-grass-gu.md
E:V5-297760	精确	5	297760	1627	29	43	lore/wiki/events/fate-war.md
E:V5-298540	精确	5	298540	1632	32	28	lore/wiki/rules/dao-marks.md
E:V5-298546	精确	5	298546	1632	35	41	lore/wiki/log.md
E:V5-298696	精确	5	298696	1633	21	34	lore/wiki/events/fate-war.md
E:V5-299518	精确	5	299518	1638	44	64	lore/wiki/gu/wisdom-gu.md
E:V5-299720	精确	5	299720	1639	66	94	lore/wiki/events/fate-war.md
E:V5-299896	精确	5	299896	1640	73	51	lore/wiki/gu/human-atk-1-01-gu.md
E:V5-299926	精确	5	299926	1640	88	88	lore/wiki/log.md
E:V5-299946	精确	5	299946	1640	98	21	lore/wiki/events/fate-war.md
E:V5-300036	精确	5	300036	1641	34	16	lore/wiki/events/fate-war.md
E:V5-300784	精确	5	300784	1645	56	14	lore/wiki/events/fate-war.md
E:V5-301254	精确	5	301254	1648	20	32	lore/wiki/events/fate-war.md
E:V5-301450	精确	5	301450	1649	40	37	lore/wiki/gu/spring-autumn-cicada-gu.md
E:V5-301624	精确	5	301624	1650	63	52	lore/wiki/events/fate-war.md
E:V5-301930	精确	5	301930	1652	52	37	lore/wiki/events/fate-war.md
E:V5-302188	精确	5	302188	1653	100	13	lore/wiki/events/fate-war.md
E:V5-302916	精确	5	302916	1658	27	74	lore/wiki/events/fate-war.md
E:V5-303330	精确	5	303330	1661	1	2	lore/wiki/events/fate-war.md
E:V5-303932	精确	5	303932	1664	83	31	lore/wiki/events/fate-war.md
E:V5-304146	精确	5	304146	1666	36	31	lore/wiki/events/fate-war.md
E:V5-304548	精确	5	304548	1668	76	75	lore/wiki/events/fate-war.md
E:V5-304742	精确	5	304742	1670	37	92	lore/wiki/events/fate-war.md
E:V5-305136	精确	5	305136	1672	68	26	lore/wiki/events/fate-war.md
E:V5-306140	精确	5	306140	1678	67	69	lore/wiki/events/fate-war.md
E:V5-308578	精确	5	308578	1692	17	8	lore/wiki/events/fate-war.md
E:V5-309122	精确	5	309122	1694	67	38	lore/wiki/events/fate-war.md
E:V5-309210	精确	5	309210	1695	24	38	lore/wiki/events/fate-war.md
E:V5-309674	重复(无法唯一)	5	309674			4	lore/wiki/gu/roster-3.md
E:V5-309682	差异(需人工)	5	309682	1697	110	8	lore/wiki/events/fate-war.md
E:V5-309776	精确	5	309776	1698	45	93	lore/wiki/themes/philosophy.md
E:V5-309800	精确	5	309800	1698	57	22	lore/wiki/events/fate-war.md
E:V5-309838	精确	5	309838	1699	15	45	lore/wiki/events/fate-war.md
E:V5-309856	精确	5	309856	1699	24	42	lore/wiki/themes/philosophy.md
E:V5-309872	精确	5	309872	1699	32	64	lore/wiki/log.md
E:V5-309874	精确	5	309874	1699	33	54	lore/wiki/log.md
E:V5-309996	精确	5	309996	1700	28	36	lore/wiki/themes/philosophy.md
E:V5-310060	差异(需人工)	5	310060	1700	60	10	lore/wiki/events/fate-war.md
E:V5-310240	精确	5	310240	1701	63	36	lore/wiki/events/fate-war.md
E:V5-310286	精确	5	310286	1702	10	16	lore/wiki/world/kill-move-roster.md
E:V5-310718	精确	5	310718	1704	67	40	lore/wiki/events/fate-war.md
E:V5-310850	精确	5	310850	1705	60	6	lore/wiki/events/fate-war.md
E:V5-311090	精确	5	311090	1707	38	47	lore/wiki/rules/killer-moves.md
E:V5-311096	精确	5	311096	1707	41	42	lore/wiki/log.md
E:V5-311100	精确	5	311100	1707	43	57	lore/wiki/rules/killer-moves.md
E:V5-311102	精确	5	311102	1707	44	42	lore/wiki/rules/killer-moves.md
E:V5-311104	精确	5	311104	1707	45	63	lore/wiki/rules/killer-moves.md
E:V5-311114	精确	5	311114	1707	50	50	lore/wiki/log.md
E:V5-311990	精确	5	311990	1712	40	26	lore/wiki/world/longevity-heaven.md
E:V5-312032	精确	5	312032	1712	61	16	lore/wiki/events/fate-war.md
E:V5-312124	精确	5	312124	1713	22	86	lore/wiki/gu/fate-gu.md
E:V5-312822	精确	5	312822	1716	95	7	lore/wiki/events/story-arc-overview.md
E:V5-312846	精确	5	312846	1717	2	47	lore/wiki/events/fate-war.md
E:V5-313128	精确	5	313128	1718	64	46	lore/wiki/log.md
E:V5-313172	精确	5	313172	1718	86	33	lore/wiki/events/fate-war.md
E:V5-313331	行号越界/空行	5	313331			0	lore/wiki/events/fate-war.md
E:V5-313436	精确	5	313436	1720	39	8	lore/wiki/world/kill-move-roster.md
E:V5-313720	精确	5	313720	1721	91	27	lore/wiki/world/kill-move-roster.md
E:V5-313794	精确	5	313794	1721	128	5	lore/wiki/events/fate-war.md
E:V5-314176	精确	5	314176	1724	21	11	lore/wiki/events/fate-war.md
E:V5-314499	行号越界/空行	5	314499			0	lore/wiki/events/fate-war.md
E:V5-314815	行号越界/空行	5	314815			0	lore/wiki/events/fate-war.md
E:V5-314905	行号越界/空行	5	314905			0	lore/wiki/events/fate-war.md
E:V5-315372	重复(无法唯一)	5	315372			12	lore/wiki/events/fate-war.md
E:V5-315428	精确	5	315428	1730	34	27	lore/wiki/events/fate-war.md
E:V5-315609	行号越界/空行	5	315609			0	lore/wiki/events/fate-war.md
E:V5-315696	精确	5	315696	1731	92	4	lore/wiki/events/fate-war.md
E:V5-315910	精确	5	315910	1733	7	40	lore/wiki/events/fate-war.md
E:V5-315933	行号越界/空行	5	315933			0	lore/wiki/events/fate-war.md
E:V5-316004	精确	5	316004	1733	54	11	lore/wiki/events/fate-war.md
E:V5-316064	精确	5	316064	1733	84	41	lore/wiki/events/fate-war.md
E:V5-316244	精确	5	316244	1734	83	12	lore/wiki/events/fate-war.md
E:V5-316257	行号越界/空行	5	316257			0	lore/wiki/events/fate-war.md
E:V5-316297	行号越界/空行	5	316297			0	lore/wiki/events/fate-war.md
E:V5-316328	精确	5	316328	1735	26	61	lore/wiki/gu/roster-3.md
E:V5-316832	精确	5	316832	1737	93	23	lore/wiki/events/fate-war.md
E:V5-317184	精确	5	317184	1739	74	24	lore/wiki/events/fate-war.md
E:V5-317408	精确	5	317408	1740	93	20	lore/wiki/events/fate-war.md
E:V5-317578	精确	5	317578	1741	79	29	lore/wiki/world/heavenly-court.md
E:V5-317632	重复(无法唯一)	5	317632			8	lore/wiki/events/fate-war.md
E:V5-318158	精确	5	318158	1744	37	22	lore/wiki/events/fate-war.md
E:V5-318466	精确	5	318466	1745	89	28	lore/wiki/events/fate-war.md
E:V5-318580	精确	5	318580	1746	53	34	lore/wiki/events/fate-war.md
E:V5-318714	精确	5	318714	1747	16	25	lore/wiki/events/fate-war.md
E:V5-320448	精确	5	320448	1755	29	31	lore/wiki/events/fate-war.md
E:V5-320510	重复(无法唯一)	5	320510			28	lore/wiki/events/fate-war.md
E:V5-320558	精确	5	320558	1755	84	13	lore/wiki/events/fate-war.md
E:V5-320758	精确	5	320758	1756	75	22	lore/wiki/rules/killer-moves.md
E:V5-320856	精确	5	320856	1757	19	46	lore/wiki/rules/dao-marks.md
E:V5-321490	精确	5	321490	1760	48	37	lore/wiki/rules/killer-moves.md
E:V5-321644	重复(无法唯一)	5	321644			3	lore/wiki/events/fate-war.md
E:V5-321684	精确	5	321684	1761	35	42	lore/wiki/events/fate-war.md
E:V5-322700	精确	5	322700	1765	84	26	lore/wiki/events/fate-war.md
E:V5-322920	精确	5	322920	1766	102	29	lore/wiki/events/fate-war.md
E:V5-323070	精确	5	323070	1767	47	63	lore/wiki/log.md
E:V5-323104	精确	5	323104	1768	1	34	lore/wiki/gu/fate-gu.md
E:V5-323110	精确	5	323110	1768	4	22	lore/wiki/characters/red-lotus.md
E:V5-323112	精确	5	323112	1768	5	48	lore/wiki/tools/benchmark-fate.md
E:V5-323120	精确	5	323120	1768	9	119	lore/wiki/events/fate-war.md
E:V5-323122	精确	5	323122	1768	10	41	lore/wiki/characters/red-lotus.md
E:V5-323138	精确	5	323138	1768	18	49	lore/wiki/gu/fate-gu.md
E:V5-323164	精确	5	323164	1768	31	22	lore/wiki/themes/philosophy.md
E:V5-323174	精确	5	323174	1768	36	7	lore/wiki/characters/red-lotus.md
E:V5-323192	重复(无法唯一)	5	323192			8	lore/wiki/events/fate-war.md
E:V5-323212	精确	5	323212	1768	55	29	lore/wiki/tools/benchmark-fate.md
E:V5-323218	精确	5	323218	1768	58	26	lore/wiki/tools/benchmark-fate.md
E:V5-323232	精确	5	323232	1768	65	20	lore/wiki/events/fate-war.md
E:V5-323274	精确	5	323274	1768	86	26	lore/wiki/tools/benchmark-fate.md
E:V5-323306	精确	5	323306	1768	102	38	lore/wiki/events/fate-war.md
E:V5-323316	精确	5	323316	1768	107	23	lore/wiki/events/fate-war.md
E:V5-323318	精确	5	323318	1768	108	21	lore/wiki/events/fate-war.md
E:V5-323356	精确	5	323356	1768	127	59	lore/wiki/tools/benchmark-fate.md
E:V5-323360	精确	5	323360	1768	129	87	lore/wiki/gu/fate-gu.md
E:V5-323374	精确	5	323374	1768	136	122	lore/wiki/tools/benchmark-fate.md
E:V5-323400	重复(无法唯一)	5	323400			32	lore/wiki/events/fate-war.md
E:V5-323402	重复(无法唯一)	5	323402			39	lore/wiki/tools/benchmark-fate.md
E:V5-323406	精确	5	323406	1768	152	7	lore/wiki/tools/benchmark-fate.md
E:V5-323438	精确	5	323438	1769	7	38	lore/wiki/events/fate-war.md
E:V5-323568	精确	5	323568	1769	72	5	lore/wiki/events/fate-war.md
E:V5-323686	精确	5	323686	1770	47	14	lore/wiki/tools/benchmark-fate.md
E:V5-323692	精确	5	323692	1770	50	43	lore/wiki/gu/gu-relations.md
E:V5-323694	精确	5	323694	1770	51	36	lore/wiki/gu/gu-relations.md
E:V5-323696	精确	5	323696	1770	52	33	lore/wiki/gu/spring-autumn-cicada-gu.md
E:V5-323698	精确	5	323698	1770	53	67	lore/wiki/gu/spring-autumn-cicada-gu.md
E:V5-323702	精确	5	323702	1770	55	23	lore/wiki/gu/spring-autumn-cicada-gu.md
E:V5-323704	精确	5	323704	1770	56	32	lore/wiki/gu/spring-autumn-cicada-gu.md
E:V5-323706	精确	5	323706	1770	57	43	lore/wiki/gu/gu-relations.md
E:V5-323710	精确	5	323710	1770	59	29	lore/wiki/log.md
E:V5-323712	精确	5	323712	1770	60	59	lore/wiki/log.md
E:V5-323776	精确	5	323776	1770	92	43	lore/wiki/rules/path-realms.md
E:V5-323780	精确	5	323780	1770	94	47	lore/wiki/events/fate-war.md
E:V5-323876	精确	5	323876	1771	41	52	lore/wiki/events/fate-war.md
E:V5-324214	精确	5	324214	1773	23	40	lore/wiki/gu/spring-autumn-cicada-gu.md
E:V5-324352	精确	5	324352	1773	92	21	lore/wiki/events/fate-war.md
E:V5-324366	精确	5	324366	1774	5	40	lore/wiki/gu/spring-autumn-cicada-gu.md
E:V5-324390	精确	5	324390	1774	17	42	lore/wiki/gu/spring-autumn-cicada-gu.md
E:V5-324394	精确	5	324394	1774	19	78	lore/wiki/events/fate-war.md
E:V5-324434	精确	5	324434	1774	39	35	lore/wiki/characters/red-lotus.md
E:V5-324954	精确	5	324954	1776	90	15	lore/wiki/events/fate-war.md
E:V5-325088	精确	5	325088	1777	63	24	lore/wiki/gu/wisdom-gu.md
E:V5-325176	重复(无法唯一)	5	325176			6	lore/wiki/events/fate-war.md
E:V5-325284	精确	5	325284	1778	73	64	lore/wiki/log.md
E:V5-325312	精确	5	325312	1778	87	6	lore/wiki/events/fate-war.md
E:V5-325398	精确	5	325398	1779	39	9	lore/wiki/events/fate-war.md
E:V5-325598	精确	5	325598	1780	28	18	lore/wiki/events/fate-war.md
E:V5-325706	精确	5	325706	1780	82	33	lore/wiki/gu/spring-autumn-cicada-gu.md
E:V5-325826	精确	5	325826	1780	142	25	lore/wiki/events/fate-war.md
E:V5-326052	精确	5	326052	1781	111	41	lore/wiki/events/fate-war.md
E:V5-326080	精确	5	326080	1781	125	15	lore/wiki/events/fate-war.md
E:V5-326198	精确	5	326198	1782	42	36	lore/wiki/events/fate-war.md
E:V5-326320	精确	5	326320	1783	19	43	lore/wiki/events/fate-war.md
E:V5-326658	精确	5	326658	1784	76	38	lore/wiki/gu/spring-autumn-cicada-gu.md
E:V5-326854	精确	5	326854	1785	63	47	lore/wiki/gu/water-atk-3-06-gu.md
E:V5-327198	精确	5	327198	1787	39	29	lore/wiki/events/fate-war.md
E:V5-327236	精确	5	327236	1787	58	46	lore/wiki/events/fate-war.md
E:V5-328254	精确	5	328254	1793	19	23	lore/wiki/events/fate-war.md
E:V5-328470	精确	5	328470	1793	127	15	lore/wiki/events/fate-war.md
E:V5-328604	精确	5	328604	1794	64	25	lore/wiki/gu/human-atk-1-01-gu.md
E:V5-328606	精确	5	328606	1794	65	25	lore/wiki/gu/human-atk-1-01-gu.md
E:V5-328608	精确	5	328608	1794	66	39	lore/wiki/log.md
E:V5-328610	精确	5	328610	1794	67	52	lore/wiki/log.md
E:V5-329114	精确	5	329114	1797	24	27	lore/wiki/log.md
E:V5-329336	精确	5	329336	1798	39	56	lore/wiki/events/fate-war.md
E:V5-329378	精确	5	329378	1798	60	84	lore/wiki/events/fate-war.md
E:V5-329412	精确	5	329412	1798	77	46	lore/wiki/events/fate-war.md
E:V5-329650	精确	5	329650	1799	110	27	lore/wiki/events/fate-war.md
E:V5-329782	精确	5	329782	1800	57	45	lore/wiki/events/fate-war.md
E:V5-330216	精确	5	330216	1802	72	48	lore/wiki/gu/heaven-atk-5-07-gu.md
E:V5-330660	精确	5	330660	1804	91	46	lore/wiki/events/fate-war.md
E:V5-330704	精确	5	330704	1805	17	37	lore/wiki/events/fate-war.md
E:V5-330794	精确	5	330794	1805	62	34	lore/wiki/events/fate-war.md
E:V5-330864	精确	5	330864	1805	97	28	lore/wiki/events/fate-war.md
E:V5-330924	精确	5	330924	1806	6	18	lore/wiki/events/fate-war.md
E:V5-331378	精确	5	331378	1807	63	16	lore/wiki/events/fate-war.md
E:V5-331716	精确	5	331716	1809	13	119	lore/wiki/events/fate-war.md
E:V5-331778	精确	5	331778	1809	44	122	lore/wiki/events/fate-war.md
E:V5-331966	重复(无法唯一)	5	331966			8	lore/wiki/events/fate-war.md
E:V5-332134	精确	5	332134	1811	3	9	lore/wiki/events/fate-war.md
E:V5-332208	精确	5	332208	1811	40	21	lore/wiki/rules/killer-moves.md
E:V5-332330	精确	5	332330	1812	2	36	lore/wiki/events/fate-war.md
E:V5-332394	精确	5	332394	1812	34	47	lore/wiki/events/fate-war.md
E:V5-332488	精确	5	332488	1812	81	41	lore/wiki/events/fate-war.md
E:V5-332596	精确	5	332596	1813	30	24	lore/wiki/events/fate-war.md
E:V5-333010	重复(无法唯一)	5	333010			10	lore/wiki/events/fate-war.md
E:V5-333070	精确	5	333070	1815	83	14	lore/wiki/events/fate-war.md
E:V5-333114	精确	5	333114	1816	1	4	lore/wiki/events/fate-war.md
E:V5-333126	精确	5	333126	1816	5	49	lore/wiki/gu/soul-atk-1-02-gu.md
E:V5-333188	精确	5	333188	1816	36	54	lore/wiki/gu/gold-atk-2-12-gu.md
E:V5-333192	精确	5	333192	1816	38	36	lore/wiki/gu/gold-atk-2-12-gu.md
E:V5-333194	精确	5	333194	1816	39	25	lore/wiki/gu/gold-atk-2-12-gu.md
E:V5-333196	精确	5	333196	1816	40	32	lore/wiki/gu/gold-atk-2-12-gu.md
E:V5-333198	精确	5	333198	1816	41	20	lore/wiki/gu/gold-atk-2-12-gu.md
E:V5-333201	行号越界/空行	5	333201			0	lore/wiki/events/fate-war.md
E:V5-333206	精确	5	333206	1816	45	47	lore/wiki/gu/gold-atk-2-12-gu.md
E:V5-333214	精确	5	333214	1816	49	11	lore/wiki/gu/gold-atk-2-12-gu.md
E:V5-333216	精确	5	333216	1816	50	35	lore/wiki/gu/gold-atk-2-12-gu.md
E:V5-333228	精确	5	333228	1816	56	13	lore/wiki/gu/gold-atk-2-12-gu.md
E:V5-333230	精确	5	333230	1816	57	31	lore/wiki/gu/gold-atk-2-12-gu.md
E:V5-333232	精确	5	333232	1816	58	13	lore/wiki/gu/gold-atk-2-12-gu.md
E:V5-333234	精确	5	333234	1816	59	15	lore/wiki/gu/gold-atk-2-12-gu.md
E:V5-333236	精确	5	333236	1816	60	21	lore/wiki/gu/gold-atk-2-12-gu.md
E:V5-333280	精确	5	333280	1816	82	9	lore/wiki/events/fate-war.md
E:V5-333350	精确	5	333350	1817	8	45	lore/wiki/themes/philosophy.md
E:V5-334560	重复(无法唯一)	5	334560			4	lore/wiki/events/fate-war.md
E:V5-334584	精确	5	334584	1823	47	22	lore/wiki/events/fate-war.md
E:V5-334610	精确	5	334610	1823	60	26	lore/wiki/events/fate-war.md
E:V5-334708	精确	5	334708	1824	7	31	lore/wiki/events/fate-war.md
E:V5-335172	精确	5	335172	1826	14	38	lore/wiki/events/fate-war.md
E:V5-335376	精确	5	335376	1826	116	77	lore/wiki/events/fate-war.md
E:V5-335456	精确	5	335456	1827	31	41	lore/wiki/events/fate-war.md
E:V5-335498	精确	5	335498	1827	52	32	lore/wiki/gu/spring-autumn-cicada-gu.md
E:V5-335616	精确	5	335616	1828	27	67	lore/wiki/events/fate-war.md
E:V5-335716	精确	5	335716	1828	77	25	lore/wiki/gu/spring-autumn-cicada-gu.md
E:V5-335718	精确	5	335718	1828	78	18	lore/wiki/gu/spring-autumn-cicada-gu.md
E:V5-336068	精确	5	336068	1830	11	20	lore/wiki/events/fate-war.md
E:V5-336140	精确	5	336140	1830	47	28	lore/wiki/gu/spring-autumn-cicada-gu.md
E:V5-336154	精确	5	336154	1830	54	35	lore/wiki/events/fate-war.md
E:V5-336316	精确	5	336316	1831	36	43	lore/wiki/events/fate-war.md
E:V5-336542	精确	5	336542	1832	50	34	lore/wiki/events/fate-war.md
E:V5-336670	精确	5	336670	1832	114	48	lore/wiki/events/fate-war.md
E:V5-336698	精确	5	336698	1832	128	55	lore/wiki/events/fate-war.md
E:V5-336914	精确	5	336914	1833	106	88	lore/wiki/events/fate-war.md
E:V5-337026	精确	5	337026	1834	53	71	lore/wiki/events/fate-war.md
E:V5-337072	精确	5	337072	1834	76	19	lore/wiki/events/fate-war.md
E:V5-337146	精确	5	337146	1835	9	45	lore/wiki/events/fate-war.md
E:V5-337162	精确	5	337162	1835	17	64	lore/wiki/events/fate-war.md
E:V5-337214	精确	5	337214	1835	43	24	lore/wiki/rules/path-realms.md
E:V5-337302	精确	5	337302	1835	87	24	lore/wiki/events/fate-war.md
E:V5-337540	精确	5	337540	1837	17	40	lore/wiki/events/fate-war.md
E:V5-337542	精确	5	337542	1837	18	30	lore/wiki/rules/venerables.md
E:V5-337544	精确	5	337544	1837	19	20	lore/wiki/rules/killer-moves.md
E:V5-337546	精确	5	337546	1837	20	64	lore/wiki/tools/benchmark-rules.md
E:V5-337598	精确	5	337598	1837	46	10	lore/wiki/events/fate-war.md
E:V5-337620	精确	5	337620	1837	57	12	lore/wiki/events/fate-war.md
E:V5-337628	精确	5	337628	1837	61	49	lore/wiki/events/fate-war.md
E:V5-337814	精确	5	337814	1838	41	22	lore/wiki/events/fate-war.md
E:V5-337916	精确	5	337916	1838	92	33	lore/wiki/events/fate-war.md
E:V5-337958	精确	5	337958	1839	18	16	lore/wiki/events/fate-war.md
E:V5-338354	精确	5	338354	1840	93	18	lore/wiki/events/fate-war.md
E:V5-338400	精确	5	338400	1840	116	18	lore/wiki/events/fate-war.md
E:V5-338664	精确	5	338664	1842	54	20	lore/wiki/events/fate-war.md
E:V5-338674	精确	5	338674	1842	59	32	lore/wiki/events/fate-war.md
E:V5-338876	精确	5	338876	1843	67	8	lore/wiki/events/fate-war.md
E:V5-339326	精确	5	339326	1845	87	14	lore/wiki/events/fate-war.md
E:V5-339560	精确	5	339560	1847	22	34	lore/wiki/events/fate-war.md
E:V5-340392	精确	5	340392	1851	71	50	lore/wiki/events/fate-war.md
E:V5-340400	精确	5	340400	1851	75	14	lore/wiki/events/fate-war.md
E:V5-340476	精确	5	340476	1852	33	23	lore/wiki/events/fate-war.md
E:V5-340544	精确	5	340544	1852	67	48	lore/wiki/events/fate-war.md
E:V5-340776	精确	5	340776	1853	102	20	lore/wiki/events/fate-war.md
E:V5-340830	精确	5	340830	1854	25	56	lore/wiki/events/fate-war.md
E:V5-340944	精确	5	340944	1854	82	42	lore/wiki/events/fate-war.md
E:V5-341460	精确	5	341460	1857	6	84	lore/wiki/events/fate-war.md
E:V5-341716	精确	5	341716	1858	63	97	lore/wiki/events/fate-war.md
E:V5-341790	精确	5	341790	1859	30	45	lore/wiki/events/fate-war.md
E:V5-342636	精确	5	342636	1864	39	41	lore/wiki/rules/venerables.md
E:V5-342642	精确	5	342642	1864	42	87	lore/wiki/rules/venerables.md
E:V5-342868	重复(无法唯一)	5	342868			37	lore/wiki/events/fate-war.md
E:V5-342898	重复(无法唯一)	5	342898			18	lore/wiki/events/fate-war.md
E:V5-342920	精确	5	342920	1865	105	8	lore/wiki/events/fate-war.md
E:V5-342932	精确	5	342932	1865	111	34	lore/wiki/events/fate-war.md
E:V5-343046	精确	5	343046	1866	49	98	lore/wiki/events/fate-war.md
E:V5-343094	精确	5	343094	1866	73	15	lore/wiki/events/fate-war.md
E:V5-343200	精确	5	343200	1867	36	12	lore/wiki/events/fate-war.md
E:V5-343288	精确	5	343288	1868	11	48	lore/wiki/events/fate-war.md
E:V5-343430	精确	5	343430	1868	82	57	lore/wiki/events/fate-war.md
E:V5-343516	精确	5	343516	1869	40	103	lore/wiki/events/fate-war.md
E:V5-343568	精确	5	343568	1869	66	20	lore/wiki/events/fate-war.md
E:V5-343670	精确	5	343670	1870	33	34	lore/wiki/events/fate-war.md
E:V5-343818	精确	5	343818	1871	19	25	lore/wiki/events/fate-war.md
E:V5-343932	精确	5	343932	1871	76	32	lore/wiki/events/fate-war.md
E:V5-344052	精确	5	344052	1872	42	46	lore/wiki/events/fate-war.md
E:V5-344136	精确	5	344136	1872	84	27	lore/wiki/events/fate-war.md
E:V5-344192	精确	5	344192	1873	9	25	lore/wiki/events/fate-war.md
E:V5-344448	精确	5	344448	1874	32	48	lore/wiki/events/fate-war.md
E:V5-344616	精确	5	344616	1875	34	28	lore/wiki/events/fate-war.md
E:V5-344662	精确	5	344662	1875	57	15	lore/wiki/events/fate-war.md
E:V5-344718	精确	5	344718	1876	1	9	lore/wiki/events/fate-war.md
E:V5-344804	精确	5	344804	1876	42	19	lore/wiki/events/fate-war.md
E:V5-344918	精确	5	344918	1877	27	17	lore/wiki/events/fate-war.md
E:V5-345040	精确	5	345040	1877	88	45	lore/wiki/events/fate-war.md
E:V5-345066	精确	5	345066	1878	11	15	lore/wiki/events/fate-war.md
E:V5-345328	精确	5	345328	1879	55	100	lore/wiki/log.md
E:V5-345502	重复(无法唯一)	5	345502			4	lore/wiki/events/fate-war.md
E:V5-345604	精确	5	345604	1880	90	30	lore/wiki/events/fate-war.md
E:V5-345820	精确	5	345820	1882	27	81	lore/wiki/events/fate-war.md
E:V5-346342	精确	5	346342	1885	20	29	lore/wiki/events/fate-war.md
E:V5-346402	精确	5	346402	1885	50	51	lore/wiki/events/fate-war.md
E:V5-346442	精确	5	346442	1885	70	40	lore/wiki/log.md
E:V5-346624	精确	5	346624	1886	41	28	lore/wiki/events/fate-war.md
E:V5-346718	精确	5	346718	1886	88	44	lore/wiki/events/fate-war.md
E:V5-346786	精确	5	346786	1887	3	74	lore/wiki/events/fate-war.md
E:V5-347070	精确	5	347070	1888	36	50	lore/wiki/events/fate-war.md
E:V5-347110	精确	5	347110	1888	56	19	lore/wiki/events/fate-war.md
E:V5-347700	精确	5	347700	1891	42	31	lore/wiki/events/fate-war.md
E:V5-347774	精确	5	347774	1891	79	16	lore/wiki/events/fate-war.md
E:V5-347812	精确	5	347812	1891	98	26	lore/wiki/events/fate-war.md
E:V5-347820	精确	5	347820	1891	102	37	lore/wiki/events/fate-war.md
E:V5-347838	精确	5	347838	1892	7	11	lore/wiki/events/fate-war.md
E:V5-348136	精确	5	348136	1893	50	26	lore/wiki/events/fate-war.md
E:V5-348282	精确	5	348282	1894	31	108	lore/wiki/events/fate-war.md
E:V5-348438	精确	5	348438	1895	22	86	lore/wiki/events/fate-war.md
E:V5-348642	精确	5	348642	1896	14	68	lore/wiki/events/fate-war.md
E:V5-348710	精确	5	348710	1896	48	71	lore/wiki/events/fate-war.md
E:V5-348868	精确	5	348868	1897	46	46	lore/wiki/events/fate-war.md
E:V5-349020	精确	5	349020	1898	41	20	lore/wiki/events/fate-war.md
E:V5-349174	精确	5	349174	1899	24	32	lore/wiki/events/fate-war.md
E:V5-349270	精确	5	349270	1899	72	38	lore/wiki/events/fate-war.md
E:V5-349408	精确	5	349408	1900	45	67	lore/wiki/events/fate-war.md
E:V5-349464	精确	5	349464	1900	73	57	lore/wiki/events/fate-war.md
E:V5-349570	精确	5	349570	1901	23	25	lore/wiki/events/fate-war.md
E:V5-349608	精确	5	349608	1901	42	28	lore/wiki/events/fate-war.md
E:V5-349706	精确	5	349706	1901	91	87	lore/wiki/events/fate-war.md
E:V5-349898	精确	5	349898	1902	93	13	lore/wiki/events/fate-war.md
E:V5-350140	精确	5	350140	1903	112	81	lore/wiki/events/fate-war.md
E:V5-350142	精确	5	350142	1903	113	44	lore/wiki/events/fate-war.md
E:V5-350206	精确	5	350206	1903	145	32	lore/wiki/events/fate-war.md
E:V5-350318	精确	5	350318	1904	12	120	lore/wiki/events/fate-war.md
E:V5-350354	精确	5	350354	1904	30	76	lore/wiki/events/fate-war.md
E:V5-350430	精确	5	350430	1904	68	45	lore/wiki/events/fate-war.md
E:V5-350644	精确	5	350644	1905	72	40	lore/wiki/events/fate-war.md
E:V5-350724	精确	5	350724	1906	22	24	lore/wiki/events/fate-war.md
E:V5-350822	精确	5	350822	1906	71	51	lore/wiki/gu/roster-3.md
E:V5-350912	精确	5	350912	1907	17	93	lore/wiki/events/fate-war.md
E:V5-351018	精确	5	351018	1907	70	30	lore/wiki/events/fate-war.md
E:V5-351122	精确	5	351122	1908	33	35	lore/wiki/events/fate-war.md
E:V5-351380	精确	5	351380	1909	78	18	lore/wiki/events/fate-war.md
E:V5-351438	精确	5	351438	1910	2	40	lore/wiki/events/fate-war.md
E:V5-351594	精确	5	351594	1910	80	72	lore/wiki/events/fate-war.md
E:V5-351640	精确	5	351640	1911	17	12	lore/wiki/events/fate-war.md
E:V5-351760	精确	5	351760	1911	77	22	lore/wiki/events/fate-war.md
E:V5-352096	精确	5	352096	1913	14	32	lore/wiki/events/fate-war.md
E:V5-352226	精确	5	352226	1913	79	60	lore/wiki/events/fate-war.md
E:V5-352294	精确	5	352294	1914	22	34	lore/wiki/events/fate-war.md
E:V5-352428	精确	5	352428	1914	89	10	lore/wiki/events/fate-war.md
E:V5-352540	精确	5	352540	1915	35	29	lore/wiki/events/fate-war.md
E:V5-352598	精确	5	352598	1915	64	66	lore/wiki/events/fate-war.md
E:V5-352764	精确	5	352764	1916	53	48	lore/wiki/events/fate-war.md
E:V5-352878	精确	5	352878	1917	7	55	lore/wiki/events/fate-war.md
E:V5-353060	精确	5	353060	1918	4	7	lore/wiki/events/fate-war.md
E:V5-353224	精确	5	353224	1918	86	54	lore/wiki/events/fate-war.md
E:V5-353364	精确	5	353364	1919	39	17	lore/wiki/events/fate-war.md
E:V5-353514	精确	5	353514	1919	114	22	lore/wiki/events/fate-war.md
E:V5-353628	精确	5	353628	1920	54	38	lore/wiki/events/fate-war.md
E:V5-353690	精确	5	353690	1920	85	36	lore/wiki/events/fate-war.md
E:V5-353830	精确	5	353830	1921	38	62	lore/wiki/events/fate-war.md
E:V5-353870	精确	5	353870	1921	58	37	lore/wiki/events/fate-war.md
E:V5-353968	精确	5	353968	1921	107	75	lore/wiki/events/fate-war.md
E:V5-354028	精确	5	354028	1922	18	83	lore/wiki/events/fate-war.md
E:V5-354222	精确	5	354222	1923	13	31	lore/wiki/events/fate-war.md
E:V5-354232	精确	5	354232	1923	18	45	lore/wiki/events/fate-war.md
E:V5-354342	精确	5	354342	1923	73	72	lore/wiki/events/fate-war.md
E:V5-354352	精确	5	354352	1923	78	21	lore/wiki/events/fate-war.md
E:V5-354512	精确	5	354512	1924	73	37	lore/wiki/events/fate-war.md
E:V5-354602	精确	5	354602	1925	23	21	lore/wiki/events/fate-war.md
E:V5-354766	重复(无法唯一)	5	354766			8	lore/wiki/events/fate-war.md
E:V5-354786	精确	5	354786	1926	5	99	lore/wiki/events/fate-war.md
E:V5-354836	精确	5	354836	1926	30	31	lore/wiki/events/fate-war.md
E:V5-355116	精确	5	355116	1927	44	33	lore/wiki/events/fate-war.md
E:V5-355228	重复(无法唯一)	5	355228			5	lore/wiki/events/fate-war.md
E:V5-355296	精确	5	355296	1928	35	44	lore/wiki/events/fate-war.md
E:V5-355388	精确	5	355388	1928	81	20	lore/wiki/events/fate-war.md
E:V5-355408	精确	5	355408	1928	91	26	lore/wiki/events/fate-war.md
E:V5-355718	精确	5	355718	1930	40	75	lore/wiki/events/fate-war.md
E:V5-355900	精确	5	355900	1931	13	36	lore/wiki/events/fate-war.md
E:V5-355976	精确	5	355976	1931	51	36	lore/wiki/events/fate-war.md
E:V5-356128	精确	5	356128	1932	51	56	lore/wiki/events/fate-war.md
E:V5-356316	精确	5	356316	1933	71	22	lore/wiki/events/fate-war.md
E:V5-356426	精确	5	356426	1934	17	94	lore/wiki/events/fate-war.md
E:V5-356500	精确	5	356500	1934	54	37	lore/wiki/events/fate-war.md
E:V5-356598	精确	5	356598	1935	13	52	lore/wiki/events/fate-war.md
E:V5-356722	精确	5	356722	1935	75	36	lore/wiki/events/fate-war.md
E:V5-356808	精确	5	356808	1936	26	29	lore/wiki/events/fate-war.md
E:V5-356906	精确	5	356906	1936	75	35	lore/wiki/events/fate-war.md
E:V5-357090	精确	5	357090	1937	71	24	lore/wiki/events/fate-war.md
E:V5-357182	精确	5	357182	1938	12	55	lore/wiki/events/fate-war.md
E:V5-357216	精确	5	357216	1938	29	104	lore/wiki/events/fate-war.md
E:V5-357274	重复(无法唯一)	5	357274			63	lore/wiki/events/fate-war.md
E:V5-357294	精确	5	357294	1938	68	46	lore/wiki/events/fate-war.md
E:V5-357476	精确	5	357476	1939	78	10	lore/wiki/events/fate-war.md
E:V5-357510	精确	5	357510	1939	95	84	lore/wiki/events/fate-war.md
E:V5-357534	精确	5	357534	1940	7	25	lore/wiki/events/fate-war.md
E:V5-357754	精确	5	357754	1941	34	24	lore/wiki/events/fate-war.md
E:V5-357970	精确	5	357970	1942	44	27	lore/wiki/events/fate-war.md
E:V5-358036	精确	5	358036	1942	77	40	lore/wiki/events/fate-war.md
E:V5-358108	精确	5	358108	1943	13	28	lore/wiki/events/fate-war.md
E:V5-358148	精确	5	358148	1943	33	94	lore/wiki/events/fate-war.md
E:V5-358262	精确	5	358262	1943	90	19	lore/wiki/events/fate-war.md
E:V5-358304	精确	5	358304	1944	19	21	lore/wiki/events/fate-war.md
E:V5-358632	精确	5	358632	1945	73	30	lore/wiki/world/kill-move-roster.md
E:V5-358654	精确	5	358654	1945	84	37	lore/wiki/events/fate-war.md
E:V5-358724	精确	5	358724	1946	15	14	lore/wiki/world/kill-move-roster.md
E:V5-358764	精确	5	358764	1946	35	55	lore/wiki/events/fate-war.md
E:V5-358846	精确	5	358846	1946	76	47	lore/wiki/events/fate-war.md
E:V5-358892	精确	5	358892	1947	4	56	lore/wiki/events/fate-war.md
E:V5-359002	精确	5	359002	1947	59	36	lore/wiki/events/fate-war.md
E:V5-359132	精确	5	359132	1948	1	53	lore/wiki/events/fate-war.md
E:V5-359164	精确	5	359164	1948	17	74	lore/wiki/events/fate-war.md
E:V5-359306	精确	5	359306	1948	88	71	lore/wiki/events/fate-war.md
E:V5-359486	精确	5	359486	1949	88	22	lore/wiki/events/fate-war.md
E:V5-359530	精确	5	359530	1950	2	79	lore/wiki/events/fate-war.md
E:V5-359636	精确	5	359636	1950	55	64	lore/wiki/events/fate-war.md
E:V5-359642	精确	5	359642	1950	58	32	lore/wiki/events/fate-war.md
E:V5-359688	精确	5	359688	1950	81	38	lore/wiki/events/fate-war.md
E:V5-359762	精确	5	359762	1951	31	50	lore/wiki/events/fate-war.md
E:V5-359944	精确	5	359944	1952	23	23	lore/wiki/events/fate-war.md
E:V5-360086	精确	5	360086	1952	94	16	lore/wiki/events/feng-mo-ku.md
E:V5-360342	重复(无法唯一)	5	360342			4	lore/wiki/events/feng-mo-ku.md
E:V5-360372	精确	5	360372	1953	113	51	lore/wiki/events/feng-mo-ku.md
E:V5-360618	精确	5	360618	1954	110	12	lore/wiki/characters/fang-yuan.md
E:V5-360844	精确	5	360844	1955	100	53	lore/wiki/world/north-plain.md
E:V5-361574	精确	5	361574	1959	7	40	lore/wiki/characters/dragon-duke.md
E:V5-361770	精确	5	361770	1960	19	57	lore/wiki/gu/spring-autumn-cicada-gu.md
E:V5-361778	精确	5	361778	1960	23	40	lore/wiki/gu/spring-autumn-cicada-gu.md
E:V5-362668	精确	5	362668	1963	131	63	lore/wiki/events/feng-mo-ku.md
E:V5-363072	精确	5	363072	1965	75	21	lore/wiki/characters/dragon-duke.md
E:V5-363080	精确	5	363080	1965	79	31	lore/wiki/characters/dragon-duke.md
E:V5-363188	精确	5	363188	1966	50	126	lore/wiki/events/feng-mo-ku.md
E:V5-363292	精确	5	363292	1967	30	51	lore/wiki/gu/roster-3.md
E:V5-363840	精确	5	363840	1969	111	17	lore/wiki/events/feng-mo-ku.md
E:V5-363938	精确	5	363938	1970	45	121	lore/wiki/characters/dragon-duke.md
E:V5-364056	精确	5	364056	1970	104	122	lore/wiki/characters/dragon-duke.md
E:V5-364428	重复(无法唯一)	5	364428			6	lore/wiki/gu/fate-gu.md
E:V5-364444	精确	5	364444	1973	27	22	lore/wiki/gu/fate-gu.md
E:V5-364726	精确	5	364726	1974	65	35	lore/wiki/themes/philosophy.md
E:V5-364728	精确	5	364728	1974	66	44	lore/wiki/themes/philosophy.md
E:V5-364734	精确	5	364734	1974	69	43	lore/wiki/themes/philosophy.md
E:V5-364738	精确	5	364738	1974	71	66	lore/wiki/themes/philosophy.md
E:V5-364744	精确	5	364744	1974	74	29	lore/wiki/themes/philosophy.md
E:V5-364764	精确	5	364764	1974	84	59	lore/wiki/themes/philosophy.md
E:V5-364774	精确	5	364774	1974	89	38	lore/wiki/themes/philosophy.md
E:V5-364786	精确	5	364786	1974	95	25	lore/wiki/themes/philosophy.md
E:V5-364788	精确	5	364788	1974	96	36	lore/wiki/themes/philosophy.md
E:V5-365038	精确	5	365038	1976	4	59	lore/wiki/rules/dream-path.md
E:V5-365040	精确	5	365040	1976	5	143	lore/wiki/rules/killer-moves.md
E:V5-365042	精确	5	365042	1976	6	80	lore/wiki/themes/philosophy.md
E:V5-365044	精确	5	365044	1976	7	109	lore/wiki/themes/philosophy.md
E:V5-365058	精确	5	365058	1976	14	56	lore/wiki/themes/philosophy.md
E:V5-365062	精确	5	365062	1976	16	45	lore/wiki/rules/killer-moves.md
E:V5-365064	精确	5	365064	1976	17	44	lore/wiki/tools/benchmark-rules.md
E:V5-365072	精确	5	365072	1976	21	108	lore/wiki/tools/benchmark-rules.md
E:V5-365076	精确	5	365076	1976	23	95	lore/wiki/characters/fang-yuan.md
E:V5-365270	精确	5	365270	1977	35	34	lore/wiki/log.md
E:V5-365366	精确	5	365366	1977	83	64	lore/wiki/characters/dragon-duke.md
E:V5-365380	精确	5	365380	1977	90	30	lore/wiki/characters/fang-yuan.md
E:V5-365750	精确	5	365750	1979	75	52	lore/wiki/characters/dragon-duke.md
E:V5-365980	精确	5	365980	1980	51	72	lore/wiki/themes/philosophy.md
E:V5-365986	重复(无法唯一)	5	365986			22	lore/wiki/themes/philosophy.md
E:V5-365988	精确	5	365988	1980	55	8	lore/wiki/themes/philosophy.md
E:V5-366004	重复(无法唯一)	5	366004			83	lore/wiki/themes/philosophy.md
E:V5-366108	精确	5	366108	1980	115	11	lore/wiki/gu/fate-gu.md
E:V5-366124	精确	5	366124	1981	4	38	lore/wiki/gu/fate-gu.md
E:V5-366396	精确	5	366396	1981	140	20	lore/wiki/characters/red-lotus.md
E:V5-366496	精确	5	366496	1983	44	28	lore/wiki/events/feng-mo-ku.md
E:V5-366548	精确	5	366548	1983	70	38	lore/wiki/characters/red-lotus.md
E:V5-366576	精确	5	366576	1983	84	15	lore/wiki/log.md
E:V5-366682	精确	5	366682	1983	137	20	lore/wiki/characters/red-lotus.md
E:V5-366804	精确	5	366804	1984	55	21	lore/wiki/characters/red-lotus.md
E:V5-366810	精确	5	366810	1984	58	14	lore/wiki/characters/red-lotus.md
E:V5-366814	精确	5	366814	1984	60	17	lore/wiki/characters/red-lotus.md
E:V5-366840	精确	5	366840	1984	73	21	lore/wiki/characters/red-lotus.md
E:V5-366862	精确	5	366862	1984	84	14	lore/wiki/characters/red-lotus.md
E:V5-366912	精确	5	366912	1984	109	58	lore/wiki/characters/red-lotus.md
E:V5-366986	精确	5	366986	1985	3	53	lore/wiki/characters/red-lotus.md
E:V5-367010	精确	5	367010	1985	15	73	lore/wiki/characters/red-lotus.md
E:V5-367224	精确	5	367224	1986	19	20	lore/wiki/events/feng-mo-ku.md
E:V5-367332	精确	5	367332	1986	73	80	lore/wiki/events/feng-mo-ku.md
E:V5-367372	精确	5	367372	1986	93	10	lore/wiki/rules/dao-marks.md
E:V5-367440	精确	5	367440	1986	127	77	lore/wiki/events/feng-mo-ku.md
E:V5-367452	精确	5	367452	1986	133	62	lore/wiki/gu/fate-gu.md
E:V5-367468	精确	5	367468	1986	141	5	lore/wiki/characters/dragon-duke.md
E:V5-367474	精确	5	367474	1986	144	32	lore/wiki/characters/dragon-duke.md
E:V5-367508	重复(无法唯一)	5	367508			32	lore/wiki/rules/tribulation.md
E:V6-216300	精确	6	216300	1172	56	33	lore/research/novel-liuchuan-review.md
E:V6-367440	精确	6	367440	1986	127	77	lore/research/novel-liuchuan-review.md
E:V6-367666	精确	6	367666	1988	15	4	lore/wiki/events/feng-mo-ku.md
E:V6-367890	精确	6	367890	1989	32	30	lore/wiki/events/feng-mo-ku.md
E:V6-368200	精确	6	368200	1991	27	43	lore/wiki/world/heavenly-court.md
E:V6-368896	精确	6	368896	1994	80	77	lore/wiki/world/shadow-sect.md
E:V6-370008	精确	6	370008	2001	28	71	lore/wiki/gu/wisdom-gu.md
E:V6-371246	精确	6	371246	2009	89	18	lore/wiki/characters/fang-yuan.md
E:V6-371270	精确	6	371270	2010	7	75	lore/wiki/events/feng-mo-ku.md
E:V6-371278	精确	6	371278	2010	11	50	lore/wiki/world/heavenly-court.md
E:V6-371992	精确	6	371992	2014	39	44	lore/wiki/events/feng-mo-ku.md
E:V6-372018	精确	6	372018	2014	52	90	lore/wiki/world/north-plain.md
E:V6-372048	精确	6	372048	2014	67	104	lore/research/novel-liuchuan-review.md
E:V6-372050	精确	6	372050	2014	68	55	lore/wiki/gu/spring-autumn-cicada-gu.md
E:V6-372052	精确	6	372052	2014	69	19	lore/wiki/gu/spring-autumn-cicada-gu.md
E:V6-372054	精确	6	372054	2014	70	67	lore/wiki/gu/spring-autumn-cicada-gu.md
E:V6-372580	精确	6	372580	2017	73	11	lore/wiki/gu/wisdom-gu.md
E:V6-372582	精确	6	372582	2017	74	41	lore/wiki/log.md
E:V6-372592	精确	6	372592	2017	79	44	lore/wiki/events/feng-mo-ku.md
E:V6-373110	精确	6	373110	2020	88	28	lore/wiki/events/feng-mo-ku.md
E:V6-373182	精确	6	373182	2021	3	37	lore/wiki/events/feng-mo-ku.md
E:V6-373468	精确	6	373468	2022	45	18	lore/wiki/events/feng-mo-ku.md
E:V6-373706	精确	6	373706	2024	12	29	lore/wiki/events/feng-mo-ku.md
E:V6-373750	精确	6	373750	2024	34	83	lore/wiki/rules/tribulation.md
E:V6-373790	精确	6	373790	2024	54	47	lore/wiki/events/feng-mo-ku.md
E:V6-374044	精确	6	374044	2025	88	34	lore/wiki/world/heavenly-court.md
E:V6-374316	精确	6	374316	2027	55	28	lore/wiki/characters/bai-ning-bing.md
E:V6-374326	精确	6	374326	2027	60	10	lore/wiki/world/shadow-sect.md
E:V6-374408	精确	6	374408	2028	21	50	lore/wiki/rules/venerables.md
E:V6-374602	精确	6	374602	2029	45	17	lore/wiki/events/feng-mo-ku.md
E:V6-375830	精确	6	375830	2038	1	11	lore/wiki/world/shadow-sect.md
E:V6-375984	精确	6	375984	2039	5	70	lore/wiki/world/heavenly-court.md
E:V6-376116	精确	6	376116	2040	1	5	lore/wiki/gu/roster-3.md
E:V6-376162	精确	6	376162	2040	22	80	lore/wiki/events/feng-mo-ku.md
E:V6-376300	精确	6	376300	2041	1	5	lore/wiki/gu/roster-3.md
E:V6-376428	精确	6	376428	2041	63	49	lore/wiki/gu/roster.md
E:V6-376572	未找到	6	376572			0	lore/wiki/gu/roster.md
E:V6-376700	精确	6	376700	2043	1	42	lore/wiki/gu/roster.md
E:V6-376870	精确	6	376870	2044	26	106	lore/wiki/gu/human-def-1-32-gu.md
E:V6-377144	精确	6	377144	2046	17	19	lore/wiki/gu/roster.md
E:V6-377246	精确	6	377246	2046	68	46	lore/wiki/events/feng-mo-ku.md
E:V6-377714	精确	6	377714	2049	1	37	lore/wiki/events/feng-mo-ku.md
E:V6-377772	精确	6	377772	2049	30	40	lore/wiki/world/heavenly-court.md
E:V6-377782	精确	6	377782	2049	35	24	lore/wiki/characters/star-constellation.md
E:V6-377784	精确	6	377784	2049	36	57	lore/wiki/characters/star-constellation.md
E:V6-377786	精确	6	377786	2049	37	53	lore/wiki/characters/star-constellation.md
E:V6-378348	精确	6	378348	2052	65	23	lore/wiki/characters/fang-yuan.md
E:V6-378424	精确	6	378424	2053	21	47	lore/wiki/characters/fang-yuan.md
E:V6-378446	精确	6	378446	2053	32	45	lore/wiki/events/feng-mo-ku.md
E:V6-378470	精确	6	378470	2053	44	28	lore/wiki/world/shadow-sect.md
E:V6-378646	精确	6	378646	2054	37	18	lore/wiki/gu/roster.md
E:V6-378892	精确	6	378892	2055	73	33	lore/wiki/world/longevity-heaven.md
E:V6-379492	未找到	6	379492			0	lore/wiki/events/feng-mo-ku.md
E:V6-379824	精确	6	379824	2059	46	80	lore/wiki/log.md
E:V6-380012	精确	6	380012	2060	74	44	lore/research/novel-liuchuan-review.md
E:V6-380466	精确	6	380466	2064	12	6	lore/wiki/world/shadow-sect.md
E:V6-380640	精确	6	380640	2064	99	15	lore/wiki/events/feng-mo-ku.md
E:V6-380670	精确	6	380670	2065	1	4	lore/wiki/events/feng-mo-ku.md
E:V6-380704	精确	6	380704	2065	16	54	lore/wiki/rules/venerables.md
E:V6-380706	精确	6	380706	2065	17	22	lore/wiki/tools/benchmark-venerables.md
E:V6-380952	精确	6	380952	2066	59	34	lore/wiki/events/feng-mo-ku.md
E:V6-381800	精确	6	381800	2070	69	19	lore/wiki/events/feng-mo-ku.md
E:V6-382578	精确	6	382578	2075	10	74	lore/wiki/events/feng-mo-ku.md
E:V6-382580	精确	6	382580	2075	11	71	lore/wiki/world/shadow-sect.md
E:V6-383044	精确	6	383044	2078	15	95	lore/wiki/characters/fang-yuan.md
E:V6-383096	精确	6	383096	2078	41	194	lore/wiki/characters/fang-yuan.md
E:V6-383286	精确	6	383286	2079	55	86	lore/wiki/events/feng-mo-ku.md
E:V6-383426	精确	6	383426	2080	30	24	lore/wiki/events/feng-mo-ku.md
E:V6-383626	精确	6	383626	2081	3	36	lore/wiki/events/feng-mo-ku.md
E:V6-383972	精确	6	383972	2082	75	69	lore/wiki/events/feng-mo-ku.md
E:V6-384016	精确	6	384016	2082	97	51	lore/wiki/characters/fang-yuan.md
E:V6-384112	精确	6	384112	2083	45	12	lore/wiki/rules/venerables.md
E:V6-384740	精确	6	384740	2086	73	8	lore/wiki/events/feng-mo-ku.md
E:V6-384920	精确	6	384920	2087	73	42	lore/wiki/characters/yuan-lian-xian-zun.md
E:V6-384928	精确	6	384928	2087	77	49	lore/wiki/world/map-roster.md
E:V6-385142	精确	6	385142	2088	91	36	lore/wiki/characters/fang-yuan.md
E:V6-385146	精确	6	385146	2088	93	31	lore/wiki/characters/fang-yuan.md
E:V6-385306	精确	6	385306	2089	77	45	lore/wiki/events/feng-mo-ku.md
E:V6-385328	精确	6	385328	2090	1	30	lore/wiki/events/feng-mo-ku.md
E:V6-385332	精确	6	385332	2090	3	39	lore/wiki/characters/yuan-lian-xian-zun.md
E:V6-385346	精确	6	385346	2090	10	44	lore/wiki/characters/yuan-lian-xian-zun.md
E:V6-385384	精确	6	385384	2090	29	59	lore/wiki/characters/fang-yuan.md
E:V6-385400	精确	6	385400	2090	37	22	lore/wiki/characters/fang-yuan.md
E:V6-385432	精确	6	385432	2090	53	22	lore/wiki/rules/venerables.md
E:V6-385438	精确	6	385438	2090	56	90	lore/wiki/rules/venerables.md
E:V6-385628	精确	6	385628	2091	52	54	lore/wiki/events/feng-mo-ku.md
E:V6-385630	精确	6	385630	2091	53	37	lore/wiki/gu/blood-atk-3-03-gu.md
E:V6-386046	精确	6	386046	2094	25	27	lore/wiki/log.md
E:V6-386262	精确	6	386262	2095	40	31	lore/wiki/characters/fang-yuan.md
E:V6-386294	精确	6	386294	2095	56	30	lore/wiki/rules/dao-marks.md
E:V6-386298	精确	6	386298	2095	58	44	lore/wiki/rules/dao-marks.md
E:V6-386302	精确	6	386302	2095	60	43	lore/wiki/rules/dao-marks.md
E:V6-386306	精确	6	386306	2095	62	113	lore/wiki/characters/fang-yuan.md
E:V6-386308	精确	6	386308	2095	63	63	lore/wiki/rules/dao-marks.md
E:V6-386316	精确	6	386316	2095	67	10	lore/wiki/rules/dao-marks.md
E:V6-386318	精确	6	386318	2095	68	63	lore/wiki/rules/dao-marks.md
E:V6-386320	精确	6	386320	2095	69	65	lore/wiki/rules/dao-marks.md
E:V6-386336	精确	6	386336	2095	77	8	lore/wiki/rules/dao-marks.md
E:V6-386362	精确	6	386362	2095	90	32	lore/wiki/themes/immortality.md
E:V6-386746	精确	6	386746	2059	26	40	lore/wiki/characters/he-lou-lan.md
E:V6-386748	精确	6	386748	2059	27	51	lore/wiki/characters/he-lou-lan.md
E:V6-386756	精确	6	386756	2059	31	34	lore/wiki/characters/he-lou-lan.md
E:V6-386766	精确	6	386766	2059	36	70	lore/wiki/characters/he-lou-lan.md
E:V6-386962	精确	6	386962	2060	65	39	lore/wiki/rules/killer-moves.md
E:V6-387004	精确	6	387004	2060	86	22	lore/wiki/rules/tribulation.md
E:V6-387006	精确	6	387006	2060	87	14	lore/wiki/rules/tribulation.md
E:V6-387074	精确	6	387074	2062	30	40	lore/wiki/events/feng-mo-ku.md
E:V6-387092	精确	6	387092	2062	39	50	lore/wiki/events/feng-mo-ku.md
E:V6-387212	精确	6	387212	2063	13	81	lore/wiki/rules/dao-marks.md
E:V6-387652	精确	6	387652	2065	7	56	lore/wiki/rules/tribulation.md
E:V6-387660	精确	6	387660	2065	11	18	lore/wiki/rules/dao-marks.md
E:V6-387664	精确	6	387664	2065	13	40	lore/wiki/rules/dao-marks.md
E:V6-387668	精确	6	387668	2065	15	68	lore/wiki/rules/dao-marks.md
E:V6-387676	精确	6	387676	2065	19	57	lore/wiki/rules/dao-marks.md
E:V6-392248	精确	6	392248	2089	67	29	lore/wiki/events/feng-mo-ku.md
E:V6-392290	精确	6	392290	2090	1	30	lore/wiki/events/feng-mo-ku.md
E:V6-392400	精确	6	392400	2090	56	90	lore/wiki/rules/venerables.md
E:V6-392548	精确	6	392548	2091	32	74	lore/wiki/events/feng-mo-ku.md
E:V6-392670	精确	6	392670	2091	93	46	lore/wiki/world/shadow-sect.md
E:V6-392798	精确	6	392798	2092	58	36	lore/wiki/events/feng-mo-ku.md
E:V6-392812	精确	6	392812	2092	65	30	lore/wiki/characters/fang-yuan.md
E:V6-393244	精确	6	393244	2095	52	29	lore/wiki/events/feng-mo-ku.md
E:V6-393328	精确	6	393328	2095	94	67	lore/wiki/themes/immortality.md
E:V6-393400	精确	6	393400	2096	33	18	lore/wiki/world/kill-move-roster.md
E:V6-393408	精确	6	393408	2096	37	45	lore/wiki/world/kill-move-roster.md
E:V6-393666	精确	6	393666	2097	68	18	lore/wiki/characters/fang-yuan.md
E:V6-393748	精确	6	393748	2098	11	30	lore/wiki/gu/roster-3.md
E:V6-393796	精确	6	393796	2098	35	30	lore/wiki/events/feng-mo-ku.md
E:V6-393994	精确	6	393994	2099	39	64	lore/wiki/events/feng-mo-ku.md
E:V6-394146	精确	6	394146	2100	38	47	lore/wiki/events/feng-mo-ku.md
E:V6-394276	精确	6	394276	2101	8	56	lore/wiki/log.md
E:V6-394278	精确	6	394278	2101	9	39	lore/wiki/rules/refinement.md
E:V6-394300	精确	6	394300	2101	20	14	lore/wiki/characters/fang-yuan.md
E:V6-394322	精确	6	394322	2101	31	46	lore/wiki/rules/refinement.md
E:V6-394324	精确	6	394324	2101	32	101	lore/wiki/log.md
E:V6-394340	精确	6	394340	2101	40	68	lore/wiki/log.md
E:V6-394344	精确	6	394344	2101	42	97	lore/wiki/log.md
E:V6-394368	精确	6	394368	2101	54	35	lore/wiki/log.md
E:V6-394372	精确	6	394372	2101	56	55	lore/wiki/rules/refinement.md
E:V6-394376	精确	6	394376	2101	58	53	lore/wiki/rules/dao-marks.md
E:V6-394380	精确	6	394380	2101	60	24	lore/wiki/tools/benchmark-rules.md
E:V6-394452	精确	6	394452	2102	30	25	lore/wiki/gu/roster-3.md
E:V6-394644	精确	6	394644	2103	42	28	lore/wiki/log.md
E:V6-394646	精确	6	394646	2103	43	15	lore/wiki/world/longevity-heaven.md
E:V6-394748	精确	6	394748	2103	94	51	lore/wiki/world/longevity-heaven.md
E:V6-394880	精确	6	394880	2104	60	40	lore/wiki/characters/fang-yuan.md
E:V6-395190	精确	6	395190	2106	39	41	lore/wiki/events/feng-mo-ku.md
E:V6-395526	精确	6	395526	2108	13	41	lore/wiki/events/feng-mo-ku.md
E:V6-395656	精确	6	395656	2108	78	26	lore/wiki/tools/benchmark-venerables.md
E:V6-395676	精确	6	395676	2108	88	12	lore/wiki/rules/venerables.md
E:V6-395812	精确	6	395812	2061	10	14	lore/wiki/rules/venerables.md
E:V6-395978	精确	6	395978	2111	10	82	lore/wiki/world/north-plain.md
E:V6-395984	精确	6	395984	2111	13	45	lore/wiki/themes/philosophy.md
E:V6-396006	精确	6	396006	2111	24	91	lore/wiki/rules/venerables.md
E:V6-396016	精确	6	396016	2111	29	21	lore/wiki/rules/venerables.md
E:V6-396036	精确	6	396036	2111	39	63	lore/wiki/tools/benchmark-rules.md
E:V6-396056	精确	6	396056	2111	49	44	lore/wiki/characters/dragon-duke.md
E:V6-396060	精确	6	396060	2111	51	40	lore/wiki/characters/dragon-duke.md
E:V6-396070	精确	6	396070	2111	56	91	lore/wiki/characters/star-constellation.md
E:V6-396076	精确	6	396076	2111	59	33	lore/wiki/rules/venerables.md
E:V6-396084	精确	6	396084	2111	63	20	lore/wiki/rules/venerables.md
E:V6-396090	精确	6	396090	2111	66	59	lore/wiki/rules/venerables.md
E:V6-396092	精确	6	396092	2111	67	81	lore/wiki/rules/venerables.md
E:V6-396094	精确	6	396094	2111	68	26	lore/wiki/tools/benchmark-venerables.md
E:V6-396100	精确	6	396100	2111	71	32	lore/wiki/rules/venerables.md
E:V6-396204	精确	6	396204	2112	47	27	lore/wiki/events/feng-mo-ku.md
E:V6-396234	精确	6	396234	2112	62	57	lore/wiki/characters/fang-yuan.md
E:V6-396236	精确	6	396236	2112	63	42	lore/wiki/rules/dream-path.md
E:V6-396260	精确	6	396260	2112	75	85	lore/wiki/rules/venerables.md
E:V6-396268	精确	6	396268	2112	79	12	lore/wiki/tools/benchmark-rules.md
E:V6-396270	精确	6	396270	2112	80	69	lore/wiki/tools/benchmark-rules.md
E:V6-396296	精确	6	396296	2113	4	11	lore/wiki/gu/roster-3.md
E:V6-396368	精确	6	396368	2113	40	73	lore/wiki/rules/dream-path.md
E:V6-396390	精确	6	396390	2113	51	8	lore/wiki/characters/fang-yuan.md
E:V6-396402	精确	6	396402	2113	57	70	lore/wiki/rules/path-realms.md
E:V6-396660	精确	6	396660	2114	76	20	lore/wiki/events/feng-mo-ku.md
E:V6-396866	精确	6	396866	2115	81	63	lore/wiki/characters/fang-yuan.md
E:V6-396902	精确	6	396902	2115	99	30	lore/wiki/gu/roster-3.md
E:V6-397196	精确	6	397196	2117	39	26	lore/wiki/events/feng-mo-ku.md
E:V6-398068	精确	6	398068	2121	9	44	lore/wiki/rules/venerables.md
E:V6-398144	精确	6	398144	2121	47	79	lore/wiki/gu/spring-autumn-cicada-gu.md
E:V6-398220	精确	6	398220	2122	30	55	lore/wiki/rules/dao-marks.md
E:V6-398224	精确	6	398224	2122	32	32	lore/wiki/rules/dao-marks.md
E:V6-398326	模糊唯一(需复核)	6	398326	2123	7	16	lore/wiki/log.md
E:V6-398582	精确	6	398582	2124	53	43	lore/wiki/events/feng-mo-ku.md
E:V6-398598	精确	6	398598	2124	61	82	lore/wiki/rules/dao-marks.md
E:V6-398784	精确	6	398784	2125	60	30	lore/wiki/events/feng-mo-ku.md
E:V6-399024	精确	6	399024	2126	68	42	lore/wiki/events/feng-mo-ku.md
E:V6-399056	精确	6	399056	2126	84	34	lore/wiki/characters/fang-yuan.md
E:V6-399192	精确	6	399192	2127	55	49	lore/wiki/rules/venerables.md
E:V6-399442	精确	6	399442	2128	74	73	lore/wiki/events/feng-mo-ku.md
E:V6-399478	精确	6	399478	2128	92	42	lore/wiki/rules/killer-moves.md
E:V6-399482	精确	6	399482	2128	94	33	lore/wiki/world/kill-move-roster.md
E:V6-399650	精确	6	399650	2129	77	26	lore/wiki/world/kill-move-roster.md
E:V6-399760	精确	6	399760	2130	38	28	lore/wiki/events/feng-mo-ku.md
E:V6-399836	精确	6	399836	2130	76	46	lore/wiki/events/feng-mo-ku.md
E:V6-399852	精确	6	399852	2130	84	39	lore/wiki/rules/killer-moves.md
E:V6-399858	精确	6	399858	2130	87	32	lore/wiki/rules/killer-moves.md
E:V6-400056	精确	6	400056	2131	88	38	lore/wiki/rules/killer-moves.md
E:V6-400128	精确	6	400128	2132	22	44	lore/wiki/rules/killer-moves.md
E:V6-400250	精确	6	400250	2132	83	45	lore/wiki/events/feng-mo-ku.md
E:V6-400342	精确	6	400342	2133	25	37	lore/wiki/events/feng-mo-ku.md
E:V6-400716	精确	6	400716	2135	21	47	lore/wiki/rules/killer-moves.md
E:V6-400794	精确	6	400794	2135	60	46	lore/wiki/world/heavenly-court.md
E:V6-400846	精确	6	400846	2135	86	31	lore/wiki/gu/roster.md
E:V6-400862	精确	6	400862	2136	5	49	lore/wiki/characters/star-constellation.md
E:V6-400904	精确	6	400904	2136	26	20	lore/wiki/events/feng-mo-ku.md
E:V6-400906	精确	6	400906	2136	27	44	lore/wiki/tools/benchmark-venerables.md
E:V6-400908	精确	6	400908	2136	28	31	lore/wiki/tools/benchmark-venerables.md
E:V6-400914	精确	6	400914	2136	31	54	lore/wiki/rules/venerables.md
E:V6-401022	精确	6	401022	2136	85	49	lore/wiki/characters/he-lou-lan.md
E:V6-401142	精确	6	401142	2137	57	56	lore/wiki/characters/he-lou-lan.md
E:V6-401144	精确	6	401144	2137	58	75	lore/wiki/log.md
E:V6-401146	精确	6	401146	2137	59	117	lore/wiki/log.md
E:V6-401148	精确	6	401148	2137	60	47	lore/wiki/events/feng-mo-ku.md
E:V6-401156	精确	6	401156	2137	64	56	lore/wiki/rules/killer-moves.md
E:V6-401158	精确	6	401158	2137	65	60	lore/wiki/log.md
E:V6-401302	精确	6	401302	2138	56	42	lore/wiki/events/feng-mo-ku.md
E:V6-401356	精确	6	401356	2138	83	122	lore/wiki/rules/killer-moves.md
E:V6-401626	精确	6	401626	2140	19	44	lore/wiki/log.md
E:V6-401660	精确	6	401660	2140	36	15	lore/wiki/events/feng-mo-ku.md
E:V6-401752	精确	6	401752	2140	82	20	lore/wiki/rules/killer-moves.md
E:V6-401946	精确	6	401946	2141	80	17	lore/wiki/gu/roster-3.md
E:V6-402034	精确	6	402034	2142	22	13	lore/wiki/events/feng-mo-ku.md
E:V6-402048	精确	6	402048	2142	29	85	lore/wiki/gu/human-atk-1-01-gu.md
E:V6-402168	精确	6	402168	2142	89	48	lore/wiki/characters/fang-yuan.md
E:V6-402308	精确	6	402308	2143	57	49	lore/wiki/log.md
E:V6-402314	精确	6	402314	2143	60	24	lore/wiki/rules/killer-moves.md
E:V6-402316	精确	6	402316	2143	61	29	lore/wiki/log.md
E:V6-402364	精确	6	402364	2143	85	34	lore/wiki/events/feng-mo-ku.md
E:V6-402732	精确	6	402732	2146	1	22	lore/research/novel-liuchuan-review.md
E:V6-402772	精确	6	402772	2146	21	51	lore/wiki/gu/roster-3.md
E:V6-402854	精确	6	402854	2146	62	58	lore/wiki/characters/fang-yuan.md
E:V6-402892	精确	6	402892	2146	81	32	lore/wiki/events/feng-mo-ku.md
E:V6-403356	精确	6	403356	2149	18	23	lore/wiki/gu/fate-gu.md
E:V6-403884	精确	6	403884	2151	54	33	lore/wiki/events/feng-mo-ku.md
E:V6-403896	精确	6	403896	2151	60	76	lore/wiki/gu/fate-gu.md
E:V6-404110	精确	6	404110	2153	6	43	lore/wiki/gu/sword-atk-4-01-gu.md
E:V6-404236	精确	6	404236	2153	69	23	lore/wiki/world/shadow-sect.md
E:V6-404242	精确	6	404242	2153	72	39	lore/wiki/events/feng-mo-ku.md
E:V6-404258	精确	6	404258	2153	80	26	lore/wiki/log.md
E:V6-404264	精确	6	404264	2153	83	37	lore/wiki/rules/killer-moves.md
E:V6-404268	精确	6	404268	2153	85	46	lore/wiki/rules/killer-moves.md
E:V6-404270	精确	6	404270	2153	86	37	lore/wiki/log.md
E:V6-404284	精确	6	404284	2153	93	26	lore/wiki/events/feng-mo-ku.md
E:V6-404296	精确	6	404296	2153	99	27	lore/wiki/events/feng-mo-ku.md
E:V6-404356	精确	6	404356	2154	13	61	lore/wiki/events/feng-mo-ku.md
E:V6-404378	精确	6	404378	2154	24	32	lore/wiki/gu/spring-autumn-cicada-gu.md
E:V6-404698	精确	6	404698	2155	71	42	lore/wiki/events/feng-mo-ku.md
E:V6-404884	精确	6	404884	2156	72	96	lore/wiki/events/feng-mo-ku.md
E:V6-404948	精确	6	404948	2157	12	22	lore/wiki/events/feng-mo-ku.md
E:V6-405072	精确	6	405072	2157	74	22	lore/wiki/characters/fang-yuan.md
E:V6-405238	精确	6	405238	2158	61	41	lore/wiki/characters/fang-yuan.md
E:V6-405336	精确	6	405336	2159	5	43	lore/wiki/characters/fang-yuan.md
E:V6-405460	精确	6	405460	2159	67	22	lore/wiki/events/feng-mo-ku.md
E:V6-405548	精确	6	405548	2160	5	35	lore/wiki/events/feng-mo-ku.md
E:V6-405560	精确	6	405560	2160	11	40	lore/wiki/rules/dao-marks.md
E:V6-405584	精确	6	405584	2160	23	28	lore/wiki/rules/tribulation.md
E:V6-405586	精确	6	405586	2160	24	89	lore/wiki/gu/heaven-atk-5-07-gu.md
E:V6-405628	精确	6	405628	2160	45	32	lore/research/novel-liuchuan-review.md
E:V6-405630	精确	6	405630	2160	46	47	lore/research/novel-liuchuan-review.md
E:V6-405730	精确	6	405730	2160	96	16	lore/wiki/events/feng-mo-ku.md
E:V6-405748	精确	6	405748	2161	3	35	lore/wiki/log.md
E:V6-405750	精确	6	405750	2161	4	14	lore/wiki/gu/gu-relations.md
E:V6-405752	精确	6	405752	2161	5	32	lore/wiki/log.md
E:V6-405754	精确	6	405754	2161	6	49	lore/wiki/rules/refinement.md
E:V6-405756	精确	6	405756	2161	7	87	lore/wiki/gu/gu-relations.md
E:V6-405758	精确	6	405758	2161	8	28	lore/wiki/gu/gu-relations.md
E:V6-405772	精确	6	405772	2161	15	43	lore/wiki/log.md
E:V6-405788	精确	6	405788	2161	23	58	lore/wiki/rules/dao-marks.md
E:V6-405790	精确	6	405790	2161	24	13	lore/wiki/rules/dao-marks.md
E:V6-405812	精确	6	405812	2161	35	42	lore/wiki/characters/fang-yuan.md
E:V6-405844	精确	6	405844	2161	51	62	lore/wiki/world/north-plain.md
E:V6-406206	精确	6	406206	2163	29	10	lore/wiki/rules/killer-moves.md
E:V6-406346	精确	6	406346	2164	2	72	lore/wiki/events/feng-mo-ku.md
E:V6-406612	精确	6	406612	2165	40	13	lore/wiki/events/feng-mo-ku.md
E:V6-406662	精确	6	406662	2165	65	15	lore/wiki/rules/dao-marks.md
E:V6-406702	精确	6	406702	2165	85	30	lore/wiki/rules/dao-marks.md
E:V6-406710	精确	6	406710	2165	89	45	lore/wiki/rules/dao-marks.md
E:V6-406726	精确	6	406726	2165	97	28	lore/wiki/log.md
E:V6-406844	精确	6	406844	2166	38	47	lore/wiki/world/north-plain.md
E:V6-407032	精确	6	407032	2167	29	19	lore/wiki/events/feng-mo-ku.md
E:V6-407828	精确	6	407828	2171	5	71	lore/wiki/characters/fang-yuan.md
E:V6-408258	精确	6	408258	2173	23	151	lore/wiki/events/feng-mo-ku.md
E:V6-408956	精确	6	408956	2176	59	24	lore/wiki/events/feng-mo-ku.md
E:V6-408972	精确	6	408972	2176	67	24	lore/wiki/gu/roster.md
E:V6-409130	精确	6	409130	2177	56	28	lore/wiki/events/feng-mo-ku.md
E:V6-409390	精确	6	409390	2179	51	60	lore/wiki/events/feng-mo-ku.md
E:V6-409736	精确	6	409736	2181	7	28	lore/wiki/world/north-plain.md
E:V6-409804	精确	6	409804	2181	41	16	lore/wiki/events/feng-mo-ku.md
E:V6-409832	精确	6	409832	2181	55	39	lore/wiki/world/north-plain.md
E:V6-409898	精确	6	409898	2181	88	38	lore/wiki/characters/star-constellation.md
E:V6-410150	精确	6	410150	2183	3	72	lore/wiki/world/north-plain.md
E:V6-410214	精确	6	410214	2183	35	10	lore/wiki/events/feng-mo-ku.md
E:V6-410414	精确	6	410414	2184	18	19	lore/wiki/world/north-plain.md
E:V6-410668	精确	6	410668	2185	10	41	lore/wiki/events/feng-mo-ku.md
E:V6-410752	精确	6	410752	2185	52	35	lore/wiki/characters/star-constellation.md
E:V6-410912	精确	6	410912	2186	32	22	lore/wiki/world/north-plain.md
E:V6-411088	精确	6	411088	2187	23	19	lore/wiki/gu/human-atk-1-01-gu.md
E:V6-411126	精确	6	411126	2187	42	31	lore/wiki/characters/star-constellation.md
E:V6-411180	精确	6	411180	2187	69	94	lore/wiki/events/feng-mo-ku.md
E:V6-411246	精确	6	411246	2188	7	59	lore/wiki/events/feng-mo-ku.md
E:V6-411266	精确	6	411266	2188	17	73	lore/wiki/world/heavenly-court.md
E:V6-411276	精确	6	411276	2188	22	64	lore/wiki/world/heavenly-court.md
E:V6-411444	精确	6	411444	2189	12	20	lore/wiki/gu/roster.md
E:V6-411470	精确	6	411470	2189	25	50	lore/wiki/events/feng-mo-ku.md
E:V6-411520	精确	6	411520	2189	50	33	lore/wiki/world/kill-move-roster.md
E:V6-411776	精确	6	411776	2190	55	20	lore/wiki/events/feng-mo-ku.md
E:V6-412232	精确	6	412232	2192	72	62	lore/wiki/rules/killer-moves.md
E:V6-412470	精确	6	412470	2193	86	10	lore/wiki/characters/he-lou-lan.md
E:V6-412520	精确	6	412520	2193	111	49	lore/wiki/characters/fang-yuan.md
E:V6-412538	精确	6	412538	2194	4	29	lore/wiki/characters/fang-yuan.md
E:V6-412752	精确	6	412752	2195	4	8	lore/wiki/gu/moonlight-gu.md
E:V6-412816	精确	6	412816	2195	36	45	lore/wiki/gu/moonlight-gu.md
E:V6-412830	精确	6	412830	2195	43	40	lore/wiki/gu/moonlight-gu.md
E:V6-412852	精确	6	412852	2195	54	39	lore/wiki/gu/moonlight-gu.md
E:V6-412958	精确	6	412958	2195	107	6	lore/wiki/events/feng-mo-ku.md
E:V6-413128	精确	6	413128	2196	76	22	lore/wiki/events/feng-mo-ku.md
E:V6-413256	精确	6	413256	2197	40	25	lore/wiki/world/north-plain.md
E:V6-413334	精确	6	413334	2197	79	22	lore/wiki/world/north-plain.md
E:V6-413480	精确	6	413480	2198	48	42	lore/wiki/world/north-plain.md
E:V6-413498	精确	6	413498	2198	57	25	lore/wiki/world/longevity-heaven.md
E:V6-413870	精确	6	413870	2199	128	7	lore/wiki/events/feng-mo-ku.md
E:V6-414394	精确	6	414394	2202	51	13	lore/wiki/events/feng-mo-ku.md
E:V6-414592	精确	6	414592	2203	50	20	lore/wiki/world/north-plain.md
E:V6-414836	精确	6	414836	2204	76	22	lore/wiki/events/feng-mo-ku.md
E:V6-414902	精确	6	414902	2204	109	33	lore/wiki/characters/fang-yuan.md
E:V6-415690	重复(无法唯一)	6	415690			6	lore/wiki/events/feng-mo-ku.md
E:V6-415748	精确	6	415748	2208	67	26	lore/wiki/rules/venerables.md
E:V6-416052	精确	6	416052	2209	96	17	lore/wiki/characters/star-constellation.md
E:V6-416110	精确	6	416110	2209	125	14	lore/wiki/characters/star-constellation.md
E:V6-416136	精确	6	416136	2210	5	45	lore/wiki/characters/star-constellation.md
E:V6-416166	精确	6	416166	2210	20	21	lore/wiki/characters/star-constellation.md
E:V6-416194	精确	6	416194	2210	34	27	lore/wiki/events/feng-mo-ku.md
E:V6-416274	精确	6	416274	2210	74	18	lore/wiki/events/feng-mo-ku.md
E:V6-416310	精确	6	416310	2210	92	23	lore/wiki/log.md
E:V6-416312	精确	6	416312	2210	93	44	lore/wiki/gu/human-atk-1-01-gu.md
E:V6-416314	精确	6	416314	2210	94	51	lore/wiki/gu/human-atk-1-01-gu.md
E:V6-416316	精确	6	416316	2210	95	18	lore/wiki/gu/human-atk-1-01-gu.md
E:V6-416318	精确	6	416318	2210	96	41	lore/wiki/gu/human-atk-1-01-gu.md
E:V6-416320	精确	6	416320	2210	97	44	lore/wiki/gu/human-atk-1-01-gu.md
E:V6-416328	精确	6	416328	2210	101	16	lore/wiki/gu/human-atk-1-01-gu.md
E:V6-416334	精确	6	416334	2210	104	32	lore/wiki/gu/human-atk-1-01-gu.md
E:V6-416834	精确	6	416834	2213	14	13	lore/wiki/world/north-plain.md
E:V6-416850	精确	6	416850	2213	22	16	lore/wiki/events/feng-mo-ku.md
E:V6-416868	精确	6	416868	2213	31	34	lore/wiki/world/north-plain.md
E:V6-417002	精确	6	417002	2213	98	16	lore/wiki/characters/fang-yuan.md
E:V6-417134	精确	6	417134	2214	52	22	lore/wiki/characters/he-lou-lan.md
E:V6-417146	精确	6	417146	2214	58	28	lore/wiki/characters/he-lou-lan.md
E:V6-417152	精确	6	417152	2214	61	47	lore/wiki/characters/he-lou-lan.md
E:V6-417184	精确	6	417184	2214	77	8	lore/wiki/characters/he-lou-lan.md
E:V6-417230	精确	6	417230	2214	100	16	lore/wiki/characters/he-lou-lan.md
E:V6-417250	精确	6	417250	2214	110	5	lore/wiki/characters/he-lou-lan.md
E:V6-417374	精确	6	417374	2215	38	21	lore/wiki/characters/star-constellation.md
E:V6-417490	精确	6	417490	2215	96	12	lore/wiki/events/feng-mo-ku.md
E:V6-417492	精确	6	417492	2215	97	29	lore/wiki/world/north-plain.md
E:V6-417558	精确	6	417558	2216	16	75	lore/wiki/world/north-plain.md
E:V6-417582	精确	6	417582	2216	28	40	lore/wiki/events/feng-mo-ku.md
E:V6-417604	精确	6	417604	2216	39	72	lore/wiki/characters/star-constellation.md
E:V6-417618	精确	6	417618	2216	46	71	lore/wiki/characters/star-constellation.md
E:V6-417644	精确	6	417644	2216	59	56	lore/wiki/world/longevity-heaven.md
E:V6-417660	重复(无法唯一)	6	417660			4	lore/wiki/events/feng-mo-ku.md
E:V6-417770	精确	6	417770	2217	42	23	lore/wiki/world/longevity-heaven.md
E:V6-417886	精确	6	417886	2217	100	14	lore/wiki/events/feng-mo-ku.md
E:V6-417918	精确	6	417918	2218	8	58	lore/wiki/log.md
E:V6-417974	精确	6	417974	2218	36	70	lore/wiki/world/heavenly-court.md
E:V6-418020	精确	6	418020	2218	59	56	lore/wiki/world/heavenly-court.md
E:V6-418136	精确	6	418136	2219	31	50	lore/wiki/events/feng-mo-ku.md
E:V6-418360	精确	6	418360	2220	22	18	lore/wiki/world/shadow-sect.md
E:V6-418402	精确	6	418402	2220	43	60	lore/wiki/characters/star-constellation.md
E:V6-418410	精确	6	418410	2220	47	21	lore/wiki/characters/star-constellation.md
E:V6-418446	精确	6	418446	2220	65	19	lore/wiki/world/north-plain.md
E:V6-418472	精确	6	418472	2220	78	28	lore/wiki/characters/star-constellation.md
E:V6-418484	精确	6	418484	2220	84	25	lore/wiki/characters/star-constellation.md
E:V6-418628	精确	6	418628	2221	46	94	lore/wiki/events/feng-mo-ku.md
E:V6-418708	精确	6	418708	2221	86	24	lore/wiki/events/feng-mo-ku.md
E:V6-418790	精确	6	418790	2222	32	39	lore/wiki/tools/benchmark-rules.md
E:V6-418802	精确	6	418802	2222	38	33	lore/wiki/events/feng-mo-ku.md
E:V6-418814	精确	6	418814	2222	44	42	lore/wiki/rules/dao-marks.md
E:V6-418884	精确	6	418884	2222	79	20	lore/wiki/characters/fang-yuan.md
E:V6-418978	精确	6	418978	2223	5	8	lore/wiki/events/feng-mo-ku.md
E:V6-419026	精确	6	419026	2223	29	32	lore/wiki/events/feng-mo-ku.md
E:V6-419296	精确	6	419296	2224	62	43	lore/wiki/events/feng-mo-ku.md
E:V6-419344	精确	6	419344	2224	86	14	lore/wiki/characters/star-constellation.md
E:V6-419646	精确	6	419646	2226	41	60	lore/wiki/events/feng-mo-ku.md
E:V6-419678	精确	6	419678	2226	57	127	lore/wiki/gu/roster.md
E:V6-419684	精确	6	419684	2226	60	113	lore/wiki/world/longevity-heaven.md
E:V6-419718	精确	6	419718	2226	77	30	lore/wiki/themes/philosophy.md
E:V6-419732	精确	6	419732	2226	84	41	lore/wiki/rules/venerables.md
E:V6-419882	精确	6	419882	2227	60	62	lore/wiki/world/north-plain.md
E:V6-420212	精确	6	420212	2229	25	107	lore/wiki/characters/he-lou-lan.md
E:V6-420226	精确	6	420226	2229	32	15	lore/wiki/events/feng-mo-ku.md
E:V6-420270	精确	6	420270	2229	54	19	lore/wiki/world/heavenly-court.md
E:V6-420294	精确	6	420294	2229	66	54	lore/wiki/events/feng-mo-ku.md
E:V6-420492	精确	6	420492	2230	67	61	lore/wiki/rules/venerables.md
E:V6-420716	重复(无法唯一)	6	420716			5	lore/wiki/events/feng-mo-ku.md
E:V6-420878	精确	6	420878	2232	18	31	lore/wiki/events/feng-mo-ku.md
E:V6-420924	精确	6	420924	2232	41	31	lore/wiki/world/longevity-heaven.md
E:V6-420948	精确	6	420948	2232	53	29	lore/wiki/characters/star-constellation.md
E:V6-421032	精确	6	421032	2232	95	9	lore/wiki/world/longevity-heaven.md
E:V6-421160	精确	6	421160	2233	43	29	lore/wiki/rules/venerables.md
E:V6-421170	精确	6	421170	2233	48	27	lore/wiki/events/feng-mo-ku.md
E:V6-421276	精确	6	421276	2233	101	24	lore/wiki/world/north-plain.md
E:V6-421326	精确	6	421326	2234	13	25	lore/wiki/events/feng-mo-ku.md
E:V6-421382	精确	6	421382	2234	41	14	lore/wiki/rules/tribulation.md
E:V6-421398	精确	6	421398	2234	49	29	lore/wiki/world/north-plain.md
E:V6-421450	精确	6	421450	2234	75	31	lore/wiki/events/feng-mo-ku.md
E:V6-421512	精确	6	421512	2235	3	34	lore/wiki/rules/tribulation.md
E:V6-421666	精确	6	421666	2235	80	15	lore/wiki/events/feng-mo-ku.md
E:V6-421670	精确	6	421670	2235	82	16	lore/wiki/world/north-plain.md
E:V6-421892	精确	6	421892	2236	46	59	lore/wiki/events/feng-mo-ku.md
E:V6-421986	精确	6	421986	2236	93	23	lore/wiki/characters/fang-yuan.md
E:V6-422102	精确	6	422102	2238	1	13	lore/wiki/characters/fang-yuan.md
E:V6-422140	精确	6	422140	2238	18	42	lore/wiki/characters/fang-yuan.md
E:V6-422196	精确	6	422196	2238	46	14	lore/wiki/rules/killer-moves.md
E:V6-422226	精确	6	422226	2238	61	84	lore/wiki/characters/fang-yuan.md
E:V6-422436	精确	6	422436	2239	86	16	lore/wiki/characters/fang-yuan.md
E:V6-422440	精确	6	422440	2239	88	20	lore/wiki/world/shadow-sect.md
E:V6-422452	精确	6	422452	2239	94	17	lore/wiki/characters/fang-yuan.md
E:V6-422458	精确	6	422458	2239	97	22	lore/wiki/world/shadow-sect.md
E:V6-422656	未找到	6	422656			0	lore/wiki/events/feng-mo-ku.md
E:V6-422920	精确	6	422920	2240	121	27	lore/wiki/events/feng-mo-ku.md
E:V6-422922	精确	6	422922	2240	122	26	lore/wiki/characters/fang-yuan.md
E:V6-423022	精确	6	423022	2242	12	9	lore/wiki/characters/fang-yuan.md
E:V6-423024	精确	6	423024	2242	13	28	lore/wiki/world/primeval-essence.md
E:V6-423168	精确	6	423168	2242	85	14	lore/wiki/characters/fang-yuan.md
E:V6-423170	精确	6	423170	2242	86	22	lore/research/novel-liuchuan-review.md
E:V6-423204	重复(无法唯一)	6	423204			4	lore/research/novel-liuchuan-review.md
E:V6-423300	精确	6	423300	2243	40	31	lore/wiki/themes/immortality.md
E:V6-423306	精确	6	423306	2243	43	79	lore/wiki/events/feng-mo-ku.md
E:V6-423316	精确	6	423316	2243	48	44	lore/wiki/world/shadow-sect.md
E:V6-423318	精确	6	423318	2243	49	167	lore/wiki/characters/fang-yuan.md
E:V6-423340	精确	6	423340	2243	60	14	lore/wiki/events/feng-mo-ku.md
E:V6-423384	精确	6	423384	2244	5	38	lore/wiki/characters/fang-yuan.md
E:V6-423546	精确	6	423546	2244	86	38	lore/wiki/world/heavenly-court.md
E:V6-423844	精确	6	423844	2246	69	51	lore/wiki/events/feng-mo-ku.md
E:V6-423848	精确	6	423848	2246	71	21	lore/wiki/characters/fang-yuan.md
E:V6-423856	精确	6	423856	2246	75	67	lore/wiki/themes/philosophy.md
E:V6-423868	精确	6	423868	2246	81	48	lore/wiki/characters/fang-yuan.md
E:V6-423876	精确	6	423876	2246	85	64	lore/wiki/characters/fang-yuan.md
E:V6-423886	精确	6	423886	2246	90	38	lore/wiki/themes/philosophy.md
E:V6-423924	精确	6	423924	2246	109	40	lore/wiki/themes/philosophy.md
E:V6-423932	精确	6	423932	2247	1	4	lore/wiki/themes/philosophy.md
E:V6-424018	精确	6	424018	2247	42	19	lore/wiki/events/feng-mo-ku.md
E:V6-424166	精确	6	424166	2248	10	10	lore/wiki/world/longevity-heaven.md
E:V6-424236	精确	6	424236	2248	45	43	lore/wiki/events/feng-mo-ku.md
E:V6-424542	精确	6	424542	2249	100	49	lore/wiki/characters/fang-yuan.md
E:V6-424762	精确	6	424762	2251	10	64	lore/wiki/characters/fang-yuan.md
E:V6-425046	精确	6	425046	2252	56	74	lore/wiki/world/longevity-heaven.md
E:V6-425306	精确	6	425306	2253	77	37	lore/wiki/events/feng-mo-ku.md
E:V6-425348	精确	6	425348	2254	9	35	lore/wiki/rules/killer-moves.md
E:V6-425638	精确	6	425638	2255	42	32	lore/wiki/events/feng-mo-ku.md
E:V6-425672	精确	6	425672	2255	59	116	lore/wiki/world/heavenly-court.md
E:V6-425878	精确	6	425878	2256	74	29	lore/wiki/events/feng-mo-ku.md
E:V6-426040	精确	6	426040	2257	63	21	lore/wiki/world/longevity-heaven.md
E:V6-426120	精确	6	426120	2257	103	19	lore/wiki/characters/star-constellation.md
E:V6-426246	精确	6	426246	2258	58	28	lore/wiki/events/feng-mo-ku.md
E:V6-426386	精确	6	426386	2259	22	17	lore/wiki/characters/fang-yuan.md
E:V6-426670	精确	6	426670	2260	62	75	lore/wiki/events/feng-mo-ku.md
E:V6-426756	精确	6	426756	2260	105	29	lore/wiki/characters/fang-yuan.md
E:V6-426978	精确	6	426978	2261	102	52	lore/wiki/characters/fang-yuan.md
E:V6-427012	精确	6	427012	2262	13	30	lore/wiki/events/feng-mo-ku.md
E:V6-427016	精确	6	427016	2262	15	51	lore/wiki/gu/gu-relations.md
E:V6-427264	精确	6	427264	2263	40	84	lore/wiki/gu/spring-autumn-cicada-gu.md
E:V6-427352	精确	6	427352	2263	84	30	lore/wiki/events/feng-mo-ku.md
E:V6-427376	精确	6	427376	2264	6	58	lore/wiki/characters/fang-yuan.md
E:V6-427394	精确	6	427394	2264	15	51	lore/wiki/events/feng-mo-ku.md
E:V6-427412	精确	6	427412	2264	24	40	lore/wiki/characters/fang-yuan.md
E:V6-427716	精确	6	427716	2265	66	31	lore/wiki/events/feng-mo-ku.md
E:V6-427974	精确	6	427974	2266	92	52	lore/wiki/rules/killer-moves.md
E:V6-428070	精确	6	428070	2267	43	22	lore/wiki/events/feng-mo-ku.md
E:V6-428246	精确	6	428246	2268	24	63	lore/wiki/characters/fang-yuan.md
E:V6-428458	精确	6	428458	2270	5	21	lore/wiki/characters/fang-yuan.md
E:V6-428780	精确	6	428780	2271	83	16	lore/wiki/characters/fang-yuan.md
E:V6-429050	精确	6	429050	2273	21	88	lore/wiki/events/feng-mo-ku.md
E:V6-429152	精确	6	429152	2273	72	39	lore/wiki/characters/fang-yuan.md
E:V6-429224	精确	6	429224	2274	15	50	lore/wiki/events/feng-mo-ku.md
E:V6-429248	精确	6	429248	2274	27	56	lore/wiki/gu/blood-atk-3-03-gu.md
E:V6-429250	精确	6	429250	2274	28	50	lore/wiki/gu/blood-atk-3-03-gu.md
E:V6-429262	精确	6	429262	2274	34	16	lore/wiki/gu/blood-atk-3-03-gu.md
E:V6-429360	精确	6	429360	2274	83	37	lore/wiki/characters/star-constellation.md
E:V6-429514	精确	6	429514	2275	69	6	lore/wiki/events/feng-mo-ku.md
E:V6-429520	精确	6	429520	2275	72	34	lore/wiki/gu/roster-3.md
E:V6-429898	重复(无法唯一)	6	429898			8	lore/wiki/events/feng-mo-ku.md
E:V6-430054	精确	6	430054	2278	30	25	lore/wiki/gu/spring-autumn-cicada-gu.md
E:V6-430222	精确	6	430222	2279	7	25	lore/wiki/events/feng-mo-ku.md
E:V6-430316	精确	6	430316	2279	54	94	lore/wiki/world/heavenly-court.md
E:V6-430340	精确	6	430340	2279	66	49	lore/wiki/events/feng-mo-ku.md
E:V6-430450	精确	6	430450	2280	12	45	lore/wiki/characters/fang-yuan.md
E:V6-430452	精确	6	430452	2280	13	11	lore/wiki/gu/blood-atk-3-03-gu.md
E:V6-430454	精确	6	430454	2280	14	26	lore/wiki/gu/blood-atk-3-03-gu.md
E:V6-430456	精确	6	430456	2280	15	33	lore/wiki/gu/blood-atk-3-03-gu.md
E:V6-430476	精确	6	430476	2280	25	12	lore/wiki/gu/blood-atk-3-03-gu.md
E:V6-430478	精确	6	430478	2280	26	32	lore/wiki/gu/blood-atk-3-03-gu.md
E:V6-430480	精确	6	430480	2280	27	15	lore/wiki/gu/blood-atk-3-03-gu.md
E:V6-430482	精确	6	430482	2280	28	13	lore/wiki/gu/blood-atk-3-03-gu.md
E:V6-430544	精确	6	430544	2280	59	84	lore/wiki/characters/fang-yuan.md
E:V6-430618	精确	6	430618	2280	96	8	lore/wiki/characters/fang-yuan.md
E:V6-430656	精确	6	430656	2281	15	55	lore/wiki/characters/fang-yuan.md
E:V6-430710	精确	6	430710	2281	42	37	lore/wiki/themes/immortality.md
E:V6-430720	精确	6	430720	2281	47	40	lore/wiki/characters/fang-yuan.md
E:V6-430742	精确	6	430742	2281	58	20	lore/wiki/world/longevity-heaven.md
E:V6-430776	精确	6	430776	2281	75	45	lore/wiki/characters/fang-yuan.md
E:V6-430826	精确	6	430826	2281	100	59	lore/wiki/events/feng-mo-ku.md
E:V6-430830	精确	6	430830	2281	102	41	lore/wiki/world/heavenly-court.md
E:V6-430850	精确	6	430850	2282	5	57	lore/wiki/characters/star-constellation.md
E:V6-430906	精确	6	430906	2282	33	32	lore/wiki/events/feng-mo-ku.md
E:V6-431090	精确	6	431090	2283	15	44	lore/wiki/events/feng-mo-ku.md
E:V6-431390	精确	6	431390	2284	71	59	lore/wiki/events/feng-mo-ku.md
E:V6-431566	精确	6	431566	2285	16	29	lore/wiki/world/heavenly-court.md
E:V6-431656	精确	6	431656	2285	61	68	lore/wiki/characters/fang-yuan.md
E:V6-431758	精确	6	431758	2286	19	13	lore/wiki/events/feng-mo-ku.md
E:V6-431960	精确	6	431960	2287	9	8	lore/wiki/characters/fang-yuan.md
E:V6-432208	精确	6	432208	2288	1	24	lore/wiki/events/feng-mo-ku.md
E:V6-432210	精确	6	432210	2288	2	27	lore/research/novel-liuchuan-review.md
E:V6-432404	精确	6	432404	2288	99	22	lore/wiki/rules/killer-moves.md
E:V6-432480	精确	6	432480	2289	20	55	lore/wiki/events/feng-mo-ku.md
E:V6-432584	精确	6	432584	2289	72	37	lore/wiki/world/heavenly-court.md
E:V6-432700	精确	6	432700	2290	18	30	lore/wiki/events/feng-mo-ku.md
E:V6-432720	精确	6	432720	2290	28	41	lore/wiki/gu/roster.md
E:V6-432814	精确	6	432814	2290	75	26	lore/research/novel-liuchuan-review.md
E:V6-433058	精确	6	433058	2292	66	52	lore/wiki/events/feng-mo-ku.md
E:V6-433078	精确	6	433078	2292	76	53	lore/wiki/characters/fang-yuan.md
E:V6-433088	精确	6	433088	2292	81	43	lore/wiki/rules/venerables.md
E:V6-433172	精确	6	433172	2293	16	24	lore/wiki/events/feng-mo-ku.md
E:V6-433396	精确	6	433396	2294	16	44	lore/wiki/events/feng-mo-ku.md
E:V6-433552	精确	6	433552	2294	94	19	lore/wiki/characters/fang-yuan.md
E:V6-433576	精确	6	433576	2294	106	56	lore/wiki/world/shadow-sect.md
E:V6-433584	精确	6	433584	2294	110	34	lore/wiki/world/soul-path.md
E:V6-433592	精确	6	433592	2294	114	39	lore/wiki/world/soul-path.md
E:V6-433598	精确	6	433598	2294	117	46	lore/wiki/world/shadow-sect.md
E:V6-433622	精确	6	433622	2295	9	51	lore/wiki/events/feng-mo-ku.md
E:V6-433846	精确	6	433846	2296	5	17	lore/wiki/events/feng-mo-ku.md
E:V6-433934	精确	6	433934	2296	49	23	lore/wiki/rules/venerables.md
E:V6-433940	精确	6	433940	2296	52	14	lore/wiki/themes/immortality.md
E:V6-434078	精确	6	434078	2296	121	54	lore/wiki/events/feng-mo-ku.md
E:V6-434276	精确	6	434276	2297	93	24	lore/wiki/events/feng-mo-ku.md
E:V6-434486	精确	6	434486	2298	80	35	lore/wiki/events/feng-mo-ku.md
E:V6-434592	精确	6	434592	2299	22	15	lore/wiki/events/feng-mo-ku.md
E:V6-434748	精确	6	434748	2299	100	45	lore/wiki/world/heavenly-court.md
E:V6-434792	精确	6	434792	2300	11	51	lore/wiki/events/feng-mo-ku.md
E:V6-434830	精确	6	434830	2300	30	7	lore/wiki/world/shadow-sect.md
E:V6-434890	精确	6	434890	2300	60	33	lore/wiki/events/feng-mo-ku.md
E:V6-434912	精确	6	434912	2300	71	22	lore/wiki/events/feng-mo-ku.md
E:V6-435010	精确	6	435010	2301	5	28	lore/wiki/events/feng-mo-ku.md
E:V6-435142	精确	6	435142	2301	71	35	lore/wiki/events/feng-mo-ku.md
E:V6-435172	精确	6	435172	2301	86	50	lore/wiki/events/feng-mo-ku.md
E:V6-435398	精确	6	435398	2303	4	17	lore/wiki/events/feng-mo-ku.md
E:V6-435410	精确	6	435410	2303	10	15	lore/wiki/characters/star-constellation.md
E:V6-435496	精确	6	435496	2303	53	30	lore/wiki/world/longevity-heaven.md
E:V6-435500	精确	6	435500	2303	55	41	lore/wiki/world/longevity-heaven.md
E:V6-435578	精确	6	435578	2303	94	42	lore/wiki/events/feng-mo-ku.md
E:V6-435606	精确	6	435606	2304	8	38	lore/wiki/events/feng-mo-ku.md
E:V6-435684	精确	6	435684	2304	47	29	lore/wiki/gu/roster.md
E:V6-436126	精确	6	436126	2306	56	54	lore/wiki/events/feng-mo-ku.md
E:V6-436140	精确	6	436140	2306	63	67	lore/wiki/world/shadow-sect.md
E:V6-436154	精确	6	436154	2306	70	64	lore/wiki/rules/tribulation.md
E:V6-436240	精确	6	436240	2307	8	40	lore/wiki/events/feng-mo-ku.md
E:V6-436380	精确	6	436380	2307	78	19	lore/wiki/events/feng-mo-ku.md
E:V6-436488	精确	6	436488	2308	21	28	lore/wiki/characters/star-constellation.md
E:V6-436604	精确	6	436604	2308	79	62	lore/wiki/characters/fang-yuan.md
E:V6-436648	精确	6	436648	2309	3	38	lore/wiki/events/feng-mo-ku.md
E:V6-436712	精确	6	436712	2309	35	41	lore/wiki/characters/fang-yuan.md
E:V6-436832	精确	6	436832	2309	95	38	lore/wiki/characters/fang-yuan.md
E:V6-436834	精确	6	436834	2309	96	35	lore/research/novel-liuchuan-review.md
E:V6-436846	精确	6	436846	2309	102	42	lore/wiki/characters/fang-yuan.md